Ticket_ID,Ticket_Text,Category,Priority,Channel,Customer_Tier
TKT-10001,"Hello support team, Will our annual subscription automatically renew at the end of this billing cycle [Server Instance: US-East-854] Could you please verify this on your backend system?",Billing & Payments,Low,Email,SMB
TKT-10002,Support request: Critical PostgreSQL database connection pool exhausted all client requests failing with 500 [Environment: Production-132] Thanks for your assistance.,Technical Issues,High,Web Portal,Free Tier
TKT-10003,"Hi there, How do I update my profile avatar picture and display name on the portal [Account Ref: ACCT-127] We need resolution before our end-of-day sprint deadline.",Account Access,Low,Web Portal,Free Tier
TKT-10004,"Good morning, Does your enterprise SLA guarantee 99.99 percent uptime with financial penalty clauses",Product Inquiries,High,Web Portal,Enterprise
TKT-10005,"Good morning, Currency conversion charge unexpectedly added to our USD billing statement Awaiting your guidance on how to resolve this.",Billing & Payments,Medium,Web Portal,Enterprise
TKT-10006,Regarding our account: Organization admin locked out completely root credentials MFA authenticator lost urgent access required Our team has tried restarting but the issue persists.,Account Access,High,Web Portal,SMB
TKT-10007,"Hey team, How to update billing email recipient list for monthly summary digests [Workspace: WS-204] Our team has tried restarting but the issue persists.",Billing & Payments,Low,Web Portal,SMB
TKT-10008,Attention Support: Organization admin locked out completely root credentials MFA authenticator lost urgent access required Please look into this and advise on next steps as soon as possible.,Account Access,High,Email,Enterprise
TKT-10009,"Greetings, Is there an official public RSS feed for platform uptime and release changelogs Could you please verify this on your backend system?",Technical Issues,Low,In-App Chat,Free Tier
TKT-10010,"Hi, Bank merchant account blocked our checkout payments requesting emergency gateway switch Please look into this and advise on next steps as soon as possible.",Billing & Payments,High,Email,SMB
TKT-10011,"Hi there, PDF report generation outputting blank pages for charts with dark mode themes [Node: k8s-worker-733] Thanks for your assistance.",Technical Issues,Medium,Web Portal,Free Tier
TKT-10012,"Greetings, Search query indexing delayed by 40 minutes in elasticsearch cluster We need resolution before our end-of-day sprint deadline.",Technical Issues,Medium,Web Portal,SMB
TKT-10013,Support request: Organization admin locked out completely root credentials MFA authenticator lost urgent access required We need resolution before our end-of-day sprint deadline.,Account Access,High,In-App Chat,SMB
TKT-10014,What is your standard cancellation notice policy if we decide to pause next quarter We need resolution before our end-of-day sprint deadline.,Cancellation & Refunds,Low,Email,Free Tier
TKT-10015,"Hey team, SSL TLS certificate expired on production load balancer customers seeing security warning Awaiting your guidance on how to resolve this.",Technical Issues,High,Web Portal,SMB
TKT-10016,"Dear Customer Care, Need a formal proforma invoice before finance department can release wire payment Appreciate your prompt attention to this matter.",Billing & Payments,Medium,Email,SMB
TKT-10017,Issue report: Monthly invoice receipt not being sent to our accounts payable finance email address,Billing & Payments,Medium,Web Portal,Free Tier
TKT-10018,Support request: Browser tab favicon disappears when navigating between analytics workspaces Our team has tried restarting but the issue persists.,Technical Issues,Low,Email,Enterprise
TKT-10019,"Dear Customer Care, How to configure local development environment using Docker Compose file Awaiting your guidance on how to resolve this.",Technical Issues,Low,Email,SMB
TKT-10020,"Good morning, Does your enterprise SLA guarantee 99.99 percent uptime with financial penalty clauses [Client ID: #CLI-334]",Product Inquiries,High,Web Portal,Enterprise
TKT-10021,"Hello support team, Can we set up custom role-based access permissions for external contractor accounts Appreciate your prompt attention to this matter.",Product Inquiries,Medium,Web Portal,Enterprise
TKT-10022,"Good morning, Promotional discount code PROMO2024 was not applied during renewal checkout process Please escalate if necessary.",Billing & Payments,Medium,Email,SMB
TKT-10023,"Good morning, Customer requesting partial refund for 10 unused seat licenses from previous quarter",Cancellation & Refunds,Medium,Web Portal,SMB
TKT-10024,Help needed: Is there native integration support for Snowflake data warehouse and dbt models [Server Instance: US-East-862] Our team has tried restarting but the issue persists.,Product Inquiries,Medium,Email,SMB
TKT-10025,"Hi, Google Workspace OAuth login throws redirect uri mismatch error on new domain Could you please verify this on your backend system?",Account Access,Medium,Web Portal,Enterprise
TKT-10026,"Greetings, PDF report generation outputting blank pages for charts with dark mode themes Let us know if you need any additional diagnostic logs or screenshots.",Technical Issues,Medium,Web Portal,SMB
TKT-10027,"Hi, Please cancel our monthly recurring addon package before the next billing cycle renews [Client ID: #CLI-981] Awaiting your guidance on how to resolve this.",Cancellation & Refunds,Medium,Web Portal,SMB
TKT-10028,"Dear Customer Care, Critical PostgreSQL database connection pool exhausted all client requests failing with 500 [Node: k8s-worker-532]",Technical Issues,High,Web Portal,Enterprise
TKT-10029,"Hi there, Where is the account cancellation button located inside the workspace settings panel Let us know if you need any additional diagnostic logs or screenshots.",Cancellation & Refunds,Low,Email,Free Tier
TKT-10030,"Hi, What is the maximum hard API rate limit per second before enterprise contract deployment tonight Could you please verify this on your backend system?",Product Inquiries,High,In-App Chat,SMB
TKT-10031,"Hello support team, Does your platform have a public status page to monitor system uptime history",Product Inquiries,Low,Web Portal,Enterprise
TKT-10032,Regarding our account: Third party Zapier integration trigger not firing on new lead creation Could you please verify this on your backend system?,Technical Issues,Medium,Email,Free Tier
TKT-10033,"Hi there, Search query indexing delayed by 40 minutes in elasticsearch cluster Could you please verify this on your backend system?",Technical Issues,Medium,Web Portal,Enterprise
TKT-10034,"Hello support team, GraphQL mutation returns intermittent schema validation error on batch updates Could you please verify this on your backend system?",Technical Issues,Medium,In-App Chat,SMB
TKT-10035,"Hi, Requesting formal price quote for adding 8 additional team seats next quarter Please look into this and advise on next steps as soon as possible.",Billing & Payments,Low,Web Portal,Free Tier
TKT-10036,Customer requesting partial refund for 10 unused seat licenses from previous quarter,Cancellation & Refunds,Medium,Web Portal,SMB
TKT-10037,"Dear Customer Care, Fraudulent transactions detected on company card linked to this organization account Appreciate your prompt attention to this matter.",Billing & Payments,High,Email,SMB
TKT-10038,Regarding our account: Third party Zapier integration trigger not firing on new lead creation Thanks for your assistance.,Technical Issues,Medium,In-App Chat,Enterprise
TKT-10039,Urgent assistance requested: API response payload missing custom header metadata in staging environment [Workspace: WS-999] Awaiting your guidance on how to resolve this.,Technical Issues,Medium,In-App Chat,Enterprise
TKT-10040,Regarding our account: Is it possible to customize the login screen with our corporate company logo [Server Instance: US-East-999] Could you please verify this on your backend system?,Account Access,Low,Web Portal,SMB
TKT-10041,"Hi there, Promotional discount code PROMO2024 was not applied during renewal checkout process Awaiting your guidance on how to resolve this.",Billing & Payments,Medium,Email,SMB
TKT-10042,Regarding our account: Can we customize the default font size in the rich text markdown editor [Environment: Production-662] Our team has tried restarting but the issue persists.,Technical Issues,Low,Web Portal,Enterprise
TKT-10043,"Hey team, WebSocket connection randomly disconnects every 15 minutes on Firefox browser Thanks for your assistance.",Technical Issues,Medium,Email,Enterprise
TKT-10044,"Good morning, Unauthorized upgrade charge applied to billing statement without admin approval Thanks for your assistance.",Billing & Payments,High,Email,Enterprise
TKT-10045,"Good morning, Session timeout is too aggressive disconnecting users after only 5 minutes of inactivity Could you please verify this on your backend system?",Account Access,Medium,In-App Chat,Enterprise
TKT-10046,Help needed: Stripe subscription failed automatic renewal due to 3D Secure verification loop Thanks for your assistance.,Billing & Payments,High,In-App Chat,Free Tier
TKT-10047,"Good morning, Integration with Jira webhook failing with 401 unauthorized after token rotation [Account Ref: ACCT-667] Please look into this and advise on next steps as soon as possible.",Technical Issues,Medium,Email,SMB
TKT-10048,"Greetings, Cannot update primary email address in profile settings page throws permission denied error [Node: k8s-worker-746] We need resolution before our end-of-day sprint deadline.",Account Access,Medium,Web Portal,Free Tier
TKT-10049,"Good morning, We are downsizing our team and wish to downgrade from Enterprise to Starter plan next month Please look into this and advise on next steps as soon as possible.",Cancellation & Refunds,Medium,Web Portal,SMB
TKT-10050,Urgent assistance requested: Does your platform have a public status page to monitor system uptime history Please look into this and advise on next steps as soon as possible.,Product Inquiries,Low,In-App Chat,SMB
TKT-10051,Support request: Enterprise SAML SSO integration broken all company employees unable to sign in [Server Instance: US-East-840] Awaiting your guidance on how to resolve this.,Account Access,High,Web Portal,Free Tier
TKT-10052,"Greetings, Two factor authentication SMS codes not arriving and recovery emergency codes failing [Environment: Production-926] Awaiting your guidance on how to resolve this.",Account Access,High,Web Portal,SMB
TKT-10053,"Good morning, SSL TLS certificate expired on production load balancer customers seeing security warning [Environment: Production-462] Please look into this and advise on next steps as soon as possible.",Technical Issues,High,Email,SMB
TKT-10054,Attention Support: Primary administrator deleted by mistake restore account privileges and access immediately Awaiting your guidance on how to resolve this.,Account Access,High,Email,Enterprise
TKT-10055,Support request: Where can I download past PDF invoices from the billing management console,Billing & Payments,Low,Email,Free Tier
TKT-10056,"Hello support team, Password reset email link never arrives in user inbox or spam junk folder Let us know if you need any additional diagnostic logs or screenshots.",Account Access,Medium,Web Portal,SMB
TKT-10057,"Good morning, CSV data export times out when file contains more than 10000 rows [Environment: Production-243] We need resolution before our end-of-day sprint deadline.",Technical Issues,Medium,In-App Chat,SMB
TKT-10058,"Dear Customer Care, How do we export all our workspace data and audit logs before terminating our company account Could you please verify this on your backend system?",Cancellation & Refunds,Medium,Email,SMB
TKT-10059,"Hi there, User cannot switch between multiple linked organization accounts from dropdown menu Awaiting your guidance on how to resolve this.",Account Access,Medium,Web Portal,SMB
TKT-10060,"Hello support team, Payment gateway timeout during checkout funds deducted from bank but subscription marked unpaid",Billing & Payments,High,Email,Enterprise
TKT-10061,"Hi there, What is your standard cancellation notice policy if we decide to pause next quarter [Environment: Production-592] We need resolution before our end-of-day sprint deadline.",Cancellation & Refunds,Low,In-App Chat,SMB
TKT-10062,How to configure local development environment using Docker Compose file Let us know if you need any additional diagnostic logs or screenshots.,Technical Issues,Low,Web Portal,Free Tier
TKT-10063,Attention Support: How many days before the renewal date do we need to submit a formal cancellation request This is directly impacting our daily business operations.,Cancellation & Refunds,Low,Web Portal,SMB
TKT-10064,Regarding our account: Can we configure custom HTTP authorization headers on outgoing webhook payloads [Node: k8s-worker-848] Awaiting your guidance on how to resolve this.,Product Inquiries,Medium,Web Portal,SMB
TKT-10065,Support request: Please confirm that auto-renewal is disabled for our upcoming annual contract renewal [Workspace: WS-322] Awaiting your guidance on how to resolve this.,Cancellation & Refunds,Medium,Email,Enterprise
TKT-10066,"Greetings, How do I update my profile avatar picture and display name on the portal [Workspace: WS-158] Thanks for your assistance.",Account Access,Low,Web Portal,SMB
TKT-10067,"Greetings, Is there a free trial period available for testing the advanced analytics add-on module Awaiting your guidance on how to resolve this.",Product Inquiries,Low,Email,SMB
TKT-10068,"Hello support team, Requesting detailed itemized breakdown for usage-based API bandwidth overages last month [Server Instance: US-East-170] Thanks for your assistance.",Billing & Payments,Medium,Email,Free Tier
TKT-10069,"Hi there, Where can I access the OpenAPI Swagger documentation and Postman collections",Product Inquiries,Low,Email,SMB
TKT-10070,"Hi there, What native database connectors are supported for the real-time analytics pipeline [Account Ref: ACCT-140] Please escalate if necessary.",Product Inquiries,Medium,Email,SMB
TKT-10071,"Hi there, Please confirm that auto-renewal is disabled for our upcoming annual contract renewal Let us know if you need any additional diagnostic logs or screenshots.",Cancellation & Refunds,Medium,Web Portal,Enterprise
TKT-10072,"Hi, Two factor authentication SMS codes not arriving and recovery emergency codes failing Appreciate your prompt attention to this matter.",Account Access,High,Web Portal,SMB
TKT-10073,Support request: How to change default payment method from corporate Amex to ACH direct debit [Environment: Production-234] Appreciate your prompt attention to this matter.,Billing & Payments,Medium,Web Portal,Enterprise
TKT-10074,Support request: Is there native integration support for Snowflake data warehouse and dbt models Could you please verify this on your backend system?,Product Inquiries,Medium,Web Portal,SMB
TKT-10075,"Hello support team, Need immediate confirmation if enterprise tier complies with HIPAA SOC2 and GDPR requirements for contract signing Awaiting your guidance on how to resolve this.",Product Inquiries,High,Email,Enterprise
TKT-10076,"Hi there, API response payload missing custom header metadata in staging environment Please look into this and advise on next steps as soon as possible.",Technical Issues,Medium,Email,SMB
TKT-10077,"Hey team, Where can I access the OpenAPI Swagger documentation and Postman collections Our team has tried restarting but the issue persists.",Product Inquiries,Low,Email,SMB
TKT-10078,"Good morning, What are the architectural differences between Business and Enterprise subscription plans [Environment: Production-953] Appreciate your prompt attention to this matter.",Product Inquiries,Medium,Web Portal,Enterprise
TKT-10079,Issue report: Can we customize the default font size in the rich text markdown editor Could you please verify this on your backend system?,Technical Issues,Low,Email,SMB
TKT-10080,Support request: Corporate credit card charged twice for annual enterprise plan total 4800 dollars reverse charge immediately [Node: k8s-worker-206] Thanks for your assistance.,Billing & Payments,High,Web Portal,Enterprise
TKT-10081,"Hey team, Can one user account belong to multiple independent organizational workspaces Please look into this and advise on next steps as soon as possible.",Account Access,Low,Email,Enterprise
TKT-10082,"Hi, What happens to our stored data and uploaded files after account closure [Account Ref: ACCT-315] Our team has tried restarting but the issue persists.",Cancellation & Refunds,Low,Email,SMB
TKT-10083,"Good morning, Need a formal proforma invoice before finance department can release wire payment",Billing & Payments,Medium,Web Portal,SMB
TKT-10084,"Hi, Security incident: multiple unauthorized API requests detected bypassing rate limiter [Client ID: #CLI-194] Awaiting your guidance on how to resolve this.",Technical Issues,High,Web Portal,Enterprise
TKT-10085,Attention Support: Are there community webinars or office hours available for new platform users [Workspace: WS-889] Could you please verify this on your backend system?,Product Inquiries,Low,Web Portal,Enterprise
TKT-10086,Support request: Requesting detailed itemized breakdown for usage-based API bandwidth overages last month [Environment: Production-664] Could you please verify this on your backend system?,Billing & Payments,Medium,Web Portal,SMB
TKT-10087,"Hi, Currency conversion charge unexpectedly added to our USD billing statement [Node: k8s-worker-252] This is directly impacting our daily business operations.",Billing & Payments,Medium,Email,Enterprise
TKT-10088,Need to update company billing address and official legal entity name on future receipts Appreciate your prompt attention to this matter.,Billing & Payments,Medium,Email,Free Tier
TKT-10089,Attention Support: Suspected account breach: unauthorized password reset email and unknown IP login detected [Workspace: WS-915] Our team has tried restarting but the issue persists.,Account Access,High,Web Portal,SMB
TKT-10090,Urgent assistance requested: Dashboard analytics graphs taking over 25 seconds to render on web portal We need resolution before our end-of-day sprint deadline.,Technical Issues,Medium,In-App Chat,SMB
TKT-10091,Urgent assistance requested: Promotional discount code PROMO2024 was not applied during renewal checkout process Thanks for your assistance.,Billing & Payments,Medium,Web Portal,SMB
TKT-10092,"Greetings, How do we export all our workspace data and audit logs before terminating our company account Our team has tried restarting but the issue persists.",Cancellation & Refunds,Medium,In-App Chat,Free Tier
TKT-10093,Severe memory leak in backend microservice causing Redis node failovers Our team has tried restarting but the issue persists.,Technical Issues,High,Web Portal,Enterprise
TKT-10094,Attention Support: WebSocket connection randomly disconnects every 15 minutes on Firefox browser [Workspace: WS-901] This is directly impacting our daily business operations.,Technical Issues,Medium,Web Portal,SMB
TKT-10095,Regarding our account: What is the maximum hard API rate limit per second before enterprise contract deployment tonight,Product Inquiries,High,Email,Enterprise
TKT-10096,"Hey team, Integration with Jira webhook failing with 401 unauthorized after token rotation Our team has tried restarting but the issue persists.",Technical Issues,Medium,Email,Free Tier
TKT-10097,Attention Support: Is there a free trial period available for testing the advanced analytics add-on module This is directly impacting our daily business operations.,Product Inquiries,Low,Web Portal,Enterprise
TKT-10098,"Good morning, Where can I find video walkthrough tutorials for onboarding new engineering staff [Server Instance: US-East-328] Awaiting your guidance on how to resolve this.",Product Inquiries,Low,In-App Chat,SMB
TKT-10099,Support request: Where can I download past PDF invoices from the billing management console We need resolution before our end-of-day sprint deadline.,Billing & Payments,Low,Web Portal,Free Tier
TKT-10100,Can we configure custom HTTP authorization headers on outgoing webhook payloads Please look into this and advise on next steps as soon as possible.,Product Inquiries,Medium,Email,SMB
TKT-10101,Urgent assistance requested: Spelling typo noticed in confirmation tooltip under advanced security settings,Technical Issues,Low,Email,Free Tier
TKT-10102,"Hello support team, How to update billing email recipient list for monthly summary digests Please look into this and advise on next steps as soon as possible.",Billing & Payments,Low,Web Portal,Enterprise
TKT-10103,"Dear Customer Care, Subscription auto-renewed without mandatory 30-day notice demanding immediate full refund and cancellation Please escalate if necessary.",Cancellation & Refunds,High,Web Portal,Free Tier
TKT-10104,"Hello support team, Customer requesting partial refund for 10 unused seat licenses from previous quarter Please look into this and advise on next steps as soon as possible.",Cancellation & Refunds,Medium,Email,SMB
TKT-10105,Issue report: Need a formal proforma invoice before finance department can release wire payment Appreciate your prompt attention to this matter.,Billing & Payments,Medium,Email,SMB
TKT-10106,"Hi there, Where can I access the OpenAPI Swagger documentation and Postman collections Let us know if you need any additional diagnostic logs or screenshots.",Product Inquiries,Low,Web Portal,SMB
TKT-10107,"Hey team, Integration with Jira webhook failing with 401 unauthorized after token rotation This is directly impacting our daily business operations.",Technical Issues,Medium,Web Portal,Free Tier
TKT-10108,"Hi, Corporate credit card charged twice for annual enterprise plan total 4800 dollars reverse charge immediately Thanks for your assistance.",Billing & Payments,High,Web Portal,SMB
TKT-10109,Issue report: Okta single sign-on redirect loop preventing executive team from accessing platform [Environment: Production-171],Account Access,High,Web Portal,SMB
TKT-10110,"Greetings, Is there an official public RSS feed for platform uptime and release changelogs Appreciate your prompt attention to this matter.",Technical Issues,Low,Email,Enterprise
TKT-10111,Issue report: Documentation link in developer portal version 2.4 points to outdated 404 page Could you please verify this on your backend system?,Technical Issues,Low,Web Portal,SMB
TKT-10112,Attention Support: Are there community webinars or office hours available for new platform users Appreciate your prompt attention to this matter.,Product Inquiries,Low,In-App Chat,SMB
TKT-10113,"Hi, Critical: tax invoice missing mandatory VAT GST identification number audit deadline today [Node: k8s-worker-488] Our team has tried restarting but the issue persists.",Billing & Payments,High,Email,SMB
TKT-10114,"Greetings, Requesting formal price quote for adding 8 additional team seats next quarter [Account Ref: ACCT-953] Please escalate if necessary.",Billing & Payments,Low,Web Portal,SMB
TKT-10115,"Hey team, Dashboard analytics graphs taking over 25 seconds to render on web portal [Account Ref: ACCT-721] Could you please verify this on your backend system?",Technical Issues,Medium,Web Portal,Enterprise
TKT-10116,Help needed: Search query indexing delayed by 40 minutes in elasticsearch cluster Awaiting your guidance on how to resolve this.,Technical Issues,Medium,Email,SMB
TKT-10117,"Hi, Please cancel our monthly recurring addon package before the next billing cycle renews Awaiting your guidance on how to resolve this.",Cancellation & Refunds,Medium,Web Portal,Free Tier
TKT-10118,Support request: Feature request: support custom hex color codes in dashboard theme settings [Node: k8s-worker-748] Please look into this and advise on next steps as soon as possible.,Technical Issues,Low,Web Portal,Free Tier
TKT-10119,Urgent assistance requested: Browser tab favicon disappears when navigating between analytics workspaces Please look into this and advise on next steps as soon as possible.,Technical Issues,Low,Email,Free Tier
TKT-10120,Support request: Integration with Jira webhook failing with 401 unauthorized after token rotation [Server Instance: US-East-250] Could you please verify this on your backend system?,Technical Issues,Medium,In-App Chat,SMB
TKT-10121,"Hello support team, Password reset email link never arrives in user inbox or spam junk folder We need resolution before our end-of-day sprint deadline.",Account Access,Medium,Web Portal,SMB
TKT-10122,Requesting step by step instructions for configuring Microsoft Authenticator app Please look into this and advise on next steps as soon as possible.,Account Access,Low,Web Portal,Enterprise
TKT-10123,"Greetings, What happens to our stored data and uploaded files after account closure We need resolution before our end-of-day sprint deadline.",Cancellation & Refunds,Low,Web Portal,SMB
TKT-10124,Help needed: SSL TLS certificate expired on production load balancer customers seeing security warning [Node: k8s-worker-804] Let us know if you need any additional diagnostic logs or screenshots.,Technical Issues,High,Web Portal,SMB
TKT-10125,Regarding our account: Organization admin locked out completely root credentials MFA authenticator lost urgent access required Please look into this and advise on next steps as soon as possible.,Account Access,High,In-App Chat,Free Tier
TKT-10126,"Dear Customer Care, Cannot update primary email address in profile settings page throws permission denied error Thanks for your assistance.",Account Access,Medium,Web Portal,Free Tier
TKT-10127,"Good morning, Two factor authentication SMS codes not arriving and recovery emergency codes failing Please look into this and advise on next steps as soon as possible.",Account Access,High,In-App Chat,Free Tier
TKT-10128,Support request: Can we pause our account for two months during our seasonal business hiatus Thanks for your assistance.,Cancellation & Refunds,Low,Email,SMB
TKT-10129,Urgent assistance requested: Where is the account cancellation button located inside the workspace settings panel Awaiting your guidance on how to resolve this.,Cancellation & Refunds,Low,Web Portal,Enterprise
TKT-10130,What is the billing cycle date for recurring monthly addon licenses Thanks for your assistance.,Billing & Payments,Low,In-App Chat,Enterprise
TKT-10131,Issue report: Cannot update primary email address in profile settings page throws permission denied error Awaiting your guidance on how to resolve this.,Account Access,Medium,In-App Chat,Free Tier
TKT-10132,"Good morning, Can we set up custom role-based access permissions for external contractor accounts [Account Ref: ACCT-596]",Product Inquiries,Medium,Web Portal,Enterprise
TKT-10133,"Hey team, How to configure local development environment using Docker Compose file [Workspace: WS-340] Awaiting your guidance on how to resolve this.",Technical Issues,Low,Email,Free Tier
TKT-10134,Urgent assistance requested: Customer requesting partial refund for 10 unused seat licenses from previous quarter Appreciate your prompt attention to this matter.,Cancellation & Refunds,Medium,Email,Free Tier
TKT-10135,"Dear Customer Care, What are the architectural differences between Business and Enterprise subscription plans [Node: k8s-worker-256] Our team has tried restarting but the issue persists.",Product Inquiries,Medium,Web Portal,Enterprise
TKT-10136,"Good morning, We wish to switch from annual prepayment to monthly billing cycle at the end of term Please look into this and advise on next steps as soon as possible.",Cancellation & Refunds,Medium,Web Portal,SMB
TKT-10137,"Hi, Need to revoke workspace access for former employee and reassign ownership of dashboards Awaiting your guidance on how to resolve this.",Account Access,Medium,Web Portal,SMB
TKT-10138,Can one user account belong to multiple independent organizational workspaces Let us know if you need any additional diagnostic logs or screenshots.,Account Access,Low,Email,Free Tier
TKT-10139,"Greetings, User cannot switch between multiple linked organization accounts from dropdown menu This is directly impacting our daily business operations.",Account Access,Medium,In-App Chat,SMB
TKT-10140,Attention Support: Webhook delivery engine completely stalled queue depth exceeding 500000 events [Workspace: WS-405] Awaiting your guidance on how to resolve this.,Technical Issues,High,Email,SMB
TKT-10141,Primary administrator deleted by mistake restore account privileges and access immediately Let us know if you need any additional diagnostic logs or screenshots.,Account Access,High,Web Portal,Enterprise
TKT-10142,Help needed: How to change default payment method from corporate Amex to ACH direct debit [Environment: Production-129] We need resolution before our end-of-day sprint deadline.,Billing & Payments,Medium,Web Portal,SMB
TKT-10143,Urgent assistance requested: How do we export all our workspace data and audit logs before terminating our company account,Cancellation & Refunds,Medium,Email,SMB
TKT-10144,Issue report: Currency conversion charge unexpectedly added to our USD billing statement Our team has tried restarting but the issue persists.,Billing & Payments,Medium,In-App Chat,Free Tier
TKT-10145,"Greetings, Feature request: support custom hex color codes in dashboard theme settings [Environment: Production-706] Thanks for your assistance.",Technical Issues,Low,Web Portal,Enterprise
TKT-10146,"Hi there, Where can I download past PDF invoices from the billing management console",Billing & Payments,Low,Web Portal,SMB
TKT-10147,Help needed: User cannot switch between multiple linked organization accounts from dropdown menu [Environment: Production-435] Our team has tried restarting but the issue persists.,Account Access,Medium,Web Portal,Enterprise
TKT-10148,Help needed: Severe memory leak in backend microservice causing Redis node failovers [Environment: Production-384] Appreciate your prompt attention to this matter.,Technical Issues,High,Web Portal,SMB
TKT-10149,"Hey team, PDF report generation outputting blank pages for charts with dark mode themes Please look into this and advise on next steps as soon as possible.",Technical Issues,Medium,In-App Chat,SMB
TKT-10150,"Hi, Okta single sign-on redirect loop preventing executive team from accessing platform This is directly impacting our daily business operations.",Account Access,High,Web Portal,Enterprise
TKT-10151,"Good morning, Search query indexing delayed by 40 minutes in elasticsearch cluster [Node: k8s-worker-141]",Technical Issues,Medium,Web Portal,Enterprise
TKT-10152,"Good morning, Dashboard analytics graphs taking over 25 seconds to render on web portal We need resolution before our end-of-day sprint deadline.",Technical Issues,Medium,Web Portal,SMB
TKT-10153,"Good morning, Requesting detailed itemized breakdown for usage-based API bandwidth overages last month Our team has tried restarting but the issue persists.",Billing & Payments,Medium,Web Portal,SMB
TKT-10154,"Greetings, Organization admin locked out completely root credentials MFA authenticator lost urgent access required We need resolution before our end-of-day sprint deadline.",Account Access,High,In-App Chat,Free Tier
TKT-10155,Regarding our account: Mobile application crashes when toggling push notifications in user settings [Account Ref: ACCT-865] Appreciate your prompt attention to this matter.,Technical Issues,Medium,Email,SMB
TKT-10156,Regarding our account: Critical PostgreSQL database connection pool exhausted all client requests failing with 500 Our team has tried restarting but the issue persists.,Technical Issues,High,Web Portal,SMB
TKT-10157,"Greetings, Password reset email link never arrives in user inbox or spam junk folder This is directly impacting our daily business operations.",Account Access,Medium,Web Portal,SMB
TKT-10158,Support request: API response payload missing custom header metadata in staging environment Let us know if you need any additional diagnostic logs or screenshots.,Technical Issues,Medium,Email,Free Tier
TKT-10159,"Hi there, How to change default payment method from corporate Amex to ACH direct debit Please escalate if necessary.",Billing & Payments,Medium,Web Portal,SMB
TKT-10160,"Good morning, Session timeout is too aggressive disconnecting users after only 5 minutes of inactivity Please look into this and advise on next steps as soon as possible.",Account Access,Medium,Web Portal,SMB
TKT-10161,Mobile application crashes when toggling push notifications in user settings,Technical Issues,Medium,Web Portal,SMB
TKT-10162,Regarding our account: Documentation link in developer portal version 2.4 points to outdated 404 page Please escalate if necessary.,Technical Issues,Low,Email,SMB
TKT-10163,"Hi, Can we configure custom HTTP authorization headers on outgoing webhook payloads Let us know if you need any additional diagnostic logs or screenshots.",Product Inquiries,Medium,Web Portal,SMB
TKT-10164,"Hi, How do I update my profile avatar picture and display name on the portal [Environment: Production-942]",Account Access,Low,Web Portal,Enterprise
TKT-10165,"Hi there, Requesting payment receipt for the previous quarterly subscription cycle Let us know if you need any additional diagnostic logs or screenshots.",Billing & Payments,Medium,Email,SMB
TKT-10166,Issue report: Inquiry regarding non-profit and educational discount pricing eligibility Our team has tried restarting but the issue persists.,Billing & Payments,Low,Email,Enterprise
TKT-10167,Support request: Critical zero-day vulnerability patch required immediately on customer ingress controller Could you please verify this on your backend system?,Technical Issues,High,Web Portal,Enterprise
TKT-10168,Regarding our account: Third party Zapier integration trigger not firing on new lead creation Awaiting your guidance on how to resolve this.,Technical Issues,Medium,Web Portal,Free Tier
TKT-10169,"Hey team, API response payload missing custom header metadata in staging environment Appreciate your prompt attention to this matter.",Technical Issues,Medium,Web Portal,Free Tier
TKT-10170,"Hey team, CSV data export times out when file contains more than 10000 rows [Environment: Production-683] Awaiting your guidance on how to resolve this.",Technical Issues,Medium,In-App Chat,Free Tier
TKT-10171,Support request: How many concurrent API requests are permitted on the standard developer tier plan [Environment: Production-971] Let us know if you need any additional diagnostic logs or screenshots.,Product Inquiries,Medium,Web Portal,SMB
TKT-10172,"Dear Customer Care, Customer requesting partial refund for 10 unused seat licenses from previous quarter [Workspace: WS-448] Awaiting your guidance on how to resolve this.",Cancellation & Refunds,Medium,Email,Enterprise
TKT-10173,"Greetings, Data residency question: can our customer database be hosted exclusively in Frankfurt EU region Could you please verify this on your backend system?",Product Inquiries,High,Web Portal,SMB
TKT-10174,"Hi there, How to change default payment method from corporate Amex to ACH direct debit We need resolution before our end-of-day sprint deadline.",Billing & Payments,Medium,Web Portal,SMB
TKT-10175,"Hi, Requesting payment receipt for the previous quarterly subscription cycle We need resolution before our end-of-day sprint deadline.",Billing & Payments,Medium,Web Portal,SMB
TKT-10176,Issue report: Okta single sign-on redirect loop preventing executive team from accessing platform Awaiting your guidance on how to resolve this.,Account Access,High,Web Portal,Enterprise
TKT-10177,"Hi there, Minor CSS alignment glitch on navigation bar when screen width is below 1200px [Node: k8s-worker-349] Could you please verify this on your backend system?",Technical Issues,Low,Web Portal,Free Tier
TKT-10178,Support request: Mobile application crashes when toggling push notifications in user settings Please escalate if necessary.,Technical Issues,Medium,Email,SMB
TKT-10179,Attention Support: Need a formal proforma invoice before finance department can release wire payment [Node: k8s-worker-564] Thanks for your assistance.,Billing & Payments,Medium,Web Portal,Free Tier
TKT-10180,"Hey team, Do you have a public product roadmap for upcoming Q4 feature releases [Node: k8s-worker-297] Could you please verify this on your backend system?",Product Inquiries,Low,Web Portal,SMB
TKT-10181,"Hi there, Subscription auto-renewed without mandatory 30-day notice demanding immediate full refund and cancellation Thanks for your assistance.",Cancellation & Refunds,High,Web Portal,SMB
TKT-10182,"Dear Customer Care, How to generate new personal API access tokens from profile settings tab [Environment: Production-383] We need resolution before our end-of-day sprint deadline.",Account Access,Low,Web Portal,SMB
TKT-10183,Regarding our account: Webhook delivery engine completely stalled queue depth exceeding 500000 events Thanks for your assistance.,Technical Issues,High,Web Portal,Free Tier
TKT-10184,Password reset email link never arrives in user inbox or spam junk folder [Workspace: WS-283] We need resolution before our end-of-day sprint deadline.,Account Access,Medium,Web Portal,Free Tier
TKT-10185,"Hello support team, Can our enterprise pay via annual purchase order and bank check instead of credit card [Client ID: #CLI-155] Thanks for your assistance.",Billing & Payments,Low,Web Portal,SMB
TKT-10186,Issue report: Monthly invoice receipt not being sent to our accounts payable finance email address Our team has tried restarting but the issue persists.,Billing & Payments,Medium,Email,SMB
TKT-10187,"Hi there, Where can I find sample Postman collections for testing v3 webhook endpoints This is directly impacting our daily business operations.",Technical Issues,Low,Web Portal,SMB
TKT-10188,Help needed: How do we export all our workspace data and audit logs before terminating our company account [Client ID: #CLI-358] Awaiting your guidance on how to resolve this.,Cancellation & Refunds,Medium,Web Portal,Free Tier
TKT-10189,Help needed: User cannot switch between multiple linked organization accounts from dropdown menu Please look into this and advise on next steps as soon as possible.,Account Access,Medium,Web Portal,SMB
TKT-10190,Help needed: Invited team member receives invalid invitation token error when clicking registration link Please look into this and advise on next steps as soon as possible.,Account Access,Medium,In-App Chat,SMB
TKT-10191,"Dear Customer Care, Dashboard analytics graphs taking over 25 seconds to render on web portal Our team has tried restarting but the issue persists.",Technical Issues,Medium,Web Portal,SMB
TKT-10192,"Hi there, Mobile application crashes when toggling push notifications in user settings [Environment: Production-720] We need resolution before our end-of-day sprint deadline.",Technical Issues,Medium,Email,Free Tier
TKT-10193,Regarding our account: Which international currencies and payment cards does your platform support Thanks for your assistance.,Billing & Payments,Low,Web Portal,Free Tier
TKT-10194,"Hey team, GraphQL mutation returns intermittent schema validation error on batch updates Please escalate if necessary.",Technical Issues,Medium,Email,Enterprise
TKT-10195,"Greetings, Spelling typo noticed in confirmation tooltip under advanced security settings [Node: k8s-worker-201] Please escalate if necessary.",Technical Issues,Low,Email,SMB
TKT-10196,"Good morning, User cannot switch between multiple linked organization accounts from dropdown menu [Node: k8s-worker-183]",Account Access,Medium,Web Portal,SMB
TKT-10197,"Good morning, Feature request: support custom hex color codes in dashboard theme settings Our team has tried restarting but the issue persists.",Technical Issues,Low,Email,SMB
TKT-10198,"Hello support team, Requesting formal price quote for adding 8 additional team seats next quarter Let us know if you need any additional diagnostic logs or screenshots.",Billing & Payments,Low,Web Portal,SMB
TKT-10199,"Hey team, Requesting payment receipt for the previous quarterly subscription cycle [Node: k8s-worker-389] This is directly impacting our daily business operations.",Billing & Payments,Medium,Web Portal,Free Tier
TKT-10200,We wish to switch from annual prepayment to monthly billing cycle at the end of term [Server Instance: US-East-370] Awaiting your guidance on how to resolve this.,Cancellation & Refunds,Medium,Email,Free Tier
TKT-10201,"Greetings, Okta single sign-on redirect loop preventing executive team from accessing platform",Account Access,High,Email,SMB
TKT-10202,Attention Support: Which international currencies and payment cards does your platform support Please look into this and advise on next steps as soon as possible.,Billing & Payments,Low,In-App Chat,Free Tier
TKT-10203,"Hey team, Account erroneously suspended for non-payment despite valid wire transfer confirmation number [Server Instance: US-East-911] Our team has tried restarting but the issue persists.",Billing & Payments,High,In-App Chat,Free Tier
TKT-10204,"Greetings, Spelling typo noticed in confirmation tooltip under advanced security settings Please escalate if necessary.",Technical Issues,Low,In-App Chat,SMB
TKT-10205,"Hi there, Invited team member receives invalid invitation token error when clicking registration link Awaiting your guidance on how to resolve this.",Account Access,Medium,Web Portal,SMB
TKT-10206,"Hey team, What is the maximum hard API rate limit per second before enterprise contract deployment tonight Thanks for your assistance.",Product Inquiries,High,Web Portal,SMB
TKT-10207,"Hi there, How to change email notification preferences for weekly activity digests [Environment: Production-852] Please escalate if necessary.",Account Access,Low,Web Portal,SMB
TKT-10208,"Greetings, Can we configure custom HTTP authorization headers on outgoing webhook payloads [Server Instance: US-East-790] Could you please verify this on your backend system?",Product Inquiries,Medium,Web Portal,SMB
TKT-10209,"Greetings, Webhook delivery engine completely stalled queue depth exceeding 500000 events This is directly impacting our daily business operations.",Technical Issues,High,Web Portal,SMB
TKT-10210,We wish to switch from annual prepayment to monthly billing cycle at the end of term Could you please verify this on your backend system?,Cancellation & Refunds,Medium,Email,SMB
TKT-10211,Help needed: WebSocket connection randomly disconnects every 15 minutes on Firefox browser Thanks for your assistance.,Technical Issues,Medium,Web Portal,Free Tier
TKT-10212,"Dear Customer Care, Mobile application crashes when toggling push notifications in user settings Please escalate if necessary.",Technical Issues,Medium,Web Portal,Free Tier
TKT-10213,"Hi there, Requesting payment receipt for the previous quarterly subscription cycle [Workspace: WS-428] Awaiting your guidance on how to resolve this.",Billing & Payments,Medium,Web Portal,SMB
TKT-10214,Documentation link in developer portal version 2.4 points to outdated 404 page [Node: k8s-worker-607] Our team has tried restarting but the issue persists.,Technical Issues,Low,Web Portal,Enterprise
TKT-10215,Support request: Mobile application crashes when toggling push notifications in user settings Let us know if you need any additional diagnostic logs or screenshots.,Technical Issues,Medium,Email,Enterprise
TKT-10216,"Hello support team, How many concurrent API requests are permitted on the standard developer tier plan [Workspace: WS-431] Awaiting your guidance on how to resolve this.",Product Inquiries,Medium,Email,SMB
TKT-10217,Regarding our account: Promotional discount code PROMO2024 was not applied during renewal checkout process Let us know if you need any additional diagnostic logs or screenshots.,Billing & Payments,Medium,Web Portal,Enterprise
TKT-10218,Attention Support: Requesting payment receipt for the previous quarterly subscription cycle [Workspace: WS-737] This is directly impacting our daily business operations.,Billing & Payments,Medium,Email,SMB
TKT-10219,Support request: Automated cron job failed to execute database backup backup disk volume full Awaiting your guidance on how to resolve this.,Technical Issues,High,Email,SMB
TKT-10220,"Hey team, Severe memory leak in backend microservice causing Redis node failovers [Workspace: WS-548] Thanks for your assistance.",Technical Issues,High,Web Portal,SMB
TKT-10221,"Hi there, Automated cron job failed to execute database backup backup disk volume full This is directly impacting our daily business operations.",Technical Issues,High,Email,Enterprise
TKT-10222,Regarding our account: Two factor authentication SMS codes not arriving and recovery emergency codes failing We need resolution before our end-of-day sprint deadline.,Account Access,High,Web Portal,Enterprise
TKT-10223,"Hi, Do you have a public product roadmap for upcoming Q4 feature releases This is directly impacting our daily business operations.",Product Inquiries,Low,Email,SMB
TKT-10224,"Good morning, Organization admin locked out completely root credentials MFA authenticator lost urgent access required Please look into this and advise on next steps as soon as possible.",Account Access,High,Web Portal,Free Tier
TKT-10225,Support request: Critical PostgreSQL database connection pool exhausted all client requests failing with 500 Our team has tried restarting but the issue persists.,Technical Issues,High,Web Portal,Enterprise
TKT-10226,"Hi, Mobile application crashes when toggling push notifications in user settings Could you please verify this on your backend system?",Technical Issues,Medium,Web Portal,Free Tier
TKT-10227,Help needed: What native database connectors are supported for the real-time analytics pipeline We need resolution before our end-of-day sprint deadline.,Product Inquiries,Medium,Web Portal,SMB
TKT-10228,Attention Support: Cannot update primary email address in profile settings page throws permission denied error We need resolution before our end-of-day sprint deadline.,Account Access,Medium,Email,SMB
TKT-10229,Issue report: Google Workspace OAuth login throws redirect uri mismatch error on new domain Our team has tried restarting but the issue persists.,Account Access,Medium,Web Portal,Free Tier
TKT-10230,Regarding our account: Data residency question: can our customer database be hosted exclusively in Frankfurt EU region [Account Ref: ACCT-373] Let us know if you need any additional diagnostic logs or screenshots.,Product Inquiries,High,In-App Chat,SMB
TKT-10231,"Hey team, What is your standard cancellation notice policy if we decide to pause next quarter Could you please verify this on your backend system?",Cancellation & Refunds,Low,Web Portal,Enterprise
TKT-10232,Support request: API response payload missing custom header metadata in staging environment Awaiting your guidance on how to resolve this.,Technical Issues,Medium,Email,Enterprise
TKT-10233,"Hi, Where can I find sample Postman collections for testing v3 webhook endpoints [Account Ref: ACCT-881] Awaiting your guidance on how to resolve this.",Technical Issues,Low,In-App Chat,SMB
TKT-10234,Attention Support: Third party Zapier integration trigger not firing on new lead creation Awaiting your guidance on how to resolve this.,Technical Issues,Medium,Web Portal,Free Tier
TKT-10235,Issue report: Integration with Jira webhook failing with 401 unauthorized after token rotation We need resolution before our end-of-day sprint deadline.,Technical Issues,Medium,Web Portal,SMB
TKT-10236,Can one user account belong to multiple independent organizational workspaces [Node: k8s-worker-584] Let us know if you need any additional diagnostic logs or screenshots.,Account Access,Low,Web Portal,Enterprise
TKT-10237,Attention Support: Requesting dark mode theme support for the desktop application client,Technical Issues,Low,In-App Chat,SMB
TKT-10238,"Dear Customer Care, Session timeout is too aggressive disconnecting users after only 5 minutes of inactivity Awaiting your guidance on how to resolve this.",Account Access,Medium,Web Portal,Free Tier
TKT-10239,"Hi, Requesting detailed itemized breakdown for usage-based API bandwidth overages last month [Client ID: #CLI-995] Please escalate if necessary.",Billing & Payments,Medium,Email,Enterprise
TKT-10240,"Hi there, Where can I find sample Postman collections for testing v3 webhook endpoints Thanks for your assistance.",Technical Issues,Low,Web Portal,SMB
TKT-10241,Issue report: Dashboard analytics graphs taking over 25 seconds to render on web portal Our team has tried restarting but the issue persists.,Technical Issues,Medium,Web Portal,SMB
TKT-10242,"Dear Customer Care, Session timeout is too aggressive disconnecting users after only 5 minutes of inactivity Please look into this and advise on next steps as soon as possible.",Account Access,Medium,Email,SMB
TKT-10243,Urgent assistance requested: Where is the setting to enable mandatory two factor authentication for all team members Please escalate if necessary.,Account Access,Low,Email,Enterprise
TKT-10244,CSV data export times out when file contains more than 10000 rows Appreciate your prompt attention to this matter.,Technical Issues,Medium,Email,Enterprise
TKT-10245,Urgent assistance requested: Currency conversion charge unexpectedly added to our USD billing statement,Billing & Payments,Medium,Web Portal,SMB
TKT-10246,Automated cron job failed to execute database backup backup disk volume full [Client ID: #CLI-340] Thanks for your assistance.,Technical Issues,High,Email,SMB
TKT-10247,Support request: Session timeout is too aggressive disconnecting users after only 5 minutes of inactivity Could you please verify this on your backend system?,Account Access,Medium,Web Portal,Free Tier
TKT-10248,"Hi there, Is there native integration support for Snowflake data warehouse and dbt models Let us know if you need any additional diagnostic logs or screenshots.",Product Inquiries,Medium,Web Portal,SMB
TKT-10249,Help needed: Payment gateway timeout during checkout funds deducted from bank but subscription marked unpaid Our team has tried restarting but the issue persists.,Billing & Payments,High,In-App Chat,Enterprise
TKT-10250,"Hello support team, We are downsizing our team and wish to downgrade from Enterprise to Starter plan next month Appreciate your prompt attention to this matter.",Cancellation & Refunds,Medium,Web Portal,SMB
TKT-10251,Urgent assistance requested: Do you have a public product roadmap for upcoming Q4 feature releases Appreciate your prompt attention to this matter.,Product Inquiries,Low,Email,SMB
TKT-10252,"Hi, Can one user account belong to multiple independent organizational workspaces Let us know if you need any additional diagnostic logs or screenshots.",Account Access,Low,Web Portal,SMB
TKT-10253,"Dear Customer Care, Feature request: support custom hex color codes in dashboard theme settings [Environment: Production-734] Our team has tried restarting but the issue persists.",Technical Issues,Low,In-App Chat,Enterprise
TKT-10254,"Good morning, How to generate new personal API access tokens from profile settings tab Awaiting your guidance on how to resolve this.",Account Access,Low,Web Portal,SMB
TKT-10255,"Good morning, Service uptime breached SLA contract below 95 percent demanding contract cancellation and full penalty refund Awaiting your guidance on how to resolve this.",Cancellation & Refunds,High,Email,Enterprise
TKT-10256,"Hey team, Can we pause our account for two months during our seasonal business hiatus [Environment: Production-394]",Cancellation & Refunds,Low,In-App Chat,SMB
TKT-10257,"Hi, Are there community webinars or office hours available for new platform users [Workspace: WS-701] Our team has tried restarting but the issue persists.",Product Inquiries,Low,Web Portal,Free Tier
TKT-10258,Automated cron job failed to execute database backup backup disk volume full [Environment: Production-973] Could you please verify this on your backend system?,Technical Issues,High,Web Portal,SMB
TKT-10259,"Hi there, Inquiry regarding non-profit and educational discount pricing eligibility We need resolution before our end-of-day sprint deadline.",Billing & Payments,Low,Web Portal,SMB
TKT-10260,"Greetings, Where is the setting to enable mandatory two factor authentication for all team members Could you please verify this on your backend system?",Account Access,Low,Web Portal,SMB
TKT-10261,"Hello support team, Customer requesting partial refund for 10 unused seat licenses from previous quarter",Cancellation & Refunds,Medium,Web Portal,Enterprise
TKT-10262,"Greetings, Need immediate confirmation if enterprise tier complies with HIPAA SOC2 and GDPR requirements for contract signing",Product Inquiries,High,In-App Chat,SMB
TKT-10263,"Greetings, What is your standard cancellation notice policy if we decide to pause next quarter Awaiting your guidance on how to resolve this.",Cancellation & Refunds,Low,In-App Chat,SMB
TKT-10264,Regarding our account: Can we configure custom HTTP authorization headers on outgoing webhook payloads We need resolution before our end-of-day sprint deadline.,Product Inquiries,Medium,Web Portal,SMB
TKT-10265,"Good morning, Do you have a public product roadmap for upcoming Q4 feature releases [Workspace: WS-794]",Product Inquiries,Low,Email,SMB
TKT-10266,Support request: Requesting formal price quote for adding 8 additional team seats next quarter Please look into this and advise on next steps as soon as possible.,Billing & Payments,Low,Web Portal,Enterprise
TKT-10267,"Hey team, Need to update company billing address and official legal entity name on future receipts [Workspace: WS-849] Awaiting your guidance on how to resolve this.",Billing & Payments,Medium,Web Portal,Enterprise
TKT-10268,"Hi there, Primary REST API endpoint returning 503 Service Unavailable outage affecting all EU users [Environment: Production-279] Could you please verify this on your backend system?",Technical Issues,High,In-App Chat,SMB
TKT-10269,"Dear Customer Care, How to change default payment method from corporate Amex to ACH direct debit Thanks for your assistance.",Billing & Payments,Medium,Web Portal,Free Tier
TKT-10270,"Hi, Data residency question: can our customer database be hosted exclusively in Frankfurt EU region Thanks for your assistance.",Product Inquiries,High,Web Portal,Free Tier
TKT-10271,"Hey team, Please cancel our monthly recurring addon package before the next billing cycle renews Awaiting your guidance on how to resolve this.",Cancellation & Refunds,Medium,Email,Enterprise
TKT-10272,Issue report: Subscription auto-renewed without mandatory 30-day notice demanding immediate full refund and cancellation Appreciate your prompt attention to this matter.,Cancellation & Refunds,High,In-App Chat,SMB
TKT-10273,"Hi there, Invited team member receives invalid invitation token error when clicking registration link Our team has tried restarting but the issue persists.",Account Access,Medium,Web Portal,Enterprise
TKT-10274,Severe memory leak in backend microservice causing Redis node failovers,Technical Issues,High,Email,SMB
TKT-10275,Requesting dark mode theme support for the desktop application client Thanks for your assistance.,Technical Issues,Low,In-App Chat,Free Tier
TKT-10276,"Hello support team, Onboarding failed completely platform unusable cancel contract and refund all fees immediately Could you please verify this on your backend system?",Cancellation & Refunds,High,Web Portal,SMB
TKT-10277,Urgent assistance requested: Primary administrator deleted by mistake restore account privileges and access immediately,Account Access,High,Email,Enterprise
TKT-10278,"Greetings, Mobile application crashes when toggling push notifications in user settings Let us know if you need any additional diagnostic logs or screenshots.",Technical Issues,Medium,Email,SMB
TKT-10279,"Hi there, Is there an official public RSS feed for platform uptime and release changelogs [Client ID: #CLI-734]",Technical Issues,Low,Web Portal,Enterprise
TKT-10280,Urgent assistance requested: Where is the account cancellation button located inside the workspace settings panel [Client ID: #CLI-750] Please escalate if necessary.,Cancellation & Refunds,Low,In-App Chat,Free Tier
TKT-10281,Help needed: User cannot switch between multiple linked organization accounts from dropdown menu Could you please verify this on your backend system?,Account Access,Medium,Web Portal,SMB
TKT-10282,"Dear Customer Care, Promotional discount code PROMO2024 was not applied during renewal checkout process This is directly impacting our daily business operations.",Billing & Payments,Medium,Email,SMB
TKT-10283,Help needed: Security incident: multiple unauthorized API requests detected bypassing rate limiter [Account Ref: ACCT-238] Please look into this and advise on next steps as soon as possible.,Technical Issues,High,Email,Enterprise
TKT-10284,Help needed: What native database connectors are supported for the real-time analytics pipeline Appreciate your prompt attention to this matter.,Product Inquiries,Medium,Web Portal,SMB
TKT-10285,Issue report: Is there native integration support for Snowflake data warehouse and dbt models Thanks for your assistance.,Product Inquiries,Medium,Email,SMB
TKT-10286,Attention Support: Feature request: support custom hex color codes in dashboard theme settings [Environment: Production-730],Technical Issues,Low,Email,SMB
TKT-10287,"Hey team, Can you share recommended best practices for structuring multi-team workspaces This is directly impacting our daily business operations.",Product Inquiries,Low,Email,Free Tier
TKT-10288,Help needed: Cannot update primary email address in profile settings page throws permission denied error Awaiting your guidance on how to resolve this.,Account Access,Medium,Email,SMB
TKT-10289,"Hi there, Is there an official public RSS feed for platform uptime and release changelogs",Technical Issues,Low,In-App Chat,Enterprise
TKT-10290,"Hello support team, Data residency question: can our customer database be hosted exclusively in Frankfurt EU region [Client ID: #CLI-968] Let us know if you need any additional diagnostic logs or screenshots.",Product Inquiries,High,Web Portal,SMB
TKT-10291,"Hi there, Where can I find sample Postman collections for testing v3 webhook endpoints [Node: k8s-worker-711]",Technical Issues,Low,Email,SMB
TKT-10292,"Hello support team, Dashboard analytics graphs taking over 25 seconds to render on web portal [Server Instance: US-East-905] Appreciate your prompt attention to this matter.",Technical Issues,Medium,Email,Free Tier
TKT-10293,"Good morning, Google Workspace OAuth login throws redirect uri mismatch error on new domain Please look into this and advise on next steps as soon as possible.",Account Access,Medium,Email,SMB
TKT-10294,"Good morning, Does your enterprise SLA guarantee 99.99 percent uptime with financial penalty clauses [Server Instance: US-East-436] Please escalate if necessary.",Product Inquiries,High,Email,SMB
TKT-10295,Regarding our account: Please cancel our monthly recurring addon package before the next billing cycle renews [Server Instance: US-East-233] Please escalate if necessary.,Cancellation & Refunds,Medium,Email,Free Tier
TKT-10296,"Hey team, Can we customize the default font size in the rich text markdown editor [Client ID: #CLI-234] Our team has tried restarting but the issue persists.",Technical Issues,Low,Email,Enterprise
TKT-10297,Urgent assistance requested: Where can I download past PDF invoices from the billing management console We need resolution before our end-of-day sprint deadline.,Billing & Payments,Low,Web Portal,SMB
TKT-10298,"Dear Customer Care, Need to update company billing address and official legal entity name on future receipts [Node: k8s-worker-531] Could you please verify this on your backend system?",Billing & Payments,Medium,Web Portal,Free Tier
TKT-10299,"Hi there, Where is the account cancellation button located inside the workspace settings panel Please look into this and advise on next steps as soon as possible.",Cancellation & Refunds,Low,Email,Enterprise
TKT-10300,"Hi, Data residency question: can our customer database be hosted exclusively in Frankfurt EU region [Account Ref: ACCT-326] Please escalate if necessary.",Product Inquiries,High,Web Portal,SMB
TKT-10301,Issue report: Where can I download past PDF invoices from the billing management console,Billing & Payments,Low,Email,SMB
TKT-10302,Support request: Where can I find sample Postman collections for testing v3 webhook endpoints [Environment: Production-967] This is directly impacting our daily business operations.,Technical Issues,Low,Web Portal,SMB
TKT-10303,Attention Support: Requesting dark mode theme support for the desktop application client [Node: k8s-worker-554],Technical Issues,Low,Email,Enterprise
TKT-10304,"Hi there, CSV data export times out when file contains more than 10000 rows Appreciate your prompt attention to this matter.",Technical Issues,Medium,Email,Enterprise
TKT-10305,"Dear Customer Care, Cancel subscription immediately and issue full refund of 2200 dollars as promised by sales rep within 24 hours Could you please verify this on your backend system?",Cancellation & Refunds,High,Web Portal,Free Tier
TKT-10306,Attention Support: Need a formal proforma invoice before finance department can release wire payment Please escalate if necessary.,Billing & Payments,Medium,Web Portal,Enterprise
TKT-10307,"Hi, How do we export all our workspace data and audit logs before terminating our company account Please escalate if necessary.",Cancellation & Refunds,Medium,In-App Chat,Enterprise
TKT-10308,Critical PostgreSQL database connection pool exhausted all client requests failing with 500,Technical Issues,High,Email,SMB
TKT-10309,"Hi, Can we set up custom role-based access permissions for external contractor accounts We need resolution before our end-of-day sprint deadline.",Product Inquiries,Medium,In-App Chat,Enterprise
TKT-10310,Attention Support: Where can I find video walkthrough tutorials for onboarding new engineering staff Appreciate your prompt attention to this matter.,Product Inquiries,Low,Email,Free Tier
TKT-10311,Attention Support: What native database connectors are supported for the real-time analytics pipeline [Workspace: WS-781] Please look into this and advise on next steps as soon as possible.,Product Inquiries,Medium,Web Portal,Enterprise
TKT-10312,Urgent assistance requested: Customer requesting partial refund for 10 unused seat licenses from previous quarter Our team has tried restarting but the issue persists.,Cancellation & Refunds,Medium,Email,SMB
TKT-10313,"Hi there, Automated cron job failed to execute database backup backup disk volume full Please look into this and advise on next steps as soon as possible.",Technical Issues,High,Email,SMB
TKT-10314,Attention Support: CSV data export times out when file contains more than 10000 rows Please look into this and advise on next steps as soon as possible.,Technical Issues,Medium,Web Portal,SMB
TKT-10315,Regarding our account: Is there an official public RSS feed for platform uptime and release changelogs Our team has tried restarting but the issue persists.,Technical Issues,Low,Web Portal,SMB
TKT-10316,"Hi, Webhook delivery engine completely stalled queue depth exceeding 500000 events [Client ID: #CLI-520] Thanks for your assistance.",Technical Issues,High,Web Portal,SMB
TKT-10317,Need to revoke workspace access for former employee and reassign ownership of dashboards,Account Access,Medium,Email,Free Tier
TKT-10318,What is the maximum hard API rate limit per second before enterprise contract deployment tonight This is directly impacting our daily business operations.,Product Inquiries,High,Web Portal,Enterprise
TKT-10319,"Hey team, Browser tab favicon disappears when navigating between analytics workspaces [Account Ref: ACCT-317] Appreciate your prompt attention to this matter.",Technical Issues,Low,Web Portal,SMB
TKT-10320,Support request: Can one user account belong to multiple independent organizational workspaces [Client ID: #CLI-458] Awaiting your guidance on how to resolve this.,Account Access,Low,Email,Enterprise
TKT-10321,"Hi there, Need a formal proforma invoice before finance department can release wire payment Could you please verify this on your backend system?",Billing & Payments,Medium,Web Portal,SMB
TKT-10322,SSL TLS certificate expired on production load balancer customers seeing security warning Thanks for your assistance.,Technical Issues,High,Web Portal,Enterprise
TKT-10323,"Greetings, User cannot switch between multiple linked organization accounts from dropdown menu Please escalate if necessary.",Account Access,Medium,Email,Enterprise
TKT-10324,"Hello support team, Critical zero-day vulnerability patch required immediately on customer ingress controller Please escalate if necessary.",Technical Issues,High,Email,SMB
TKT-10325,"Hello support team, Spelling typo noticed in confirmation tooltip under advanced security settings [Workspace: WS-447] Our team has tried restarting but the issue persists.",Technical Issues,Low,Web Portal,SMB
TKT-10326,"Hello support team, Where is the setting to enable mandatory two factor authentication for all team members Our team has tried restarting but the issue persists.",Account Access,Low,Email,Free Tier
TKT-10327,"Hi there, What is the billing cycle date for recurring monthly addon licenses Our team has tried restarting but the issue persists.",Billing & Payments,Low,Web Portal,Free Tier
TKT-10328,"Hi there, How do I update my profile avatar picture and display name on the portal [Environment: Production-564] Thanks for your assistance.",Account Access,Low,Web Portal,SMB
TKT-10329,"Dear Customer Care, Where is the setting to enable mandatory two factor authentication for all team members [Workspace: WS-895] Appreciate your prompt attention to this matter.",Account Access,Low,Web Portal,Enterprise
TKT-10330,"Greetings, Webhook delivery engine completely stalled queue depth exceeding 500000 events Please look into this and advise on next steps as soon as possible.",Technical Issues,High,In-App Chat,Enterprise
TKT-10331,"Dear Customer Care, Please cancel our monthly recurring addon package before the next billing cycle renews [Client ID: #CLI-378] Please escalate if necessary.",Cancellation & Refunds,Medium,Web Portal,SMB
TKT-10332,Support request: Invited team member receives invalid invitation token error when clicking registration link Let us know if you need any additional diagnostic logs or screenshots.,Account Access,Medium,Email,SMB
TKT-10333,Attention Support: Where can I find sample Postman collections for testing v3 webhook endpoints [Account Ref: ACCT-216] Could you please verify this on your backend system?,Technical Issues,Low,In-App Chat,SMB
TKT-10334,Attention Support: Search query indexing delayed by 40 minutes in elasticsearch cluster [Node: k8s-worker-707] Please look into this and advise on next steps as soon as possible.,Technical Issues,Medium,Web Portal,Enterprise
TKT-10335,"Hi, GraphQL mutation returns intermittent schema validation error on batch updates [Server Instance: US-East-504]",Technical Issues,Medium,In-App Chat,SMB
TKT-10336,"Hello support team, How many concurrent API requests are permitted on the standard developer tier plan [Server Instance: US-East-885] This is directly impacting our daily business operations.",Product Inquiries,Medium,Web Portal,SMB
TKT-10337,Regarding our account: Service uptime breached SLA contract below 95 percent demanding contract cancellation and full penalty refund [Client ID: #CLI-107] Could you please verify this on your backend system?,Cancellation & Refunds,High,In-App Chat,SMB
TKT-10338,Issue report: Inquiry regarding non-profit and educational discount pricing eligibility [Environment: Production-645] Let us know if you need any additional diagnostic logs or screenshots.,Billing & Payments,Low,Web Portal,Free Tier
TKT-10339,"Good morning, We wish to switch from annual prepayment to monthly billing cycle at the end of term Thanks for your assistance.",Cancellation & Refunds,Medium,Web Portal,SMB
TKT-10340,"Hi there, Subscription auto-renewed without mandatory 30-day notice demanding immediate full refund and cancellation Let us know if you need any additional diagnostic logs or screenshots.",Cancellation & Refunds,High,Email,SMB
TKT-10341,Attention Support: Need immediate confirmation if enterprise tier complies with HIPAA SOC2 and GDPR requirements for contract signing This is directly impacting our daily business operations.,Product Inquiries,High,Email,Free Tier
TKT-10342,Critical PostgreSQL database connection pool exhausted all client requests failing with 500 Appreciate your prompt attention to this matter.,Technical Issues,High,In-App Chat,Enterprise
TKT-10343,Attention Support: How many concurrent API requests are permitted on the standard developer tier plan,Product Inquiries,Medium,Web Portal,Free Tier
TKT-10344,Attention Support: Promotional discount code PROMO2024 was not applied during renewal checkout process This is directly impacting our daily business operations.,Billing & Payments,Medium,Web Portal,SMB
TKT-10345,Regarding our account: WebSocket connection randomly disconnects every 15 minutes on Firefox browser Please escalate if necessary.,Technical Issues,Medium,In-App Chat,Enterprise
TKT-10346,Urgent assistance requested: Session timeout is too aggressive disconnecting users after only 5 minutes of inactivity Please look into this and advise on next steps as soon as possible.,Account Access,Medium,Email,Enterprise
TKT-10347,"Good morning, We are downsizing our team and wish to downgrade from Enterprise to Starter plan next month Let us know if you need any additional diagnostic logs or screenshots.",Cancellation & Refunds,Medium,Web Portal,Enterprise
TKT-10348,"Hi there, Third party Zapier integration trigger not firing on new lead creation Let us know if you need any additional diagnostic logs or screenshots.",Technical Issues,Medium,Web Portal,Free Tier
TKT-10349,"Good morning, Need a formal proforma invoice before finance department can release wire payment Appreciate your prompt attention to this matter.",Billing & Payments,Medium,Email,SMB
TKT-10350,"Hi, Critical PostgreSQL database connection pool exhausted all client requests failing with 500 [Account Ref: ACCT-298]",Technical Issues,High,Web Portal,SMB
TKT-10351,Urgent assistance requested: User cannot switch between multiple linked organization accounts from dropdown menu Appreciate your prompt attention to this matter.,Account Access,Medium,Email,Free Tier
TKT-10352,Support request: Is it possible to customize the login screen with our corporate company logo [Server Instance: US-East-362] Our team has tried restarting but the issue persists.,Account Access,Low,Web Portal,Enterprise
TKT-10353,"Dear Customer Care, Severe memory leak in backend microservice causing Redis node failovers [Node: k8s-worker-177] Please escalate if necessary.",Technical Issues,High,Email,Free Tier
TKT-10354,Regarding our account: Primary REST API endpoint returning 503 Service Unavailable outage affecting all EU users,Technical Issues,High,Web Portal,Free Tier
TKT-10355,Support request: Requesting payment receipt for the previous quarterly subscription cycle Please escalate if necessary.,Billing & Payments,Medium,Web Portal,Enterprise
TKT-10356,Urgent assistance requested: Where is the account cancellation button located inside the workspace settings panel [Environment: Production-169],Cancellation & Refunds,Low,Web Portal,Free Tier
TKT-10357,Help needed: How to change email notification preferences for weekly activity digests [Workspace: WS-705],Account Access,Low,Web Portal,SMB
TKT-10358,Urgent assistance requested: Need to update company billing address and official legal entity name on future receipts [Environment: Production-562] Thanks for your assistance.,Billing & Payments,Medium,Web Portal,Enterprise
TKT-10359,"Hello support team, Where can I download past PDF invoices from the billing management console Appreciate your prompt attention to this matter.",Billing & Payments,Low,Web Portal,SMB
TKT-10360,Support request: Cancel subscription immediately and issue full refund of 2200 dollars as promised by sales rep within 24 hours Please look into this and advise on next steps as soon as possible.,Cancellation & Refunds,High,Email,SMB
TKT-10361,Attention Support: Does your enterprise SLA guarantee 99.99 percent uptime with financial penalty clauses Awaiting your guidance on how to resolve this.,Product Inquiries,High,Email,Free Tier
TKT-10362,"Hello support team, We wish to switch from annual prepayment to monthly billing cycle at the end of term Awaiting your guidance on how to resolve this.",Cancellation & Refunds,Medium,Web Portal,SMB
TKT-10363,Support request: How many concurrent API requests are permitted on the standard developer tier plan [Environment: Production-613] We need resolution before our end-of-day sprint deadline.,Product Inquiries,Medium,Web Portal,Free Tier
TKT-10364,"Hello support team, Cannot update primary email address in profile settings page throws permission denied error [Workspace: WS-831] Awaiting your guidance on how to resolve this.",Account Access,Medium,Web Portal,SMB
TKT-10365,"Hi, Promotional discount code PROMO2024 was not applied during renewal checkout process [Server Instance: US-East-824]",Billing & Payments,Medium,Web Portal,SMB
TKT-10366,Help needed: Onboarding failed completely platform unusable cancel contract and refund all fees immediately Thanks for your assistance.,Cancellation & Refunds,High,In-App Chat,SMB
TKT-10367,Urgent assistance requested: Where can I find video walkthrough tutorials for onboarding new engineering staff Appreciate your prompt attention to this matter.,Product Inquiries,Low,Email,SMB
TKT-10368,Attention Support: What native database connectors are supported for the real-time analytics pipeline Appreciate your prompt attention to this matter.,Product Inquiries,Medium,Web Portal,SMB
TKT-10369,Regarding our account: Is there a free trial period available for testing the advanced analytics add-on module,Product Inquiries,Low,Email,SMB
TKT-10370,Urgent assistance requested: Need immediate confirmation if enterprise tier complies with HIPAA SOC2 and GDPR requirements for contract signing Please look into this and advise on next steps as soon as possible.,Product Inquiries,High,Email,Enterprise
TKT-10371,"Hey team, Currency conversion charge unexpectedly added to our USD billing statement Could you please verify this on your backend system?",Billing & Payments,Medium,Web Portal,SMB
TKT-10372,Urgent assistance requested: Requesting detailed itemized breakdown for usage-based API bandwidth overages last month Please look into this and advise on next steps as soon as possible.,Billing & Payments,Medium,Web Portal,SMB
TKT-10373,Urgent assistance requested: Primary REST API endpoint returning 503 Service Unavailable outage affecting all EU users Could you please verify this on your backend system?,Technical Issues,High,Email,SMB
TKT-10374,Support request: Session timeout is too aggressive disconnecting users after only 5 minutes of inactivity [Node: k8s-worker-186] Let us know if you need any additional diagnostic logs or screenshots.,Account Access,Medium,Web Portal,Free Tier
TKT-10375,"Hi, Monthly invoice receipt not being sent to our accounts payable finance email address Let us know if you need any additional diagnostic logs or screenshots.",Billing & Payments,Medium,Web Portal,SMB
TKT-10376,Need a formal proforma invoice before finance department can release wire payment Our team has tried restarting but the issue persists.,Billing & Payments,Medium,Email,SMB
TKT-10377,Issue report: Is it possible to customize the login screen with our corporate company logo,Account Access,Low,Email,SMB
TKT-10378,Support request: Cancel subscription immediately and issue full refund of 2200 dollars as promised by sales rep within 24 hours,Cancellation & Refunds,High,Web Portal,Enterprise
TKT-10379,"Hello support team, Where is the setting to enable mandatory two factor authentication for all team members [Server Instance: US-East-449] Appreciate your prompt attention to this matter.",Account Access,Low,Web Portal,Free Tier
TKT-10380,"Good morning, Where can I find sample Postman collections for testing v3 webhook endpoints We need resolution before our end-of-day sprint deadline.",Technical Issues,Low,Web Portal,Enterprise
TKT-10381,"Hi there, Requesting detailed itemized breakdown for usage-based API bandwidth overages last month Could you please verify this on your backend system?",Billing & Payments,Medium,Web Portal,SMB
TKT-10382,"Hi, What are the architectural differences between Business and Enterprise subscription plans Thanks for your assistance.",Product Inquiries,Medium,Web Portal,SMB
TKT-10383,"Hello support team, Google Workspace OAuth login throws redirect uri mismatch error on new domain [Account Ref: ACCT-234]",Account Access,Medium,Web Portal,Enterprise
TKT-10384,Attention Support: API response payload missing custom header metadata in staging environment [Node: k8s-worker-889] Our team has tried restarting but the issue persists.,Technical Issues,Medium,Web Portal,SMB
TKT-10385,Regarding our account: Two factor authentication SMS codes not arriving and recovery emergency codes failing Our team has tried restarting but the issue persists.,Account Access,High,Email,Enterprise
TKT-10386,Attention Support: We are downsizing our team and wish to downgrade from Enterprise to Starter plan next month Appreciate your prompt attention to this matter.,Cancellation & Refunds,Medium,Email,SMB
TKT-10387,Help needed: Integration with Jira webhook failing with 401 unauthorized after token rotation [Node: k8s-worker-902] Please escalate if necessary.,Technical Issues,Medium,In-App Chat,SMB
TKT-10388,"Good morning, Can you share recommended best practices for structuring multi-team workspaces [Environment: Production-955] Thanks for your assistance.",Product Inquiries,Low,Web Portal,Enterprise
TKT-10389,Urgent assistance requested: Cannot update primary email address in profile settings page throws permission denied error,Account Access,Medium,Email,Free Tier
TKT-10390,Help needed: Bank merchant account blocked our checkout payments requesting emergency gateway switch Could you please verify this on your backend system?,Billing & Payments,High,Email,Enterprise
TKT-10391,"Hi, How many concurrent API requests are permitted on the standard developer tier plan Let us know if you need any additional diagnostic logs or screenshots.",Product Inquiries,Medium,Email,Enterprise
TKT-10392,"Good morning, User cannot switch between multiple linked organization accounts from dropdown menu [Workspace: WS-153] Please escalate if necessary.",Account Access,Medium,Email,Enterprise
TKT-10393,Help needed: Are there community webinars or office hours available for new platform users Appreciate your prompt attention to this matter.,Product Inquiries,Low,Web Portal,Enterprise
TKT-10394,Issue report: CSV data export times out when file contains more than 10000 rows Thanks for your assistance.,Technical Issues,Medium,Email,SMB
TKT-10395,"Hi there, Mobile application crashes when toggling push notifications in user settings [Account Ref: ACCT-250] Our team has tried restarting but the issue persists.",Technical Issues,Medium,Email,SMB
TKT-10396,"Hi there, Onboarding failed completely platform unusable cancel contract and refund all fees immediately We need resolution before our end-of-day sprint deadline.",Cancellation & Refunds,High,Email,SMB
TKT-10397,"Hello support team, How to update billing email recipient list for monthly summary digests [Account Ref: ACCT-482] Let us know if you need any additional diagnostic logs or screenshots.",Billing & Payments,Low,Email,Free Tier
TKT-10398,Attention Support: Severe memory leak in backend microservice causing Redis node failovers Please look into this and advise on next steps as soon as possible.,Technical Issues,High,Email,SMB
TKT-10399,Urgent assistance requested: Production Kubernetes cluster pods crashing in CrashLoopBackOff with OOMKilled errors Please look into this and advise on next steps as soon as possible.,Technical Issues,High,Web Portal,Free Tier
TKT-10400,Regarding our account: Search query indexing delayed by 40 minutes in elasticsearch cluster [Workspace: WS-949] Our team has tried restarting but the issue persists.,Technical Issues,Medium,Web Portal,SMB
TKT-10401,Issue report: GraphQL mutation returns intermittent schema validation error on batch updates Our team has tried restarting but the issue persists.,Technical Issues,Medium,Web Portal,Free Tier
TKT-10402,Help needed: GraphQL mutation returns intermittent schema validation error on batch updates [Client ID: #CLI-119] Please escalate if necessary.,Technical Issues,Medium,In-App Chat,SMB
TKT-10403,"Good morning, Need to revoke workspace access for former employee and reassign ownership of dashboards Our team has tried restarting but the issue persists.",Account Access,Medium,Web Portal,SMB
TKT-10404,"Greetings, We wish to switch from annual prepayment to monthly billing cycle at the end of term Thanks for your assistance.",Cancellation & Refunds,Medium,Email,SMB
TKT-10405,"Good morning, Critical: tax invoice missing mandatory VAT GST identification number audit deadline today [Server Instance: US-East-529] Could you please verify this on your backend system?",Billing & Payments,High,Email,Free Tier
TKT-10406,Help needed: API response payload missing custom header metadata in staging environment [Environment: Production-711] Please look into this and advise on next steps as soon as possible.,Technical Issues,Medium,Web Portal,SMB
TKT-10407,"Hello support team, Third party Zapier integration trigger not firing on new lead creation",Technical Issues,Medium,Email,SMB
TKT-10408,Issue report: Can one user account belong to multiple independent organizational workspaces [Client ID: #CLI-729] Our team has tried restarting but the issue persists.,Account Access,Low,In-App Chat,Enterprise
TKT-10409,"Good morning, Stripe subscription failed automatic renewal due to 3D Secure verification loop Please escalate if necessary.",Billing & Payments,High,In-App Chat,Free Tier
TKT-10410,Support request: How to generate new personal API access tokens from profile settings tab Please look into this and advise on next steps as soon as possible.,Account Access,Low,Email,SMB
TKT-10411,"Hi there, Is there an official public RSS feed for platform uptime and release changelogs Thanks for your assistance.",Technical Issues,Low,Web Portal,Free Tier
TKT-10412,"Hi, Does your platform have a public status page to monitor system uptime history [Environment: Production-144] Thanks for your assistance.",Product Inquiries,Low,Web Portal,SMB
TKT-10413,Urgent assistance requested: PDF report generation outputting blank pages for charts with dark mode themes Could you please verify this on your backend system?,Technical Issues,Medium,Web Portal,Free Tier
TKT-10414,Regarding our account: Need to revoke workspace access for former employee and reassign ownership of dashboards [Node: k8s-worker-772] Please look into this and advise on next steps as soon as possible.,Account Access,Medium,Web Portal,SMB
TKT-10415,"Hi there, Session timeout is too aggressive disconnecting users after only 5 minutes of inactivity Please escalate if necessary.",Account Access,Medium,In-App Chat,SMB
TKT-10416,"Dear Customer Care, If we cancel our subscription do we retain read-only access to historical dashboard data This is directly impacting our daily business operations.",Cancellation & Refunds,Low,Web Portal,Free Tier
TKT-10417,Is there an official public RSS feed for platform uptime and release changelogs [Node: k8s-worker-575],Technical Issues,Low,Web Portal,Free Tier
TKT-10418,Help needed: Are there community webinars or office hours available for new platform users [Server Instance: US-East-164],Product Inquiries,Low,Email,SMB
TKT-10419,"Hello support team, GraphQL mutation returns intermittent schema validation error on batch updates [Server Instance: US-East-142] Could you please verify this on your backend system?",Technical Issues,Medium,Web Portal,SMB
TKT-10420,"Hey team, How to update billing email recipient list for monthly summary digests Thanks for your assistance.",Billing & Payments,Low,Email,Free Tier
TKT-10421,Help needed: Can we customize the default font size in the rich text markdown editor [Node: k8s-worker-295] Could you please verify this on your backend system?,Technical Issues,Low,In-App Chat,SMB
TKT-10422,Urgent assistance requested: Where is the setting to enable mandatory two factor authentication for all team members This is directly impacting our daily business operations.,Account Access,Low,Web Portal,SMB
TKT-10423,"Hey team, Stripe subscription failed automatic renewal due to 3D Secure verification loop Please look into this and advise on next steps as soon as possible.",Billing & Payments,High,Web Portal,Enterprise
TKT-10424,Attention Support: SSL TLS certificate expired on production load balancer customers seeing security warning Awaiting your guidance on how to resolve this.,Technical Issues,High,In-App Chat,SMB
TKT-10425,Urgent assistance requested: How do we export all our workspace data and audit logs before terminating our company account Our team has tried restarting but the issue persists.,Cancellation & Refunds,Medium,Web Portal,SMB
TKT-10426,Urgent assistance requested: Bank merchant account blocked our checkout payments requesting emergency gateway switch [Client ID: #CLI-844] Thanks for your assistance.,Billing & Payments,High,Email,Enterprise
TKT-10427,"Hi there, Invited team member receives invalid invitation token error when clicking registration link Let us know if you need any additional diagnostic logs or screenshots.",Account Access,Medium,Web Portal,Enterprise
TKT-10428,"Dear Customer Care, Can we set up custom role-based access permissions for external contractor accounts [Client ID: #CLI-181] Thanks for your assistance.",Product Inquiries,Medium,Web Portal,Free Tier
TKT-10429,Support request: Search query indexing delayed by 40 minutes in elasticsearch cluster [Account Ref: ACCT-834] Could you please verify this on your backend system?,Technical Issues,Medium,In-App Chat,Enterprise
TKT-10430,"Dear Customer Care, SSL TLS certificate expired on production load balancer customers seeing security warning Awaiting your guidance on how to resolve this.",Technical Issues,High,Web Portal,Enterprise
TKT-10431,Issue report: Organization admin locked out completely root credentials MFA authenticator lost urgent access required Appreciate your prompt attention to this matter.,Account Access,High,Email,Free Tier
TKT-10432,"Hey team, What native database connectors are supported for the real-time analytics pipeline",Product Inquiries,Medium,Web Portal,SMB
TKT-10433,"Hi there, Password reset email link never arrives in user inbox or spam junk folder",Account Access,Medium,Web Portal,Free Tier
TKT-10434,"Hi, Stripe subscription failed automatic renewal due to 3D Secure verification loop [Client ID: #CLI-246]",Billing & Payments,High,Web Portal,SMB
TKT-10435,"Greetings, Does your platform have a public status page to monitor system uptime history",Product Inquiries,Low,Email,Enterprise
TKT-10436,"Dear Customer Care, Need to update company billing address and official legal entity name on future receipts [Node: k8s-worker-475] Please look into this and advise on next steps as soon as possible.",Billing & Payments,Medium,Web Portal,Enterprise
TKT-10437,Attention Support: Data residency question: can our customer database be hosted exclusively in Frankfurt EU region [Server Instance: US-East-795] Please escalate if necessary.,Product Inquiries,High,Email,Enterprise
TKT-10438,Urgent assistance requested: GraphQL mutation returns intermittent schema validation error on batch updates Appreciate your prompt attention to this matter.,Technical Issues,Medium,In-App Chat,Free Tier
TKT-10439,"Greetings, We are downsizing our team and wish to downgrade from Enterprise to Starter plan next month Our team has tried restarting but the issue persists.",Cancellation & Refunds,Medium,Web Portal,SMB
TKT-10440,Urgent assistance requested: What is the billing cycle date for recurring monthly addon licenses [Client ID: #CLI-126],Billing & Payments,Low,Web Portal,SMB
TKT-10441,"Hi there, How many concurrent API requests are permitted on the standard developer tier plan Could you please verify this on your backend system?",Product Inquiries,Medium,Web Portal,SMB
TKT-10442,"Good morning, Inquiry regarding non-profit and educational discount pricing eligibility [Environment: Production-304] Please escalate if necessary.",Billing & Payments,Low,In-App Chat,Free Tier
TKT-10443,"Dear Customer Care, What are the architectural differences between Business and Enterprise subscription plans Please look into this and advise on next steps as soon as possible.",Product Inquiries,Medium,Email,SMB
TKT-10444,"Hi there, Where can I find sample Postman collections for testing v3 webhook endpoints",Technical Issues,Low,Web Portal,Free Tier
TKT-10445,Support request: Need a formal proforma invoice before finance department can release wire payment Appreciate your prompt attention to this matter.,Billing & Payments,Medium,Email,Free Tier
TKT-10446,Issue report: WebSocket connection randomly disconnects every 15 minutes on Firefox browser [Workspace: WS-620],Technical Issues,Medium,Web Portal,SMB
TKT-10447,Regarding our account: Severe memory leak in backend microservice causing Redis node failovers [Account Ref: ACCT-686] Awaiting your guidance on how to resolve this.,Technical Issues,High,Email,Enterprise
TKT-10448,Help needed: Data synchronization pipeline halted midway corrupted Kafka consumer offset [Client ID: #CLI-167] Thanks for your assistance.,Technical Issues,High,In-App Chat,SMB
TKT-10449,Attention Support: Monthly invoice receipt not being sent to our accounts payable finance email address Awaiting your guidance on how to resolve this.,Billing & Payments,Medium,Web Portal,SMB
TKT-10450,Primary administrator deleted by mistake restore account privileges and access immediately [Workspace: WS-757] Please escalate if necessary.,Account Access,High,Web Portal,Enterprise
TKT-10451,Help needed: How do I update my profile avatar picture and display name on the portal Awaiting your guidance on how to resolve this.,Account Access,Low,Web Portal,Enterprise
TKT-10452,"Dear Customer Care, Is there an official public RSS feed for platform uptime and release changelogs Thanks for your assistance.",Technical Issues,Low,Web Portal,SMB
TKT-10453,Regarding our account: Cannot update primary email address in profile settings page throws permission denied error Our team has tried restarting but the issue persists.,Account Access,Medium,Web Portal,Enterprise
TKT-10454,"Hello support team, Is it possible to customize the login screen with our corporate company logo Please look into this and advise on next steps as soon as possible.",Account Access,Low,Email,SMB
TKT-10455,"Dear Customer Care, Spelling typo noticed in confirmation tooltip under advanced security settings [Node: k8s-worker-330] Our team has tried restarting but the issue persists.",Technical Issues,Low,Email,Enterprise
TKT-10456,"Hi, Customer requesting partial refund for 10 unused seat licenses from previous quarter Could you please verify this on your backend system?",Cancellation & Refunds,Medium,Email,SMB
TKT-10457,"Good morning, Can we configure custom HTTP authorization headers on outgoing webhook payloads",Product Inquiries,Medium,Web Portal,SMB
TKT-10458,"Dear Customer Care, Subscription auto-renewed without mandatory 30-day notice demanding immediate full refund and cancellation [Account Ref: ACCT-195]",Cancellation & Refunds,High,Web Portal,SMB
TKT-10459,"Greetings, Requesting detailed itemized breakdown for usage-based API bandwidth overages last month [Node: k8s-worker-739] Please escalate if necessary.",Billing & Payments,Medium,In-App Chat,Enterprise
TKT-10460,Urgent assistance requested: Webhook delivery engine completely stalled queue depth exceeding 500000 events [Client ID: #CLI-183] Please escalate if necessary.,Technical Issues,High,In-App Chat,SMB
TKT-10461,Support request: Where can I download past PDF invoices from the billing management console [Server Instance: US-East-885] Please escalate if necessary.,Billing & Payments,Low,In-App Chat,Free Tier
TKT-10462,Attention Support: Please confirm that auto-renewal is disabled for our upcoming annual contract renewal Please escalate if necessary.,Cancellation & Refunds,Medium,Email,SMB
TKT-10463,Support request: Can you share recommended best practices for structuring multi-team workspaces [Workspace: WS-594] Thanks for your assistance.,Product Inquiries,Low,Email,SMB
TKT-10464,Regarding our account: Integration with Jira webhook failing with 401 unauthorized after token rotation,Technical Issues,Medium,In-App Chat,Free Tier
TKT-10465,"Hi there, Automated cron job failed to execute database backup backup disk volume full [Environment: Production-595] This is directly impacting our daily business operations.",Technical Issues,High,Web Portal,SMB
TKT-10466,"Good morning, What is the maximum hard API rate limit per second before enterprise contract deployment tonight Appreciate your prompt attention to this matter.",Product Inquiries,High,Email,Free Tier
TKT-10467,Can we configure custom HTTP authorization headers on outgoing webhook payloads Appreciate your prompt attention to this matter.,Product Inquiries,Medium,Email,SMB
TKT-10468,Attention Support: Need a formal proforma invoice before finance department can release wire payment Our team has tried restarting but the issue persists.,Billing & Payments,Medium,Email,Free Tier
TKT-10469,"Hi, Requesting step by step instructions for configuring Microsoft Authenticator app [Environment: Production-225] Please look into this and advise on next steps as soon as possible.",Account Access,Low,Web Portal,SMB
TKT-10470,Help needed: Mobile application crashes when toggling push notifications in user settings [Client ID: #CLI-397] We need resolution before our end-of-day sprint deadline.,Technical Issues,Medium,Email,Free Tier
TKT-10471,PDF report generation outputting blank pages for charts with dark mode themes Please escalate if necessary.,Technical Issues,Medium,Email,Enterprise
TKT-10472,"Dear Customer Care, Is it possible to customize the login screen with our corporate company logo Appreciate your prompt attention to this matter.",Account Access,Low,Email,Enterprise
TKT-10473,"Good morning, How to update billing email recipient list for monthly summary digests Our team has tried restarting but the issue persists.",Billing & Payments,Low,Email,Enterprise
TKT-10474,Help needed: Does your enterprise SLA guarantee 99.99 percent uptime with financial penalty clauses Awaiting your guidance on how to resolve this.,Product Inquiries,High,Email,Enterprise
TKT-10475,"Hello support team, How do we export all our workspace data and audit logs before terminating our company account Please look into this and advise on next steps as soon as possible.",Cancellation & Refunds,Medium,Web Portal,Enterprise
TKT-10476,"Good morning, Inquiry regarding non-profit and educational discount pricing eligibility We need resolution before our end-of-day sprint deadline.",Billing & Payments,Low,In-App Chat,SMB
TKT-10477,"Hello support team, Where can I download past PDF invoices from the billing management console Could you please verify this on your backend system?",Billing & Payments,Low,In-App Chat,SMB
TKT-10478,"Hey team, Requesting payment receipt for the previous quarterly subscription cycle [Client ID: #CLI-541] Thanks for your assistance.",Billing & Payments,Medium,Email,Enterprise
TKT-10479,"Hey team, Cannot update primary email address in profile settings page throws permission denied error Appreciate your prompt attention to this matter.",Account Access,Medium,Email,Enterprise
TKT-10480,"Hello support team, Need to revoke workspace access for former employee and reassign ownership of dashboards [Account Ref: ACCT-299] Let us know if you need any additional diagnostic logs or screenshots.",Account Access,Medium,Email,Enterprise
TKT-10481,"Hi, Need to revoke workspace access for former employee and reassign ownership of dashboards [Account Ref: ACCT-561] Could you please verify this on your backend system?",Account Access,Medium,Email,SMB
TKT-10482,"Hi, Is it possible to customize the login screen with our corporate company logo Could you please verify this on your backend system?",Account Access,Low,Web Portal,Free Tier
TKT-10483,"Dear Customer Care, Payment gateway timeout during checkout funds deducted from bank but subscription marked unpaid Please look into this and advise on next steps as soon as possible.",Billing & Payments,High,Web Portal,SMB
TKT-10484,Urgent assistance requested: Does your platform have a public status page to monitor system uptime history Thanks for your assistance.,Product Inquiries,Low,Email,SMB
TKT-10485,"Good morning, Account erroneously suspended for non-payment despite valid wire transfer confirmation number Please escalate if necessary.",Billing & Payments,High,Web Portal,SMB
TKT-10486,"Hello support team, Critical zero-day vulnerability patch required immediately on customer ingress controller [Node: k8s-worker-441] This is directly impacting our daily business operations.",Technical Issues,High,Email,SMB
TKT-10487,"Hi, Can we pause our account for two months during our seasonal business hiatus [Account Ref: ACCT-243] Awaiting your guidance on how to resolve this.",Cancellation & Refunds,Low,Email,SMB
TKT-10488,"Greetings, Where is the setting to enable mandatory two factor authentication for all team members [Account Ref: ACCT-857] Appreciate your prompt attention to this matter.",Account Access,Low,Web Portal,SMB
TKT-10489,"Hey team, Can we set up custom role-based access permissions for external contractor accounts [Account Ref: ACCT-645] Please escalate if necessary.",Product Inquiries,Medium,Email,SMB
TKT-10490,Issue report: GraphQL mutation returns intermittent schema validation error on batch updates [Client ID: #CLI-477] Please escalate if necessary.,Technical Issues,Medium,Web Portal,Enterprise
TKT-10491,Support request: Is there an official public RSS feed for platform uptime and release changelogs Please look into this and advise on next steps as soon as possible.,Technical Issues,Low,Web Portal,SMB
TKT-10492,Regarding our account: Can our enterprise pay via annual purchase order and bank check instead of credit card [Environment: Production-371],Billing & Payments,Low,Web Portal,SMB
TKT-10493,Regarding our account: Are there community webinars or office hours available for new platform users Please escalate if necessary.,Product Inquiries,Low,Web Portal,Free Tier
TKT-10494,"Greetings, Need to update company billing address and official legal entity name on future receipts [Node: k8s-worker-838] Awaiting your guidance on how to resolve this.",Billing & Payments,Medium,Web Portal,Enterprise
TKT-10495,Regarding our account: How many concurrent API requests are permitted on the standard developer tier plan [Node: k8s-worker-348] Let us know if you need any additional diagnostic logs or screenshots.,Product Inquiries,Medium,Web Portal,SMB
TKT-10496,"Greetings, Need immediate confirmation if enterprise tier complies with HIPAA SOC2 and GDPR requirements for contract signing [Environment: Production-421] Please look into this and advise on next steps as soon as possible.",Product Inquiries,High,Email,Enterprise
TKT-10497,"Dear Customer Care, What native database connectors are supported for the real-time analytics pipeline Let us know if you need any additional diagnostic logs or screenshots.",Product Inquiries,Medium,In-App Chat,Enterprise
TKT-10498,"Hi, PDF report generation outputting blank pages for charts with dark mode themes Please escalate if necessary.",Technical Issues,Medium,Web Portal,Enterprise
TKT-10499,Issue report: We wish to switch from annual prepayment to monthly billing cycle at the end of term This is directly impacting our daily business operations.,Cancellation & Refunds,Medium,Web Portal,SMB
TKT-10500,"Hi, Which international currencies and payment cards does your platform support Appreciate your prompt attention to this matter.",Billing & Payments,Low,Web Portal,SMB
TKT-10501,"Hi, Automated cron job failed to execute database backup backup disk volume full [Server Instance: US-East-570] Let us know if you need any additional diagnostic logs or screenshots.",Technical Issues,High,In-App Chat,Enterprise
TKT-10502,Urgent assistance requested: Google Workspace OAuth login throws redirect uri mismatch error on new domain Thanks for your assistance.,Account Access,Medium,Web Portal,Free Tier
TKT-10503,"Greetings, Mobile application crashes when toggling push notifications in user settings [Server Instance: US-East-385] Awaiting your guidance on how to resolve this.",Technical Issues,Medium,In-App Chat,SMB
TKT-10504,"Hey team, Legal notice: disputed recurring charge with bank process immediate cancellation and refund We need resolution before our end-of-day sprint deadline.",Cancellation & Refunds,High,Web Portal,Enterprise
TKT-10505,Regarding our account: Do you have a public product roadmap for upcoming Q4 feature releases Could you please verify this on your backend system?,Product Inquiries,Low,Web Portal,SMB
TKT-10506,Urgent assistance requested: GraphQL mutation returns intermittent schema validation error on batch updates [Node: k8s-worker-380] Awaiting your guidance on how to resolve this.,Technical Issues,Medium,Web Portal,Free Tier
TKT-10507,"Hi there, Need to revoke workspace access for former employee and reassign ownership of dashboards Please escalate if necessary.",Account Access,Medium,Web Portal,Enterprise
TKT-10508,Attention Support: PDF report generation outputting blank pages for charts with dark mode themes Appreciate your prompt attention to this matter.,Technical Issues,Medium,In-App Chat,SMB
TKT-10509,"Hey team, Suspected account breach: unauthorized password reset email and unknown IP login detected [Node: k8s-worker-180] This is directly impacting our daily business operations.",Account Access,High,In-App Chat,SMB
TKT-10510,Help needed: Is there an official public RSS feed for platform uptime and release changelogs [Environment: Production-319],Technical Issues,Low,Email,Enterprise
TKT-10511,How to change default payment method from corporate Amex to ACH direct debit [Account Ref: ACCT-812] Thanks for your assistance.,Billing & Payments,Medium,Web Portal,Free Tier
TKT-10512,"Dear Customer Care, Can we configure custom HTTP authorization headers on outgoing webhook payloads Please look into this and advise on next steps as soon as possible.",Product Inquiries,Medium,Web Portal,SMB
TKT-10513,"Good morning, Google Workspace OAuth login throws redirect uri mismatch error on new domain [Account Ref: ACCT-331] We need resolution before our end-of-day sprint deadline.",Account Access,Medium,Web Portal,SMB
TKT-10514,"Good morning, Is there native integration support for Snowflake data warehouse and dbt models [Workspace: WS-834] This is directly impacting our daily business operations.",Product Inquiries,Medium,Web Portal,SMB
TKT-10515,"Hi there, GraphQL mutation returns intermittent schema validation error on batch updates",Technical Issues,Medium,Web Portal,SMB
TKT-10516,"Hi, What are the architectural differences between Business and Enterprise subscription plans Our team has tried restarting but the issue persists.",Product Inquiries,Medium,Web Portal,Free Tier
TKT-10517,Help needed: Can you share recommended best practices for structuring multi-team workspaces [Workspace: WS-428],Product Inquiries,Low,Web Portal,SMB
TKT-10518,Support request: If we cancel our subscription do we retain read-only access to historical dashboard data This is directly impacting our daily business operations.,Cancellation & Refunds,Low,Web Portal,Enterprise
TKT-10519,Support request: Will our annual subscription automatically renew at the end of this billing cycle [Node: k8s-worker-840] Please escalate if necessary.,Billing & Payments,Low,Email,SMB
TKT-10520,"Dear Customer Care, Dashboard analytics graphs taking over 25 seconds to render on web portal Let us know if you need any additional diagnostic logs or screenshots.",Technical Issues,Medium,Email,SMB
TKT-10521,"Hello support team, Where can I find video walkthrough tutorials for onboarding new engineering staff Let us know if you need any additional diagnostic logs or screenshots.",Product Inquiries,Low,Web Portal,SMB
TKT-10522,Issue report: Requesting formal price quote for adding 8 additional team seats next quarter Could you please verify this on your backend system?,Billing & Payments,Low,Email,SMB
TKT-10523,"Hey team, What are the architectural differences between Business and Enterprise subscription plans Please escalate if necessary.",Product Inquiries,Medium,In-App Chat,SMB
TKT-10524,"Hey team, Search query indexing delayed by 40 minutes in elasticsearch cluster Awaiting your guidance on how to resolve this.",Technical Issues,Medium,Email,SMB
TKT-10525,"Hi, Where can I access the OpenAPI Swagger documentation and Postman collections Awaiting your guidance on how to resolve this.",Product Inquiries,Low,Web Portal,Free Tier
TKT-10526,Primary REST API endpoint returning 503 Service Unavailable outage affecting all EU users Thanks for your assistance.,Technical Issues,High,Web Portal,Free Tier
TKT-10527,Regarding our account: Suspected account breach: unauthorized password reset email and unknown IP login detected [Node: k8s-worker-569] Please look into this and advise on next steps as soon as possible.,Account Access,High,Web Portal,SMB
TKT-10528,Issue report: Spelling typo noticed in confirmation tooltip under advanced security settings [Workspace: WS-909] Our team has tried restarting but the issue persists.,Technical Issues,Low,Email,SMB
TKT-10529,"Greetings, Customer requesting partial refund for 10 unused seat licenses from previous quarter",Cancellation & Refunds,Medium,In-App Chat,SMB
TKT-10530,"Greetings, Suspected account breach: unauthorized password reset email and unknown IP login detected",Account Access,High,In-App Chat,SMB
TKT-10531,"Hi, SSL TLS certificate expired on production load balancer customers seeing security warning [Node: k8s-worker-197] Appreciate your prompt attention to this matter.",Technical Issues,High,Email,SMB
TKT-10532,"Dear Customer Care, Can one user account belong to multiple independent organizational workspaces [Server Instance: US-East-106] Awaiting your guidance on how to resolve this.",Account Access,Low,Web Portal,SMB
TKT-10533,Attention Support: Spelling typo noticed in confirmation tooltip under advanced security settings We need resolution before our end-of-day sprint deadline.,Technical Issues,Low,Email,SMB
TKT-10534,Urgent assistance requested: Need to revoke workspace access for former employee and reassign ownership of dashboards Could you please verify this on your backend system?,Account Access,Medium,Web Portal,Free Tier
TKT-10535,"Hey team, Need to update company billing address and official legal entity name on future receipts",Billing & Payments,Medium,Web Portal,Free Tier
TKT-10536,"Hello support team, Fraudulent transactions detected on company card linked to this organization account [Workspace: WS-263]",Billing & Payments,High,Email,Free Tier
TKT-10537,Support request: SSL TLS certificate expired on production load balancer customers seeing security warning Thanks for your assistance.,Technical Issues,High,Web Portal,SMB
TKT-10538,Issue report: Can our enterprise pay via annual purchase order and bank check instead of credit card Please look into this and advise on next steps as soon as possible.,Billing & Payments,Low,Email,SMB
TKT-10539,Urgent assistance requested: Can our enterprise pay via annual purchase order and bank check instead of credit card [Server Instance: US-East-589] Please escalate if necessary.,Billing & Payments,Low,Web Portal,Free Tier
TKT-10540,Help needed: Suspected account breach: unauthorized password reset email and unknown IP login detected Please escalate if necessary.,Account Access,High,Email,SMB
TKT-10541,"Hi, Okta single sign-on redirect loop preventing executive team from accessing platform Awaiting your guidance on how to resolve this.",Account Access,High,Web Portal,Free Tier
TKT-10542,Regarding our account: How to configure local development environment using Docker Compose file We need resolution before our end-of-day sprint deadline.,Technical Issues,Low,Web Portal,SMB
TKT-10543,Google Workspace OAuth login throws redirect uri mismatch error on new domain Please look into this and advise on next steps as soon as possible.,Account Access,Medium,Web Portal,Enterprise
TKT-10544,Issue report: Third party Zapier integration trigger not firing on new lead creation [Account Ref: ACCT-214] Appreciate your prompt attention to this matter.,Technical Issues,Medium,Email,Free Tier
TKT-10545,Is there a free trial period available for testing the advanced analytics add-on module Thanks for your assistance.,Product Inquiries,Low,Email,SMB
TKT-10546,"Greetings, How to configure local development environment using Docker Compose file [Workspace: WS-974] Thanks for your assistance.",Technical Issues,Low,Email,SMB
TKT-10547,Help needed: Third party Zapier integration trigger not firing on new lead creation Please look into this and advise on next steps as soon as possible.,Technical Issues,Medium,Web Portal,Free Tier
TKT-10548,"Greetings, Session timeout is too aggressive disconnecting users after only 5 minutes of inactivity [Account Ref: ACCT-556] Awaiting your guidance on how to resolve this.",Account Access,Medium,In-App Chat,Enterprise
TKT-10549,Help needed: Corporate credit card charged twice for annual enterprise plan total 4800 dollars reverse charge immediately Our team has tried restarting but the issue persists.,Billing & Payments,High,Email,Free Tier
TKT-10550,"Greetings, Inquiry regarding non-profit and educational discount pricing eligibility This is directly impacting our daily business operations.",Billing & Payments,Low,Web Portal,Free Tier
TKT-10551,Regarding our account: Are there community webinars or office hours available for new platform users Could you please verify this on your backend system?,Product Inquiries,Low,Web Portal,Free Tier
TKT-10552,"Hey team, What native database connectors are supported for the real-time analytics pipeline This is directly impacting our daily business operations.",Product Inquiries,Medium,Email,Enterprise
TKT-10553,"Hi there, Does your enterprise SLA guarantee 99.99 percent uptime with financial penalty clauses This is directly impacting our daily business operations.",Product Inquiries,High,Email,SMB
TKT-10554,"Hi, CSV data export times out when file contains more than 10000 rows This is directly impacting our daily business operations.",Technical Issues,Medium,Web Portal,SMB
TKT-10555,Help needed: Promotional discount code PROMO2024 was not applied during renewal checkout process [Server Instance: US-East-887] This is directly impacting our daily business operations.,Billing & Payments,Medium,Web Portal,Enterprise
TKT-10556,Regarding our account: Urgent pre-sales technical requirement: does your SDK support Python 3.12 in high throughput production,Product Inquiries,High,In-App Chat,Free Tier
TKT-10557,Attention Support: Session timeout is too aggressive disconnecting users after only 5 minutes of inactivity Appreciate your prompt attention to this matter.,Account Access,Medium,In-App Chat,Enterprise
TKT-10558,Help needed: SSL TLS certificate expired on production load balancer customers seeing security warning Let us know if you need any additional diagnostic logs or screenshots.,Technical Issues,High,Email,Enterprise
TKT-10559,Support request: How to generate new personal API access tokens from profile settings tab [Workspace: WS-221] Thanks for your assistance.,Account Access,Low,In-App Chat,SMB
TKT-10560,"Hi, Feature request: support custom hex color codes in dashboard theme settings Let us know if you need any additional diagnostic logs or screenshots.",Technical Issues,Low,Email,Enterprise
TKT-10561,How to configure local development environment using Docker Compose file This is directly impacting our daily business operations.,Technical Issues,Low,Email,Free Tier
TKT-10562,Help needed: Can we configure custom HTTP authorization headers on outgoing webhook payloads,Product Inquiries,Medium,Email,SMB
TKT-10563,"Hi, Currency conversion charge unexpectedly added to our USD billing statement Let us know if you need any additional diagnostic logs or screenshots.",Billing & Payments,Medium,Email,SMB
TKT-10564,Help needed: Please cancel our monthly recurring addon package before the next billing cycle renews [Server Instance: US-East-996] Appreciate your prompt attention to this matter.,Cancellation & Refunds,Medium,Email,SMB
TKT-10565,Regarding our account: How to generate new personal API access tokens from profile settings tab [Node: k8s-worker-529] Please look into this and advise on next steps as soon as possible.,Account Access,Low,Web Portal,SMB
TKT-10566,Regarding our account: API response payload missing custom header metadata in staging environment [Client ID: #CLI-203] This is directly impacting our daily business operations.,Technical Issues,Medium,Web Portal,SMB
TKT-10567,"Hello support team, Please confirm that auto-renewal is disabled for our upcoming annual contract renewal Awaiting your guidance on how to resolve this.",Cancellation & Refunds,Medium,Email,SMB
TKT-10568,Okta single sign-on redirect loop preventing executive team from accessing platform [Client ID: #CLI-511] This is directly impacting our daily business operations.,Account Access,High,Web Portal,SMB
TKT-10569,"Good morning, Bank merchant account blocked our checkout payments requesting emergency gateway switch [Client ID: #CLI-243] Thanks for your assistance.",Billing & Payments,High,Web Portal,Enterprise
TKT-10570,"Hey team, Please confirm that auto-renewal is disabled for our upcoming annual contract renewal We need resolution before our end-of-day sprint deadline.",Cancellation & Refunds,Medium,Web Portal,Enterprise
TKT-10571,"Greetings, Session timeout is too aggressive disconnecting users after only 5 minutes of inactivity Appreciate your prompt attention to this matter.",Account Access,Medium,Web Portal,SMB
TKT-10572,"Good morning, Data synchronization pipeline halted midway corrupted Kafka consumer offset Could you please verify this on your backend system?",Technical Issues,High,Web Portal,Enterprise
TKT-10573,"Good morning, Third party Zapier integration trigger not firing on new lead creation [Client ID: #CLI-670] Let us know if you need any additional diagnostic logs or screenshots.",Technical Issues,Medium,Email,SMB
TKT-10574,Support request: Requesting detailed itemized breakdown for usage-based API bandwidth overages last month,Billing & Payments,Medium,In-App Chat,SMB
TKT-10575,"Hello support team, GraphQL mutation returns intermittent schema validation error on batch updates Appreciate your prompt attention to this matter.",Technical Issues,Medium,Web Portal,SMB
TKT-10576,Regarding our account: What is the billing cycle date for recurring monthly addon licenses [Environment: Production-518] Thanks for your assistance.,Billing & Payments,Low,Web Portal,SMB
TKT-10577,"Hey team, Service uptime breached SLA contract below 95 percent demanding contract cancellation and full penalty refund [Account Ref: ACCT-584] Let us know if you need any additional diagnostic logs or screenshots.",Cancellation & Refunds,High,Web Portal,SMB
TKT-10578,How to change default payment method from corporate Amex to ACH direct debit [Node: k8s-worker-247] We need resolution before our end-of-day sprint deadline.,Billing & Payments,Medium,In-App Chat,SMB
TKT-10579,Help needed: User cannot switch between multiple linked organization accounts from dropdown menu This is directly impacting our daily business operations.,Account Access,Medium,Email,Free Tier
TKT-10580,"Hi, What is the maximum hard API rate limit per second before enterprise contract deployment tonight [Server Instance: US-East-361] Thanks for your assistance.",Product Inquiries,High,Email,Enterprise
TKT-10581,Urgent assistance requested: Severe memory leak in backend microservice causing Redis node failovers [Environment: Production-967],Technical Issues,High,Email,SMB
TKT-10582,"Hi there, Search query indexing delayed by 40 minutes in elasticsearch cluster Thanks for your assistance.",Technical Issues,Medium,Web Portal,SMB
TKT-10583,"Hello support team, Integration with Jira webhook failing with 401 unauthorized after token rotation Could you please verify this on your backend system?",Technical Issues,Medium,Email,Enterprise
TKT-10584,"Greetings, API response payload missing custom header metadata in staging environment This is directly impacting our daily business operations.",Technical Issues,Medium,In-App Chat,SMB
TKT-10585,Regarding our account: Cannot update primary email address in profile settings page throws permission denied error Please escalate if necessary.,Account Access,Medium,Email,Enterprise
TKT-10586,"Good morning, Requesting step by step instructions for configuring Microsoft Authenticator app [Workspace: WS-410] Awaiting your guidance on how to resolve this.",Account Access,Low,Email,Free Tier
TKT-10587,"Good morning, Need immediate confirmation if enterprise tier complies with HIPAA SOC2 and GDPR requirements for contract signing We need resolution before our end-of-day sprint deadline.",Product Inquiries,High,In-App Chat,Enterprise
TKT-10588,Issue report: Organization admin locked out completely root credentials MFA authenticator lost urgent access required Awaiting your guidance on how to resolve this.,Account Access,High,Web Portal,SMB
TKT-10589,Attention Support: How to change default payment method from corporate Amex to ACH direct debit We need resolution before our end-of-day sprint deadline.,Billing & Payments,Medium,Email,Enterprise
TKT-10590,Attention Support: Mobile application crashes when toggling push notifications in user settings Awaiting your guidance on how to resolve this.,Technical Issues,Medium,Web Portal,SMB
TKT-10591,"Hey team, Where is the setting to enable mandatory two factor authentication for all team members Could you please verify this on your backend system?",Account Access,Low,Email,SMB
TKT-10592,Regarding our account: Inquiry regarding non-profit and educational discount pricing eligibility Appreciate your prompt attention to this matter.,Billing & Payments,Low,Web Portal,SMB
TKT-10593,Urgent assistance requested: Do you have a public product roadmap for upcoming Q4 feature releases [Server Instance: US-East-859] Let us know if you need any additional diagnostic logs or screenshots.,Product Inquiries,Low,In-App Chat,SMB
TKT-10594,"Hello support team, Requesting detailed itemized breakdown for usage-based API bandwidth overages last month Could you please verify this on your backend system?",Billing & Payments,Medium,Web Portal,SMB
TKT-10595,"Greetings, Google Workspace OAuth login throws redirect uri mismatch error on new domain [Server Instance: US-East-437] Let us know if you need any additional diagnostic logs or screenshots.",Account Access,Medium,Web Portal,Enterprise
TKT-10596,Attention Support: Fraudulent transactions detected on company card linked to this organization account Please escalate if necessary.,Billing & Payments,High,In-App Chat,SMB
TKT-10597,"Hi, Automated cron job failed to execute database backup backup disk volume full",Technical Issues,High,Email,SMB
TKT-10598,"Hey team, Stripe subscription failed automatic renewal due to 3D Secure verification loop Awaiting your guidance on how to resolve this.",Billing & Payments,High,Web Portal,SMB
TKT-10599,Issue report: Session timeout is too aggressive disconnecting users after only 5 minutes of inactivity Awaiting your guidance on how to resolve this.,Account Access,Medium,Web Portal,Enterprise
TKT-10600,Regarding our account: We wish to switch from annual prepayment to monthly billing cycle at the end of term [Node: k8s-worker-659] Appreciate your prompt attention to this matter.,Cancellation & Refunds,Medium,Email,Enterprise
TKT-10601,"Dear Customer Care, Bank merchant account blocked our checkout payments requesting emergency gateway switch Thanks for your assistance.",Billing & Payments,High,Email,Free Tier
TKT-10602,"Hi, Corporate credit card charged twice for annual enterprise plan total 4800 dollars reverse charge immediately This is directly impacting our daily business operations.",Billing & Payments,High,Web Portal,SMB
TKT-10603,Critical PostgreSQL database connection pool exhausted all client requests failing with 500 [Client ID: #CLI-522],Technical Issues,High,Email,SMB
TKT-10604,Requesting formal price quote for adding 8 additional team seats next quarter [Node: k8s-worker-254],Billing & Payments,Low,Web Portal,Free Tier
TKT-10605,"Good morning, Where can I download past PDF invoices from the billing management console Thanks for your assistance.",Billing & Payments,Low,Email,Free Tier
TKT-10606,"Greetings, We are downsizing our team and wish to downgrade from Enterprise to Starter plan next month",Cancellation & Refunds,Medium,In-App Chat,SMB
TKT-10607,Support request: Requesting payment receipt for the previous quarterly subscription cycle [Account Ref: ACCT-664] Awaiting your guidance on how to resolve this.,Billing & Payments,Medium,Email,Enterprise
TKT-10608,"Hello support team, Invited team member receives invalid invitation token error when clicking registration link This is directly impacting our daily business operations.",Account Access,Medium,Email,Free Tier
TKT-10609,"Hi, Monthly invoice receipt not being sent to our accounts payable finance email address [Node: k8s-worker-790] Could you please verify this on your backend system?",Billing & Payments,Medium,Web Portal,Enterprise
TKT-10610,Regarding our account: PDF report generation outputting blank pages for charts with dark mode themes [Client ID: #CLI-636] Our team has tried restarting but the issue persists.,Technical Issues,Medium,Web Portal,Free Tier
TKT-10611,"Good morning, Cannot update primary email address in profile settings page throws permission denied error We need resolution before our end-of-day sprint deadline.",Account Access,Medium,Email,Enterprise
TKT-10612,Monthly invoice receipt not being sent to our accounts payable finance email address [Environment: Production-180] Appreciate your prompt attention to this matter.,Billing & Payments,Medium,Web Portal,SMB
TKT-10613,Attention Support: If we cancel our subscription do we retain read-only access to historical dashboard data Awaiting your guidance on how to resolve this.,Cancellation & Refunds,Low,Email,SMB
TKT-10614,"Good morning, Okta single sign-on redirect loop preventing executive team from accessing platform Could you please verify this on your backend system?",Account Access,High,Web Portal,Enterprise
TKT-10615,Support request: Promotional discount code PROMO2024 was not applied during renewal checkout process,Billing & Payments,Medium,Web Portal,Free Tier
TKT-10616,Attention Support: What is your standard cancellation notice policy if we decide to pause next quarter Let us know if you need any additional diagnostic logs or screenshots.,Cancellation & Refunds,Low,Email,Free Tier
TKT-10617,"Hello support team, Where can I find sample Postman collections for testing v3 webhook endpoints [Server Instance: US-East-184]",Technical Issues,Low,Web Portal,SMB
TKT-10618,Where can I find sample Postman collections for testing v3 webhook endpoints Let us know if you need any additional diagnostic logs or screenshots.,Technical Issues,Low,In-App Chat,Enterprise
TKT-10619,"Greetings, How to update billing email recipient list for monthly summary digests Please look into this and advise on next steps as soon as possible.",Billing & Payments,Low,Web Portal,Free Tier
TKT-10620,"Good morning, Password reset email link never arrives in user inbox or spam junk folder We need resolution before our end-of-day sprint deadline.",Account Access,Medium,Web Portal,Enterprise
TKT-10621,"Greetings, Is there native integration support for Snowflake data warehouse and dbt models [Client ID: #CLI-800] Awaiting your guidance on how to resolve this.",Product Inquiries,Medium,Email,SMB
TKT-10622,"Hi, Where is the setting to enable mandatory two factor authentication for all team members Please escalate if necessary.",Account Access,Low,In-App Chat,SMB
TKT-10623,Where can I find video walkthrough tutorials for onboarding new engineering staff [Server Instance: US-East-701] Appreciate your prompt attention to this matter.,Product Inquiries,Low,Email,Free Tier
TKT-10624,Regarding our account: Primary REST API endpoint returning 503 Service Unavailable outage affecting all EU users Let us know if you need any additional diagnostic logs or screenshots.,Technical Issues,High,In-App Chat,SMB
TKT-10625,"Dear Customer Care, Do you have a public product roadmap for upcoming Q4 feature releases [Environment: Production-793] Please escalate if necessary.",Product Inquiries,Low,Web Portal,Free Tier
TKT-10626,Issue report: How to generate new personal API access tokens from profile settings tab Please look into this and advise on next steps as soon as possible.,Account Access,Low,Web Portal,SMB
TKT-10627,"Hello support team, Where is the setting to enable mandatory two factor authentication for all team members Please look into this and advise on next steps as soon as possible.",Account Access,Low,Email,Enterprise
TKT-10628,Urgent assistance requested: Promotional discount code PROMO2024 was not applied during renewal checkout process Please escalate if necessary.,Billing & Payments,Medium,Email,Enterprise
TKT-10629,Attention Support: Browser tab favicon disappears when navigating between analytics workspaces [Workspace: WS-902] Appreciate your prompt attention to this matter.,Technical Issues,Low,Web Portal,Free Tier
TKT-10630,Help needed: How to change email notification preferences for weekly activity digests We need resolution before our end-of-day sprint deadline.,Account Access,Low,Web Portal,Enterprise
TKT-10631,Attention Support: Can you share recommended best practices for structuring multi-team workspaces Our team has tried restarting but the issue persists.,Product Inquiries,Low,Email,Enterprise
TKT-10632,Attention Support: Are there community webinars or office hours available for new platform users Please look into this and advise on next steps as soon as possible.,Product Inquiries,Low,Email,SMB
TKT-10633,"Hey team, CSV data export times out when file contains more than 10000 rows Our team has tried restarting but the issue persists.",Technical Issues,Medium,Web Portal,SMB
TKT-10634,Issue report: Account erroneously suspended for non-payment despite valid wire transfer confirmation number [Client ID: #CLI-193] Let us know if you need any additional diagnostic logs or screenshots.,Billing & Payments,High,Web Portal,Enterprise
TKT-10635,"Hey team, Is there a free trial period available for testing the advanced analytics add-on module Awaiting your guidance on how to resolve this.",Product Inquiries,Low,Web Portal,Free Tier
TKT-10636,"Hi there, Need to revoke workspace access for former employee and reassign ownership of dashboards [Environment: Production-559] Our team has tried restarting but the issue persists.",Account Access,Medium,Web Portal,SMB
TKT-10637,"Hi, Where can I access the OpenAPI Swagger documentation and Postman collections Thanks for your assistance.",Product Inquiries,Low,Web Portal,Enterprise
TKT-10638,"Hi there, Need to update company billing address and official legal entity name on future receipts Appreciate your prompt attention to this matter.",Billing & Payments,Medium,Web Portal,Enterprise
TKT-10639,"Greetings, Where can I access the OpenAPI Swagger documentation and Postman collections Appreciate your prompt attention to this matter.",Product Inquiries,Low,Web Portal,Free Tier
TKT-10640,"Hey team, Need to update company billing address and official legal entity name on future receipts Let us know if you need any additional diagnostic logs or screenshots.",Billing & Payments,Medium,Web Portal,SMB
TKT-10641,Issue report: We are downsizing our team and wish to downgrade from Enterprise to Starter plan next month Thanks for your assistance.,Cancellation & Refunds,Medium,Web Portal,SMB
TKT-10642,"Greetings, How to configure local development environment using Docker Compose file [Environment: Production-273] Thanks for your assistance.",Technical Issues,Low,Email,SMB
TKT-10643,"Hey team, Cannot update primary email address in profile settings page throws permission denied error [Server Instance: US-East-164] Could you please verify this on your backend system?",Account Access,Medium,Web Portal,SMB
TKT-10644,Attention Support: Feature request: support custom hex color codes in dashboard theme settings Could you please verify this on your backend system?,Technical Issues,Low,Email,Free Tier
TKT-10645,Regarding our account: Invited team member receives invalid invitation token error when clicking registration link Please look into this and advise on next steps as soon as possible.,Account Access,Medium,Web Portal,SMB
TKT-10646,Issue report: Integration with Jira webhook failing with 401 unauthorized after token rotation,Technical Issues,Medium,Web Portal,Enterprise
TKT-10647,"Good morning, Two factor authentication SMS codes not arriving and recovery emergency codes failing [Workspace: WS-106] Awaiting your guidance on how to resolve this.",Account Access,High,Email,SMB
TKT-10648,Urgent assistance requested: PDF report generation outputting blank pages for charts with dark mode themes Please escalate if necessary.,Technical Issues,Medium,Web Portal,Enterprise
TKT-10649,Help needed: Enterprise SAML SSO integration broken all company employees unable to sign in Appreciate your prompt attention to this matter.,Account Access,High,Email,Enterprise
TKT-10650,"Dear Customer Care, Browser tab favicon disappears when navigating between analytics workspaces [Node: k8s-worker-305] Could you please verify this on your backend system?",Technical Issues,Low,Web Portal,Enterprise
TKT-10651,Urgent assistance requested: Requesting payment receipt for the previous quarterly subscription cycle Our team has tried restarting but the issue persists.,Billing & Payments,Medium,Email,SMB
TKT-10652,"Hey team, Do you have a public product roadmap for upcoming Q4 feature releases",Product Inquiries,Low,Web Portal,Free Tier
TKT-10653,Urgent assistance requested: Which international currencies and payment cards does your platform support [Environment: Production-473] Let us know if you need any additional diagnostic logs or screenshots.,Billing & Payments,Low,Web Portal,SMB
TKT-10654,"Greetings, Promotional discount code PROMO2024 was not applied during renewal checkout process We need resolution before our end-of-day sprint deadline.",Billing & Payments,Medium,Email,SMB
TKT-10655,"Dear Customer Care, Critical zero-day vulnerability patch required immediately on customer ingress controller",Technical Issues,High,Email,SMB
TKT-10656,Issue report: What is your standard cancellation notice policy if we decide to pause next quarter Awaiting your guidance on how to resolve this.,Cancellation & Refunds,Low,In-App Chat,SMB
TKT-10657,Help needed: Fraudulent transactions detected on company card linked to this organization account Could you please verify this on your backend system?,Billing & Payments,High,Email,SMB
TKT-10658,CSV data export times out when file contains more than 10000 rows Let us know if you need any additional diagnostic logs or screenshots.,Technical Issues,Medium,In-App Chat,SMB
TKT-10659,Support request: Requesting detailed itemized breakdown for usage-based API bandwidth overages last month [Node: k8s-worker-257] Could you please verify this on your backend system?,Billing & Payments,Medium,Web Portal,SMB
TKT-10660,Regarding our account: Unauthorized upgrade charge applied to billing statement without admin approval [Account Ref: ACCT-590] Let us know if you need any additional diagnostic logs or screenshots.,Billing & Payments,High,Email,SMB
TKT-10661,Attention Support: Where can I access the OpenAPI Swagger documentation and Postman collections Thanks for your assistance.,Product Inquiries,Low,Web Portal,SMB
TKT-10662,"Hi, What is the billing cycle date for recurring monthly addon licenses This is directly impacting our daily business operations.",Billing & Payments,Low,Web Portal,SMB
TKT-10663,Issue report: Need to revoke workspace access for former employee and reassign ownership of dashboards Thanks for your assistance.,Account Access,Medium,Web Portal,SMB
TKT-10664,"Hi there, What are the architectural differences between Business and Enterprise subscription plans We need resolution before our end-of-day sprint deadline.",Product Inquiries,Medium,Email,SMB
TKT-10665,"Dear Customer Care, Enterprise SAML SSO integration broken all company employees unable to sign in",Account Access,High,In-App Chat,Enterprise
TKT-10666,Regarding our account: Unauthorized upgrade charge applied to billing statement without admin approval Appreciate your prompt attention to this matter.,Billing & Payments,High,Web Portal,SMB
TKT-10667,"Hi there, Requesting dark mode theme support for the desktop application client [Server Instance: US-East-622] This is directly impacting our daily business operations.",Technical Issues,Low,Web Portal,SMB
TKT-10668,Help needed: Fraudulent transactions detected on company card linked to this organization account Appreciate your prompt attention to this matter.,Billing & Payments,High,Web Portal,SMB
TKT-10669,Urgent assistance requested: Requesting detailed itemized breakdown for usage-based API bandwidth overages last month This is directly impacting our daily business operations.,Billing & Payments,Medium,Email,SMB
TKT-10670,Attention Support: Mobile application crashes when toggling push notifications in user settings [Node: k8s-worker-245] Please look into this and advise on next steps as soon as possible.,Technical Issues,Medium,In-App Chat,SMB
TKT-10671,"Hey team, Need to revoke workspace access for former employee and reassign ownership of dashboards Appreciate your prompt attention to this matter.",Account Access,Medium,Email,SMB
TKT-10672,"Hi, Can one user account belong to multiple independent organizational workspaces [Client ID: #CLI-548] Awaiting your guidance on how to resolve this.",Account Access,Low,Web Portal,Enterprise
TKT-10673,Issue report: Are there community webinars or office hours available for new platform users [Workspace: WS-145] Awaiting your guidance on how to resolve this.,Product Inquiries,Low,Web Portal,Enterprise
TKT-10674,"Hello support team, CSV data export times out when file contains more than 10000 rows Appreciate your prompt attention to this matter.",Technical Issues,Medium,Email,SMB
TKT-10675,Issue report: Requesting detailed itemized breakdown for usage-based API bandwidth overages last month We need resolution before our end-of-day sprint deadline.,Billing & Payments,Medium,Web Portal,Enterprise
TKT-10676,"Dear Customer Care, Requesting step by step instructions for configuring Microsoft Authenticator app Appreciate your prompt attention to this matter.",Account Access,Low,Email,Enterprise
TKT-10677,"Good morning, Can we pause our account for two months during our seasonal business hiatus Let us know if you need any additional diagnostic logs or screenshots.",Cancellation & Refunds,Low,Email,SMB
TKT-10678,Issue report: Production Kubernetes cluster pods crashing in CrashLoopBackOff with OOMKilled errors Please escalate if necessary.,Technical Issues,High,Web Portal,SMB
TKT-10679,"Greetings, What native database connectors are supported for the real-time analytics pipeline Let us know if you need any additional diagnostic logs or screenshots.",Product Inquiries,Medium,Web Portal,Free Tier
TKT-10680,"Good morning, What happens to our stored data and uploaded files after account closure [Node: k8s-worker-928] We need resolution before our end-of-day sprint deadline.",Cancellation & Refunds,Low,In-App Chat,SMB
TKT-10681,"Greetings, Cancel subscription immediately and issue full refund of 2200 dollars as promised by sales rep within 24 hours Please look into this and advise on next steps as soon as possible.",Cancellation & Refunds,High,Web Portal,Enterprise
TKT-10682,"Dear Customer Care, Critical zero-day vulnerability patch required immediately on customer ingress controller [Environment: Production-216] Appreciate your prompt attention to this matter.",Technical Issues,High,Email,SMB
TKT-10683,Support request: Enterprise SAML SSO integration broken all company employees unable to sign in Awaiting your guidance on how to resolve this.,Account Access,High,Email,SMB
TKT-10684,"Greetings, Need a formal proforma invoice before finance department can release wire payment Let us know if you need any additional diagnostic logs or screenshots.",Billing & Payments,Medium,Web Portal,SMB
TKT-10685,"Hi there, Please confirm that auto-renewal is disabled for our upcoming annual contract renewal Appreciate your prompt attention to this matter.",Cancellation & Refunds,Medium,Web Portal,Free Tier
TKT-10686,"Greetings, Primary administrator deleted by mistake restore account privileges and access immediately Our team has tried restarting but the issue persists.",Account Access,High,Web Portal,Enterprise
TKT-10687,Regarding our account: Session timeout is too aggressive disconnecting users after only 5 minutes of inactivity Could you please verify this on your backend system?,Account Access,Medium,Web Portal,Free Tier
TKT-10688,"Hi there, Google Workspace OAuth login throws redirect uri mismatch error on new domain [Client ID: #CLI-344]",Account Access,Medium,Email,SMB
TKT-10689,"Hi there, Mobile application crashes when toggling push notifications in user settings Our team has tried restarting but the issue persists.",Technical Issues,Medium,Email,SMB
TKT-10690,"Hi, Cannot update primary email address in profile settings page throws permission denied error Let us know if you need any additional diagnostic logs or screenshots.",Account Access,Medium,Web Portal,Enterprise
TKT-10691,"Greetings, Account erroneously suspended for non-payment despite valid wire transfer confirmation number Let us know if you need any additional diagnostic logs or screenshots.",Billing & Payments,High,Web Portal,Free Tier
TKT-10692,"Dear Customer Care, Is there native integration support for Snowflake data warehouse and dbt models [Workspace: WS-243] Thanks for your assistance.",Product Inquiries,Medium,In-App Chat,Enterprise
TKT-10693,Urgent assistance requested: How many days before the renewal date do we need to submit a formal cancellation request Awaiting your guidance on how to resolve this.,Cancellation & Refunds,Low,Email,Free Tier
TKT-10694,Urgent assistance requested: User cannot switch between multiple linked organization accounts from dropdown menu This is directly impacting our daily business operations.,Account Access,Medium,Web Portal,SMB
TKT-10695,Integration with Jira webhook failing with 401 unauthorized after token rotation Let us know if you need any additional diagnostic logs or screenshots.,Technical Issues,Medium,In-App Chat,Enterprise
TKT-10696,Support request: Where can I access the OpenAPI Swagger documentation and Postman collections Awaiting your guidance on how to resolve this.,Product Inquiries,Low,In-App Chat,Free Tier
TKT-10697,Attention Support: How to change email notification preferences for weekly activity digests Awaiting your guidance on how to resolve this.,Account Access,Low,Email,Enterprise
TKT-10698,"Greetings, Will our annual subscription automatically renew at the end of this billing cycle This is directly impacting our daily business operations.",Billing & Payments,Low,Web Portal,SMB
TKT-10699,"Hey team, Suspected account breach: unauthorized password reset email and unknown IP login detected [Account Ref: ACCT-395] This is directly impacting our daily business operations.",Account Access,High,Email,SMB
TKT-10700,Regarding our account: Account erroneously suspended for non-payment despite valid wire transfer confirmation number Awaiting your guidance on how to resolve this.,Billing & Payments,High,Web Portal,SMB
TKT-10701,"Hi, Onboarding failed completely platform unusable cancel contract and refund all fees immediately [Client ID: #CLI-374] Thanks for your assistance.",Cancellation & Refunds,High,Email,Enterprise
TKT-10702,"Hi, How to update billing email recipient list for monthly summary digests This is directly impacting our daily business operations.",Billing & Payments,Low,Email,Enterprise
TKT-10703,"Hi, Bank merchant account blocked our checkout payments requesting emergency gateway switch We need resolution before our end-of-day sprint deadline.",Billing & Payments,High,Web Portal,SMB
TKT-10704,Issue report: CSV data export times out when file contains more than 10000 rows,Technical Issues,Medium,Web Portal,Free Tier
TKT-10705,Subscription auto-renewed without mandatory 30-day notice demanding immediate full refund and cancellation This is directly impacting our daily business operations.,Cancellation & Refunds,High,Email,SMB
TKT-10706,How to update billing email recipient list for monthly summary digests Please look into this and advise on next steps as soon as possible.,Billing & Payments,Low,In-App Chat,Free Tier
TKT-10707,Regarding our account: Password reset email link never arrives in user inbox or spam junk folder [Node: k8s-worker-702] We need resolution before our end-of-day sprint deadline.,Account Access,Medium,Email,Enterprise
TKT-10708,Urgent assistance requested: Session timeout is too aggressive disconnecting users after only 5 minutes of inactivity Please escalate if necessary.,Account Access,Medium,Email,Enterprise
TKT-10709,"Greetings, Feature request: support custom hex color codes in dashboard theme settings Our team has tried restarting but the issue persists.",Technical Issues,Low,Web Portal,SMB
TKT-10710,Regarding our account: Severe memory leak in backend microservice causing Redis node failovers This is directly impacting our daily business operations.,Technical Issues,High,Web Portal,Enterprise
TKT-10711,"Hey team, How many concurrent API requests are permitted on the standard developer tier plan Please escalate if necessary.",Product Inquiries,Medium,In-App Chat,SMB
TKT-10712,Issue report: Need a formal proforma invoice before finance department can release wire payment [Workspace: WS-978] Could you please verify this on your backend system?,Billing & Payments,Medium,Email,SMB
TKT-10713,"Dear Customer Care, Promotional discount code PROMO2024 was not applied during renewal checkout process Let us know if you need any additional diagnostic logs or screenshots.",Billing & Payments,Medium,In-App Chat,Free Tier
TKT-10714,Customer requesting partial refund for 10 unused seat licenses from previous quarter [Server Instance: US-East-355],Cancellation & Refunds,Medium,Email,SMB
TKT-10715,Issue report: Account erroneously suspended for non-payment despite valid wire transfer confirmation number Appreciate your prompt attention to this matter.,Billing & Payments,High,Email,Enterprise
TKT-10716,Help needed: What is the billing cycle date for recurring monthly addon licenses Our team has tried restarting but the issue persists.,Billing & Payments,Low,Web Portal,Enterprise
TKT-10717,Support request: Spelling typo noticed in confirmation tooltip under advanced security settings Let us know if you need any additional diagnostic logs or screenshots.,Technical Issues,Low,Email,SMB
TKT-10718,Support request: Is there a free trial period available for testing the advanced analytics add-on module Please look into this and advise on next steps as soon as possible.,Product Inquiries,Low,Web Portal,SMB
TKT-10719,"Hey team, Is there native integration support for Snowflake data warehouse and dbt models Appreciate your prompt attention to this matter.",Product Inquiries,Medium,Web Portal,Free Tier
TKT-10720,Urgent assistance requested: Invited team member receives invalid invitation token error when clicking registration link [Node: k8s-worker-195] Please escalate if necessary.,Account Access,Medium,Web Portal,Enterprise
TKT-10721,Support request: Where can I find sample Postman collections for testing v3 webhook endpoints,Technical Issues,Low,Web Portal,SMB
TKT-10722,Regarding our account: Organization admin locked out completely root credentials MFA authenticator lost urgent access required Thanks for your assistance.,Account Access,High,In-App Chat,Enterprise
TKT-10723,Currency conversion charge unexpectedly added to our USD billing statement We need resolution before our end-of-day sprint deadline.,Billing & Payments,Medium,Web Portal,Enterprise
TKT-10724,Do you have a public product roadmap for upcoming Q4 feature releases [Account Ref: ACCT-233] Could you please verify this on your backend system?,Product Inquiries,Low,Web Portal,SMB
TKT-10725,Where can I access the OpenAPI Swagger documentation and Postman collections Awaiting your guidance on how to resolve this.,Product Inquiries,Low,Web Portal,SMB
TKT-10726,"Hello support team, Where can I download past PDF invoices from the billing management console Please look into this and advise on next steps as soon as possible.",Billing & Payments,Low,Email,Enterprise
TKT-10727,"Hello support team, Inquiry regarding non-profit and educational discount pricing eligibility Please look into this and advise on next steps as soon as possible.",Billing & Payments,Low,Email,Free Tier
TKT-10728,Help needed: Does the platform support automated CSV export via scheduled SFTP server connector [Environment: Production-307] Awaiting your guidance on how to resolve this.,Product Inquiries,Medium,Email,SMB
TKT-10729,Support request: WebSocket connection randomly disconnects every 15 minutes on Firefox browser [Workspace: WS-195] Could you please verify this on your backend system?,Technical Issues,Medium,Email,Enterprise
TKT-10730,Urgent assistance requested: Is there native integration support for Snowflake data warehouse and dbt models [Node: k8s-worker-764] Could you please verify this on your backend system?,Product Inquiries,Medium,In-App Chat,Enterprise
TKT-10731,"Hello support team, WebSocket connection randomly disconnects every 15 minutes on Firefox browser Let us know if you need any additional diagnostic logs or screenshots.",Technical Issues,Medium,Web Portal,SMB
TKT-10732,Attention Support: Urgent pre-sales technical requirement: does your SDK support Python 3.12 in high throughput production [Client ID: #CLI-101],Product Inquiries,High,Email,SMB
TKT-10733,Help needed: Which international currencies and payment cards does your platform support [Server Instance: US-East-631] Please look into this and advise on next steps as soon as possible.,Billing & Payments,Low,Email,SMB
TKT-10734,Help needed: Session timeout is too aggressive disconnecting users after only 5 minutes of inactivity [Workspace: WS-936] This is directly impacting our daily business operations.,Account Access,Medium,In-App Chat,SMB
TKT-10735,Is there a free trial period available for testing the advanced analytics add-on module Let us know if you need any additional diagnostic logs or screenshots.,Product Inquiries,Low,Web Portal,Free Tier
TKT-10736,"Hi there, GraphQL mutation returns intermittent schema validation error on batch updates We need resolution before our end-of-day sprint deadline.",Technical Issues,Medium,Web Portal,Free Tier
TKT-10737,Regarding our account: Are there community webinars or office hours available for new platform users [Workspace: WS-406] Please look into this and advise on next steps as soon as possible.,Product Inquiries,Low,Email,SMB
TKT-10738,Attention Support: Please cancel our monthly recurring addon package before the next billing cycle renews Our team has tried restarting but the issue persists.,Cancellation & Refunds,Medium,Web Portal,Enterprise
TKT-10739,"Dear Customer Care, Are there community webinars or office hours available for new platform users Please look into this and advise on next steps as soon as possible.",Product Inquiries,Low,Web Portal,Enterprise
TKT-10740,"Greetings, Need immediate confirmation if enterprise tier complies with HIPAA SOC2 and GDPR requirements for contract signing [Workspace: WS-839]",Product Inquiries,High,Email,Free Tier
TKT-10741,Support request: Fraudulent transactions detected on company card linked to this organization account Our team has tried restarting but the issue persists.,Billing & Payments,High,Email,Free Tier
TKT-10742,Support request: Requesting step by step instructions for configuring Microsoft Authenticator app Awaiting your guidance on how to resolve this.,Account Access,Low,Web Portal,SMB
TKT-10743,"Hi there, How do I update my profile avatar picture and display name on the portal Our team has tried restarting but the issue persists.",Account Access,Low,Web Portal,Free Tier
TKT-10744,Issue report: Google Workspace OAuth login throws redirect uri mismatch error on new domain Let us know if you need any additional diagnostic logs or screenshots.,Account Access,Medium,Web Portal,Free Tier
TKT-10745,Urgent assistance requested: PDF report generation outputting blank pages for charts with dark mode themes [Node: k8s-worker-186] Our team has tried restarting but the issue persists.,Technical Issues,Medium,Web Portal,Free Tier
TKT-10746,"Hi, Can one user account belong to multiple independent organizational workspaces Please escalate if necessary.",Account Access,Low,Web Portal,SMB
TKT-10747,"Hey team, Requesting step by step instructions for configuring Microsoft Authenticator app This is directly impacting our daily business operations.",Account Access,Low,In-App Chat,Enterprise
TKT-10748,"Hey team, Okta single sign-on redirect loop preventing executive team from accessing platform We need resolution before our end-of-day sprint deadline.",Account Access,High,Email,Enterprise
TKT-10749,Issue report: How to change default payment method from corporate Amex to ACH direct debit [Client ID: #CLI-902] Let us know if you need any additional diagnostic logs or screenshots.,Billing & Payments,Medium,Email,SMB
TKT-10750,"Good morning, Can we set up custom role-based access permissions for external contractor accounts Awaiting your guidance on how to resolve this.",Product Inquiries,Medium,Web Portal,SMB
TKT-10751,Help needed: How to change default payment method from corporate Amex to ACH direct debit,Billing & Payments,Medium,Email,SMB
TKT-10752,"Hello support team, Third party Zapier integration trigger not firing on new lead creation Appreciate your prompt attention to this matter.",Technical Issues,Medium,In-App Chat,SMB
TKT-10753,Attention Support: Cannot update primary email address in profile settings page throws permission denied error Please escalate if necessary.,Account Access,Medium,Web Portal,SMB
TKT-10754,Support request: Does your enterprise SLA guarantee 99.99 percent uptime with financial penalty clauses Our team has tried restarting but the issue persists.,Product Inquiries,High,Web Portal,Enterprise
TKT-10755,"Hello support team, Will our annual subscription automatically renew at the end of this billing cycle [Workspace: WS-320] Please escalate if necessary.",Billing & Payments,Low,Web Portal,SMB
TKT-10756,"Hello support team, Minor CSS alignment glitch on navigation bar when screen width is below 1200px Let us know if you need any additional diagnostic logs or screenshots.",Technical Issues,Low,Web Portal,SMB
TKT-10757,Issue report: Are there community webinars or office hours available for new platform users Thanks for your assistance.,Product Inquiries,Low,Web Portal,SMB
TKT-10758,Issue report: Currency conversion charge unexpectedly added to our USD billing statement [Account Ref: ACCT-650] Let us know if you need any additional diagnostic logs or screenshots.,Billing & Payments,Medium,Web Portal,SMB
TKT-10759,"Dear Customer Care, API response payload missing custom header metadata in staging environment [Client ID: #CLI-623] Could you please verify this on your backend system?",Technical Issues,Medium,Email,Free Tier
TKT-10760,Regarding our account: Suspected account breach: unauthorized password reset email and unknown IP login detected Our team has tried restarting but the issue persists.,Account Access,High,Web Portal,Free Tier
TKT-10761,"Greetings, Unauthorized upgrade charge applied to billing statement without admin approval",Billing & Payments,High,Email,SMB
TKT-10762,Support request: Session timeout is too aggressive disconnecting users after only 5 minutes of inactivity [Node: k8s-worker-547],Account Access,Medium,Web Portal,Free Tier
TKT-10763,"Hello support team, Integration with Jira webhook failing with 401 unauthorized after token rotation [Environment: Production-218] We need resolution before our end-of-day sprint deadline.",Technical Issues,Medium,Email,SMB
TKT-10764,"Greetings, Requesting payment receipt for the previous quarterly subscription cycle [Node: k8s-worker-859] Please escalate if necessary.",Billing & Payments,Medium,Email,Free Tier
TKT-10765,"Hi there, Service uptime breached SLA contract below 95 percent demanding contract cancellation and full penalty refund This is directly impacting our daily business operations.",Cancellation & Refunds,High,Web Portal,Free Tier
TKT-10766,"Hello support team, Are there community webinars or office hours available for new platform users Our team has tried restarting but the issue persists.",Product Inquiries,Low,Web Portal,SMB
TKT-10767,"Hi, Need to revoke workspace access for former employee and reassign ownership of dashboards Thanks for your assistance.",Account Access,Medium,Web Portal,Enterprise
TKT-10768,"Hey team, Session timeout is too aggressive disconnecting users after only 5 minutes of inactivity Our team has tried restarting but the issue persists.",Account Access,Medium,Web Portal,Free Tier
TKT-10769,Urgent assistance requested: Dashboard analytics graphs taking over 25 seconds to render on web portal [Client ID: #CLI-369] Let us know if you need any additional diagnostic logs or screenshots.,Technical Issues,Medium,In-App Chat,Enterprise
TKT-10770,Support request: API response payload missing custom header metadata in staging environment Please look into this and advise on next steps as soon as possible.,Technical Issues,Medium,Web Portal,SMB
TKT-10771,Urgent assistance requested: Please confirm that auto-renewal is disabled for our upcoming annual contract renewal This is directly impacting our daily business operations.,Cancellation & Refunds,Medium,Web Portal,SMB
TKT-10772,"Dear Customer Care, Does your enterprise SLA guarantee 99.99 percent uptime with financial penalty clauses [Client ID: #CLI-687] Appreciate your prompt attention to this matter.",Product Inquiries,High,Email,SMB
TKT-10773,Issue report: Session timeout is too aggressive disconnecting users after only 5 minutes of inactivity [Account Ref: ACCT-102] Please look into this and advise on next steps as soon as possible.,Account Access,Medium,Email,Enterprise
TKT-10774,Minor CSS alignment glitch on navigation bar when screen width is below 1200px [Environment: Production-472] This is directly impacting our daily business operations.,Technical Issues,Low,Email,Enterprise
TKT-10775,"Dear Customer Care, SSL TLS certificate expired on production load balancer customers seeing security warning Our team has tried restarting but the issue persists.",Technical Issues,High,Web Portal,Enterprise
TKT-10776,"Hi, Dashboard analytics graphs taking over 25 seconds to render on web portal",Technical Issues,Medium,Email,SMB
TKT-10777,"Good morning, Enterprise SAML SSO integration broken all company employees unable to sign in Let us know if you need any additional diagnostic logs or screenshots.",Account Access,High,In-App Chat,Free Tier
TKT-10778,"Hey team, Do you have a public product roadmap for upcoming Q4 feature releases Please look into this and advise on next steps as soon as possible.",Product Inquiries,Low,In-App Chat,SMB
TKT-10779,"Hi, CSV data export times out when file contains more than 10000 rows",Technical Issues,Medium,Email,SMB
TKT-10780,"Good morning, Suspected account breach: unauthorized password reset email and unknown IP login detected Thanks for your assistance.",Account Access,High,Web Portal,Free Tier
TKT-10781,Urgent assistance requested: Mobile application crashes when toggling push notifications in user settings Please look into this and advise on next steps as soon as possible.,Technical Issues,Medium,In-App Chat,SMB
TKT-10782,Urgent assistance requested: What are the architectural differences between Business and Enterprise subscription plans [Workspace: WS-857] We need resolution before our end-of-day sprint deadline.,Product Inquiries,Medium,Email,Enterprise
TKT-10783,"Good morning, Google Workspace OAuth login throws redirect uri mismatch error on new domain Awaiting your guidance on how to resolve this.",Account Access,Medium,Web Portal,SMB
TKT-10784,Regarding our account: Onboarding failed completely platform unusable cancel contract and refund all fees immediately We need resolution before our end-of-day sprint deadline.,Cancellation & Refunds,High,Email,Enterprise
TKT-10785,"Dear Customer Care, Fraudulent transactions detected on company card linked to this organization account This is directly impacting our daily business operations.",Billing & Payments,High,Web Portal,SMB
TKT-10786,"Good morning, Dashboard analytics graphs taking over 25 seconds to render on web portal [Node: k8s-worker-998] Thanks for your assistance.",Technical Issues,Medium,In-App Chat,Enterprise
TKT-10787,Urgent assistance requested: What are the architectural differences between Business and Enterprise subscription plans This is directly impacting our daily business operations.,Product Inquiries,Medium,Email,Enterprise
TKT-10788,SSL TLS certificate expired on production load balancer customers seeing security warning [Account Ref: ACCT-343] Could you please verify this on your backend system?,Technical Issues,High,Web Portal,Enterprise
TKT-10789,Help needed: How to change email notification preferences for weekly activity digests This is directly impacting our daily business operations.,Account Access,Low,Email,SMB
TKT-10790,Issue report: WebSocket connection randomly disconnects every 15 minutes on Firefox browser [Server Instance: US-East-965] Could you please verify this on your backend system?,Technical Issues,Medium,Web Portal,Enterprise
TKT-10791,Issue report: Currency conversion charge unexpectedly added to our USD billing statement Appreciate your prompt attention to this matter.,Billing & Payments,Medium,Web Portal,SMB
TKT-10792,"Hi there, Are there community webinars or office hours available for new platform users [Server Instance: US-East-752] Please escalate if necessary.",Product Inquiries,Low,Web Portal,Free Tier
TKT-10793,"Hi there, How do we export all our workspace data and audit logs before terminating our company account Please escalate if necessary.",Cancellation & Refunds,Medium,Web Portal,SMB
TKT-10794,Support request: Can we pause our account for two months during our seasonal business hiatus [Workspace: WS-971] Our team has tried restarting but the issue persists.,Cancellation & Refunds,Low,Web Portal,SMB
TKT-10795,Regarding our account: Need to revoke workspace access for former employee and reassign ownership of dashboards Let us know if you need any additional diagnostic logs or screenshots.,Account Access,Medium,Web Portal,Free Tier
TKT-10796,Urgent assistance requested: How to generate new personal API access tokens from profile settings tab Appreciate your prompt attention to this matter.,Account Access,Low,In-App Chat,SMB
TKT-10797,"Hi there, How to change default payment method from corporate Amex to ACH direct debit [Account Ref: ACCT-211] We need resolution before our end-of-day sprint deadline.",Billing & Payments,Medium,Web Portal,SMB
TKT-10798,"Hi there, WebSocket connection randomly disconnects every 15 minutes on Firefox browser Our team has tried restarting but the issue persists.",Technical Issues,Medium,Web Portal,Enterprise
TKT-10799,Attention Support: Data synchronization pipeline halted midway corrupted Kafka consumer offset Please look into this and advise on next steps as soon as possible.,Technical Issues,High,Email,SMB
TKT-10800,"Hi there, Critical PostgreSQL database connection pool exhausted all client requests failing with 500 Our team has tried restarting but the issue persists.",Technical Issues,High,Web Portal,Free Tier
TKT-10801,Mobile application crashes when toggling push notifications in user settings [Workspace: WS-251] Please escalate if necessary.,Technical Issues,Medium,Web Portal,Enterprise
TKT-10802,Issue report: Promotional discount code PROMO2024 was not applied during renewal checkout process We need resolution before our end-of-day sprint deadline.,Billing & Payments,Medium,Web Portal,Enterprise
TKT-10803,"Hi, Unauthorized upgrade charge applied to billing statement without admin approval This is directly impacting our daily business operations.",Billing & Payments,High,Web Portal,Free Tier
TKT-10804,Need to revoke workspace access for former employee and reassign ownership of dashboards [Environment: Production-975] Our team has tried restarting but the issue persists.,Account Access,Medium,Web Portal,SMB
TKT-10805,"Hi, Invited team member receives invalid invitation token error when clicking registration link [Environment: Production-204] Thanks for your assistance.",Account Access,Medium,Email,Enterprise
TKT-10806,"Hi there, Requesting detailed itemized breakdown for usage-based API bandwidth overages last month [Server Instance: US-East-233] This is directly impacting our daily business operations.",Billing & Payments,Medium,In-App Chat,SMB
TKT-10807,Suspected account breach: unauthorized password reset email and unknown IP login detected Let us know if you need any additional diagnostic logs or screenshots.,Account Access,High,Email,Enterprise
TKT-10808,"Greetings, Payment gateway timeout during checkout funds deducted from bank but subscription marked unpaid [Client ID: #CLI-122] Please escalate if necessary.",Billing & Payments,High,Email,Enterprise
TKT-10809,"Good morning, Will our annual subscription automatically renew at the end of this billing cycle",Billing & Payments,Low,Web Portal,SMB
TKT-10810,"Hi there, Account erroneously suspended for non-payment despite valid wire transfer confirmation number [Environment: Production-151] Appreciate your prompt attention to this matter.",Billing & Payments,High,Email,Enterprise
TKT-10811,"Greetings, Requesting detailed itemized breakdown for usage-based API bandwidth overages last month Let us know if you need any additional diagnostic logs or screenshots.",Billing & Payments,Medium,Email,SMB
TKT-10812,Help needed: SSL TLS certificate expired on production load balancer customers seeing security warning This is directly impacting our daily business operations.,Technical Issues,High,Email,SMB
TKT-10813,"Dear Customer Care, Can you share recommended best practices for structuring multi-team workspaces [Server Instance: US-East-381] Appreciate your prompt attention to this matter.",Product Inquiries,Low,Email,SMB
TKT-10814,Help needed: Can our enterprise pay via annual purchase order and bank check instead of credit card [Account Ref: ACCT-731] Our team has tried restarting but the issue persists.,Billing & Payments,Low,Web Portal,Enterprise
TKT-10815,Support request: Where can I find video walkthrough tutorials for onboarding new engineering staff Could you please verify this on your backend system?,Product Inquiries,Low,Web Portal,Enterprise
TKT-10816,"Hello support team, Inquiry regarding non-profit and educational discount pricing eligibility [Server Instance: US-East-529] Please look into this and advise on next steps as soon as possible.",Billing & Payments,Low,In-App Chat,Enterprise
TKT-10817,Support request: How to configure local development environment using Docker Compose file [Account Ref: ACCT-913] Thanks for your assistance.,Technical Issues,Low,Web Portal,SMB
TKT-10818,Attention Support: Cancel subscription immediately and issue full refund of 2200 dollars as promised by sales rep within 24 hours Appreciate your prompt attention to this matter.,Cancellation & Refunds,High,Email,Enterprise
TKT-10819,Urgent assistance requested: Inquiry regarding non-profit and educational discount pricing eligibility Please escalate if necessary.,Billing & Payments,Low,Web Portal,Free Tier
TKT-10820,"Hey team, Invited team member receives invalid invitation token error when clicking registration link [Account Ref: ACCT-324] Our team has tried restarting but the issue persists.",Account Access,Medium,Web Portal,SMB
TKT-10821,Regarding our account: Corporate credit card charged twice for annual enterprise plan total 4800 dollars reverse charge immediately [Environment: Production-642] Could you please verify this on your backend system?,Billing & Payments,High,Web Portal,SMB
TKT-10822,Regarding our account: Can we configure custom HTTP authorization headers on outgoing webhook payloads Please escalate if necessary.,Product Inquiries,Medium,Email,Enterprise
TKT-10823,"Hi there, WebSocket connection randomly disconnects every 15 minutes on Firefox browser We need resolution before our end-of-day sprint deadline.",Technical Issues,Medium,Web Portal,Enterprise
TKT-10824,"Greetings, Suspected account breach: unauthorized password reset email and unknown IP login detected Let us know if you need any additional diagnostic logs or screenshots.",Account Access,High,Email,SMB
TKT-10825,Does your platform have a public status page to monitor system uptime history [Account Ref: ACCT-425] Our team has tried restarting but the issue persists.,Product Inquiries,Low,Email,SMB
TKT-10826,"Greetings, Search query indexing delayed by 40 minutes in elasticsearch cluster This is directly impacting our daily business operations.",Technical Issues,Medium,Email,SMB
TKT-10827,"Greetings, Data synchronization pipeline halted midway corrupted Kafka consumer offset [Server Instance: US-East-956] Please escalate if necessary.",Technical Issues,High,In-App Chat,SMB
TKT-10828,"Hi, Can we pause our account for two months during our seasonal business hiatus [Client ID: #CLI-192] Could you please verify this on your backend system?",Cancellation & Refunds,Low,Email,SMB
TKT-10829,"Good morning, We are downsizing our team and wish to downgrade from Enterprise to Starter plan next month [Account Ref: ACCT-589] Please escalate if necessary.",Cancellation & Refunds,Medium,Email,Enterprise
TKT-10830,Urgent assistance requested: Where can I download past PDF invoices from the billing management console [Server Instance: US-East-448] Please escalate if necessary.,Billing & Payments,Low,Web Portal,Enterprise
TKT-10831,Regarding our account: Requesting detailed itemized breakdown for usage-based API bandwidth overages last month [Server Instance: US-East-700] Appreciate your prompt attention to this matter.,Billing & Payments,Medium,Web Portal,SMB
TKT-10832,"Dear Customer Care, We wish to switch from annual prepayment to monthly billing cycle at the end of term Please look into this and advise on next steps as soon as possible.",Cancellation & Refunds,Medium,Web Portal,Enterprise
TKT-10833,Urgent assistance requested: User cannot switch between multiple linked organization accounts from dropdown menu Please look into this and advise on next steps as soon as possible.,Account Access,Medium,Email,SMB
TKT-10834,Attention Support: Is there native integration support for Snowflake data warehouse and dbt models [Workspace: WS-430] Please escalate if necessary.,Product Inquiries,Medium,Email,Enterprise
TKT-10835,"Dear Customer Care, Please cancel our monthly recurring addon package before the next billing cycle renews Let us know if you need any additional diagnostic logs or screenshots.",Cancellation & Refunds,Medium,Web Portal,Enterprise
TKT-10836,Support request: GraphQL mutation returns intermittent schema validation error on batch updates [Account Ref: ACCT-810] Appreciate your prompt attention to this matter.,Technical Issues,Medium,Web Portal,SMB
TKT-10837,Regarding our account: API response payload missing custom header metadata in staging environment [Account Ref: ACCT-934] Appreciate your prompt attention to this matter.,Technical Issues,Medium,Email,SMB
TKT-10838,Attention Support: Urgent pre-sales technical requirement: does your SDK support Python 3.12 in high throughput production Could you please verify this on your backend system?,Product Inquiries,High,Web Portal,SMB
TKT-10839,"Dear Customer Care, Monthly invoice receipt not being sent to our accounts payable finance email address Our team has tried restarting but the issue persists.",Billing & Payments,Medium,Web Portal,Enterprise
TKT-10840,Attention Support: Browser tab favicon disappears when navigating between analytics workspaces [Account Ref: ACCT-425] Please escalate if necessary.,Technical Issues,Low,Web Portal,SMB
TKT-10841,"Good morning, API response payload missing custom header metadata in staging environment",Technical Issues,Medium,Web Portal,Free Tier
TKT-10842,"Dear Customer Care, How do we export all our workspace data and audit logs before terminating our company account Appreciate your prompt attention to this matter.",Cancellation & Refunds,Medium,In-App Chat,Free Tier
TKT-10843,Urgent assistance requested: Where can I find video walkthrough tutorials for onboarding new engineering staff [Client ID: #CLI-941] Appreciate your prompt attention to this matter.,Product Inquiries,Low,Web Portal,SMB
TKT-10844,Help needed: Data synchronization pipeline halted midway corrupted Kafka consumer offset [Server Instance: US-East-809] This is directly impacting our daily business operations.,Technical Issues,High,In-App Chat,SMB
TKT-10845,Urgent assistance requested: Is there a free trial period available for testing the advanced analytics add-on module Could you please verify this on your backend system?,Product Inquiries,Low,In-App Chat,Free Tier
TKT-10846,"Hello support team, Production Kubernetes cluster pods crashing in CrashLoopBackOff with OOMKilled errors Let us know if you need any additional diagnostic logs or screenshots.",Technical Issues,High,Web Portal,Enterprise
TKT-10847,"Dear Customer Care, PDF report generation outputting blank pages for charts with dark mode themes Let us know if you need any additional diagnostic logs or screenshots.",Technical Issues,Medium,Email,SMB
TKT-10848,Urgent assistance requested: Currency conversion charge unexpectedly added to our USD billing statement Thanks for your assistance.,Billing & Payments,Medium,Web Portal,Enterprise
TKT-10849,Help needed: Can we set up custom role-based access permissions for external contractor accounts Please escalate if necessary.,Product Inquiries,Medium,Email,Enterprise
TKT-10850,"Good morning, Is there native integration support for Snowflake data warehouse and dbt models Our team has tried restarting but the issue persists.",Product Inquiries,Medium,Email,SMB
TKT-10851,Can we set up custom role-based access permissions for external contractor accounts [Workspace: WS-367] This is directly impacting our daily business operations.,Product Inquiries,Medium,Email,Free Tier
TKT-10852,"Hi there, What are the architectural differences between Business and Enterprise subscription plans [Environment: Production-264] Appreciate your prompt attention to this matter.",Product Inquiries,Medium,Email,SMB
TKT-10853,"Hi, CSV data export times out when file contains more than 10000 rows [Account Ref: ACCT-594] Please look into this and advise on next steps as soon as possible.",Technical Issues,Medium,In-App Chat,Free Tier
TKT-10854,Attention Support: Need to update company billing address and official legal entity name on future receipts [Environment: Production-260],Billing & Payments,Medium,Web Portal,Free Tier
TKT-10855,"Hi there, We are downsizing our team and wish to downgrade from Enterprise to Starter plan next month [Server Instance: US-East-519] Appreciate your prompt attention to this matter.",Cancellation & Refunds,Medium,Email,SMB
TKT-10856,"Hi, Okta single sign-on redirect loop preventing executive team from accessing platform [Workspace: WS-404] Thanks for your assistance.",Account Access,High,Web Portal,SMB
TKT-10857,"Hi there, Cannot update primary email address in profile settings page throws permission denied error This is directly impacting our daily business operations.",Account Access,Medium,In-App Chat,Enterprise
TKT-10858,"Dear Customer Care, Requesting payment receipt for the previous quarterly subscription cycle This is directly impacting our daily business operations.",Billing & Payments,Medium,Email,SMB
TKT-10859,"Hi there, SSL TLS certificate expired on production load balancer customers seeing security warning Could you please verify this on your backend system?",Technical Issues,High,Email,SMB
TKT-10860,Help needed: Browser tab favicon disappears when navigating between analytics workspaces [Server Instance: US-East-274] We need resolution before our end-of-day sprint deadline.,Technical Issues,Low,Web Portal,SMB
TKT-10861,"Hi there, Data residency question: can our customer database be hosted exclusively in Frankfurt EU region Awaiting your guidance on how to resolve this.",Product Inquiries,High,Web Portal,SMB
TKT-10862,"Hey team, Are there community webinars or office hours available for new platform users Please look into this and advise on next steps as soon as possible.",Product Inquiries,Low,In-App Chat,SMB
TKT-10863,"Dear Customer Care, Currency conversion charge unexpectedly added to our USD billing statement Appreciate your prompt attention to this matter.",Billing & Payments,Medium,Web Portal,SMB
TKT-10864,"Dear Customer Care, Is there an official public RSS feed for platform uptime and release changelogs [Environment: Production-576] Awaiting your guidance on how to resolve this.",Technical Issues,Low,Email,SMB
TKT-10865,"Good morning, Critical: tax invoice missing mandatory VAT GST identification number audit deadline today Could you please verify this on your backend system?",Billing & Payments,High,Web Portal,SMB
TKT-10866,Regarding our account: WebSocket connection randomly disconnects every 15 minutes on Firefox browser [Node: k8s-worker-452],Technical Issues,Medium,In-App Chat,Free Tier
TKT-10867,Attention Support: Two factor authentication SMS codes not arriving and recovery emergency codes failing [Client ID: #CLI-960] Please escalate if necessary.,Account Access,High,In-App Chat,Free Tier
TKT-10868,"Greetings, Inquiry regarding non-profit and educational discount pricing eligibility We need resolution before our end-of-day sprint deadline.",Billing & Payments,Low,In-App Chat,Enterprise
TKT-10869,Attention Support: We are downsizing our team and wish to downgrade from Enterprise to Starter plan next month This is directly impacting our daily business operations.,Cancellation & Refunds,Medium,In-App Chat,SMB
TKT-10870,Regarding our account: Does your enterprise SLA guarantee 99.99 percent uptime with financial penalty clauses Please escalate if necessary.,Product Inquiries,High,Web Portal,Enterprise
TKT-10871,"Dear Customer Care, Where is the account cancellation button located inside the workspace settings panel Please look into this and advise on next steps as soon as possible.",Cancellation & Refunds,Low,In-App Chat,Free Tier
TKT-10872,"Dear Customer Care, GraphQL mutation returns intermittent schema validation error on batch updates Our team has tried restarting but the issue persists.",Technical Issues,Medium,Web Portal,Enterprise
TKT-10873,"Dear Customer Care, Integration with Jira webhook failing with 401 unauthorized after token rotation This is directly impacting our daily business operations.",Technical Issues,Medium,Web Portal,Enterprise
TKT-10874,"Good morning, SSL TLS certificate expired on production load balancer customers seeing security warning [Account Ref: ACCT-364]",Technical Issues,High,In-App Chat,SMB
TKT-10875,Issue report: Customer requesting partial refund for 10 unused seat licenses from previous quarter [Account Ref: ACCT-506] Please look into this and advise on next steps as soon as possible.,Cancellation & Refunds,Medium,Web Portal,SMB
TKT-10876,Need a formal proforma invoice before finance department can release wire payment Could you please verify this on your backend system?,Billing & Payments,Medium,Web Portal,Enterprise
TKT-10877,Regarding our account: Dashboard analytics graphs taking over 25 seconds to render on web portal Please escalate if necessary.,Technical Issues,Medium,Email,Enterprise
TKT-10878,"Hi there, Requesting dark mode theme support for the desktop application client [Account Ref: ACCT-702] Let us know if you need any additional diagnostic logs or screenshots.",Technical Issues,Low,Web Portal,SMB
TKT-10879,Regarding our account: Does your enterprise SLA guarantee 99.99 percent uptime with financial penalty clauses Please look into this and advise on next steps as soon as possible.,Product Inquiries,High,Web Portal,SMB
TKT-10880,Regarding our account: Promotional discount code PROMO2024 was not applied during renewal checkout process Could you please verify this on your backend system?,Billing & Payments,Medium,Email,Enterprise
TKT-10881,Attention Support: Need to revoke workspace access for former employee and reassign ownership of dashboards Could you please verify this on your backend system?,Account Access,Medium,Web Portal,SMB
TKT-10882,"Greetings, GraphQL mutation returns intermittent schema validation error on batch updates Please escalate if necessary.",Technical Issues,Medium,Web Portal,SMB
TKT-10883,"Hey team, Requesting formal price quote for adding 8 additional team seats next quarter [Account Ref: ACCT-797] Let us know if you need any additional diagnostic logs or screenshots.",Billing & Payments,Low,Web Portal,SMB
TKT-10884,"Hello support team, What is the billing cycle date for recurring monthly addon licenses Let us know if you need any additional diagnostic logs or screenshots.",Billing & Payments,Low,Email,SMB
TKT-10885,Issue report: Do you have a public product roadmap for upcoming Q4 feature releases [Environment: Production-375] We need resolution before our end-of-day sprint deadline.,Product Inquiries,Low,Web Portal,SMB
TKT-10886,"Hello support team, Do you have a public product roadmap for upcoming Q4 feature releases Appreciate your prompt attention to this matter.",Product Inquiries,Low,In-App Chat,SMB
TKT-10887,"Hey team, Mobile application crashes when toggling push notifications in user settings Could you please verify this on your backend system?",Technical Issues,Medium,Email,SMB
TKT-10888,Will our annual subscription automatically renew at the end of this billing cycle [Node: k8s-worker-553] We need resolution before our end-of-day sprint deadline.,Billing & Payments,Low,Web Portal,Free Tier
TKT-10889,"Hey team, Need a formal proforma invoice before finance department can release wire payment Let us know if you need any additional diagnostic logs or screenshots.",Billing & Payments,Medium,Web Portal,SMB
TKT-10890,"Good morning, Critical PostgreSQL database connection pool exhausted all client requests failing with 500 [Environment: Production-858] Awaiting your guidance on how to resolve this.",Technical Issues,High,In-App Chat,Enterprise
TKT-10891,Regarding our account: Invited team member receives invalid invitation token error when clicking registration link Thanks for your assistance.,Account Access,Medium,Web Portal,SMB
TKT-10892,"Hi, Dashboard analytics graphs taking over 25 seconds to render on web portal [Node: k8s-worker-618] Our team has tried restarting but the issue persists.",Technical Issues,Medium,Web Portal,SMB
TKT-10893,"Dear Customer Care, PDF report generation outputting blank pages for charts with dark mode themes Thanks for your assistance.",Technical Issues,Medium,Web Portal,Enterprise
TKT-10894,"Dear Customer Care, Production Kubernetes cluster pods crashing in CrashLoopBackOff with OOMKilled errors We need resolution before our end-of-day sprint deadline.",Technical Issues,High,Email,Enterprise
TKT-10895,How many days before the renewal date do we need to submit a formal cancellation request [Environment: Production-151] This is directly impacting our daily business operations.,Cancellation & Refunds,Low,Email,Enterprise
TKT-10896,Issue report: How to update billing email recipient list for monthly summary digests [Environment: Production-617] We need resolution before our end-of-day sprint deadline.,Billing & Payments,Low,Web Portal,Enterprise
TKT-10897,Support request: How to change email notification preferences for weekly activity digests Please look into this and advise on next steps as soon as possible.,Account Access,Low,Email,Enterprise
TKT-10898,Urgent assistance requested: Suspected account breach: unauthorized password reset email and unknown IP login detected Awaiting your guidance on how to resolve this.,Account Access,High,Web Portal,Free Tier
TKT-10899,WebSocket connection randomly disconnects every 15 minutes on Firefox browser Awaiting your guidance on how to resolve this.,Technical Issues,Medium,Web Portal,Free Tier
TKT-10900,Urgent assistance requested: Can we configure custom HTTP authorization headers on outgoing webhook payloads Our team has tried restarting but the issue persists.,Product Inquiries,Medium,Email,Enterprise
TKT-10901,Issue report: Monthly invoice receipt not being sent to our accounts payable finance email address [Environment: Production-150] Please look into this and advise on next steps as soon as possible.,Billing & Payments,Medium,Web Portal,SMB
TKT-10902,Service uptime breached SLA contract below 95 percent demanding contract cancellation and full penalty refund Please escalate if necessary.,Cancellation & Refunds,High,Web Portal,Enterprise
TKT-10903,How to configure local development environment using Docker Compose file We need resolution before our end-of-day sprint deadline.,Technical Issues,Low,Web Portal,SMB
TKT-10904,"Hey team, Urgent pre-sales technical requirement: does your SDK support Python 3.12 in high throughput production",Product Inquiries,High,Web Portal,SMB
TKT-10905,How do I update my profile avatar picture and display name on the portal [Server Instance: US-East-762],Account Access,Low,Email,SMB
TKT-10906,"Greetings, Urgent pre-sales technical requirement: does your SDK support Python 3.12 in high throughput production [Account Ref: ACCT-924] This is directly impacting our daily business operations.",Product Inquiries,High,Web Portal,Enterprise
TKT-10907,Issue report: Monthly invoice receipt not being sent to our accounts payable finance email address [Environment: Production-972],Billing & Payments,Medium,Email,Free Tier
TKT-10908,Help needed: Need a formal proforma invoice before finance department can release wire payment [Workspace: WS-793] Could you please verify this on your backend system?,Billing & Payments,Medium,Web Portal,Enterprise
TKT-10909,Google Workspace OAuth login throws redirect uri mismatch error on new domain Please escalate if necessary.,Account Access,Medium,Email,Enterprise
TKT-10910,"Hello support team, CSV data export times out when file contains more than 10000 rows Thanks for your assistance.",Technical Issues,Medium,Web Portal,Enterprise
TKT-10911,"Hi, Data residency question: can our customer database be hosted exclusively in Frankfurt EU region",Product Inquiries,High,Email,Enterprise
TKT-10912,"Hey team, Mobile application crashes when toggling push notifications in user settings [Client ID: #CLI-444]",Technical Issues,Medium,Email,SMB
TKT-10913,Support request: Data residency question: can our customer database be hosted exclusively in Frankfurt EU region Appreciate your prompt attention to this matter.,Product Inquiries,High,Email,Enterprise
TKT-10914,Support request: Need to revoke workspace access for former employee and reassign ownership of dashboards [Server Instance: US-East-629],Account Access,Medium,In-App Chat,SMB
TKT-10915,"Hello support team, Severe memory leak in backend microservice causing Redis node failovers Please escalate if necessary.",Technical Issues,High,Email,SMB
TKT-10916,Support request: Data residency question: can our customer database be hosted exclusively in Frankfurt EU region Our team has tried restarting but the issue persists.,Product Inquiries,High,Web Portal,Enterprise
TKT-10917,Help needed: We wish to switch from annual prepayment to monthly billing cycle at the end of term [Environment: Production-514] Could you please verify this on your backend system?,Cancellation & Refunds,Medium,In-App Chat,Enterprise
TKT-10918,Issue report: Invited team member receives invalid invitation token error when clicking registration link This is directly impacting our daily business operations.,Account Access,Medium,Web Portal,Free Tier
TKT-10919,Where is the account cancellation button located inside the workspace settings panel [Node: k8s-worker-327] We need resolution before our end-of-day sprint deadline.,Cancellation & Refunds,Low,Email,Enterprise
TKT-10920,Support request: Inquiry regarding non-profit and educational discount pricing eligibility Appreciate your prompt attention to this matter.,Billing & Payments,Low,Web Portal,SMB
TKT-10921,"Dear Customer Care, User cannot switch between multiple linked organization accounts from dropdown menu",Account Access,Medium,In-App Chat,SMB
TKT-10922,"Hey team, Account erroneously suspended for non-payment despite valid wire transfer confirmation number Please look into this and advise on next steps as soon as possible.",Billing & Payments,High,Web Portal,Enterprise
TKT-10923,Issue report: Can our enterprise pay via annual purchase order and bank check instead of credit card Thanks for your assistance.,Billing & Payments,Low,In-App Chat,Enterprise
TKT-10924,Support request: Requesting formal price quote for adding 8 additional team seats next quarter Appreciate your prompt attention to this matter.,Billing & Payments,Low,Web Portal,Enterprise
TKT-10925,Urgent assistance requested: Integration with Jira webhook failing with 401 unauthorized after token rotation We need resolution before our end-of-day sprint deadline.,Technical Issues,Medium,Web Portal,Free Tier
TKT-10926,Attention Support: Monthly invoice receipt not being sent to our accounts payable finance email address Appreciate your prompt attention to this matter.,Billing & Payments,Medium,Web Portal,SMB
TKT-10927,"Hey team, Requesting step by step instructions for configuring Microsoft Authenticator app Awaiting your guidance on how to resolve this.",Account Access,Low,Email,SMB
TKT-10928,"Hello support team, Can we pause our account for two months during our seasonal business hiatus",Cancellation & Refunds,Low,Email,Enterprise
TKT-10929,"Hi there, Webhook delivery engine completely stalled queue depth exceeding 500000 events Awaiting your guidance on how to resolve this.",Technical Issues,High,Email,SMB
TKT-10930,Will our annual subscription automatically renew at the end of this billing cycle,Billing & Payments,Low,In-App Chat,Free Tier
TKT-10931,Attention Support: Monthly invoice receipt not being sent to our accounts payable finance email address This is directly impacting our daily business operations.,Billing & Payments,Medium,Web Portal,Enterprise
TKT-10932,"Dear Customer Care, WebSocket connection randomly disconnects every 15 minutes on Firefox browser [Account Ref: ACCT-568] We need resolution before our end-of-day sprint deadline.",Technical Issues,Medium,Web Portal,Free Tier
TKT-10933,Urgent assistance requested: Feature request: support custom hex color codes in dashboard theme settings Our team has tried restarting but the issue persists.,Technical Issues,Low,Email,Enterprise
TKT-10934,Urgent assistance requested: Requesting payment receipt for the previous quarterly subscription cycle,Billing & Payments,Medium,Email,SMB
TKT-10935,Support request: Data synchronization pipeline halted midway corrupted Kafka consumer offset [Workspace: WS-314] This is directly impacting our daily business operations.,Technical Issues,High,Email,Free Tier
TKT-10936,"Greetings, Requesting formal price quote for adding 8 additional team seats next quarter Our team has tried restarting but the issue persists.",Billing & Payments,Low,Email,Free Tier
TKT-10937,Regarding our account: Can we set up custom role-based access permissions for external contractor accounts [Environment: Production-748] Please look into this and advise on next steps as soon as possible.,Product Inquiries,Medium,Email,Free Tier
TKT-10938,Attention Support: Currency conversion charge unexpectedly added to our USD billing statement Let us know if you need any additional diagnostic logs or screenshots.,Billing & Payments,Medium,Web Portal,Free Tier
TKT-10939,"Hello support team, What is the maximum hard API rate limit per second before enterprise contract deployment tonight This is directly impacting our daily business operations.",Product Inquiries,High,Email,SMB
TKT-10940,"Hello support team, Is there an official public RSS feed for platform uptime and release changelogs Appreciate your prompt attention to this matter.",Technical Issues,Low,Web Portal,Enterprise
TKT-10941,"Good morning, Requesting step by step instructions for configuring Microsoft Authenticator app This is directly impacting our daily business operations.",Account Access,Low,Web Portal,SMB
TKT-10942,Issue report: Okta single sign-on redirect loop preventing executive team from accessing platform [Workspace: WS-419] We need resolution before our end-of-day sprint deadline.,Account Access,High,Web Portal,SMB
TKT-10943,"Hi there, Requesting formal price quote for adding 8 additional team seats next quarter Let us know if you need any additional diagnostic logs or screenshots.",Billing & Payments,Low,Email,Free Tier
TKT-10944,"Dear Customer Care, Spelling typo noticed in confirmation tooltip under advanced security settings Please look into this and advise on next steps as soon as possible.",Technical Issues,Low,Web Portal,SMB
TKT-10945,"Hey team, Security incident: multiple unauthorized API requests detected bypassing rate limiter Awaiting your guidance on how to resolve this.",Technical Issues,High,Email,SMB
TKT-10946,"Hi, API response payload missing custom header metadata in staging environment Appreciate your prompt attention to this matter.",Technical Issues,Medium,Web Portal,SMB
TKT-10947,Urgent assistance requested: Requesting formal price quote for adding 8 additional team seats next quarter Awaiting your guidance on how to resolve this.,Billing & Payments,Low,Email,SMB
TKT-10948,"Dear Customer Care, How to change default payment method from corporate Amex to ACH direct debit [Server Instance: US-East-844] Let us know if you need any additional diagnostic logs or screenshots.",Billing & Payments,Medium,Email,SMB
TKT-10949,"Good morning, Primary REST API endpoint returning 503 Service Unavailable outage affecting all EU users This is directly impacting our daily business operations.",Technical Issues,High,Web Portal,SMB
TKT-10950,"Hi there, Urgent pre-sales technical requirement: does your SDK support Python 3.12 in high throughput production Appreciate your prompt attention to this matter.",Product Inquiries,High,Web Portal,Free Tier
TKT-10951,"Hello support team, Can we set up custom role-based access permissions for external contractor accounts Let us know if you need any additional diagnostic logs or screenshots.",Product Inquiries,Medium,Web Portal,SMB
TKT-10952,Regarding our account: Subscription auto-renewed without mandatory 30-day notice demanding immediate full refund and cancellation Thanks for your assistance.,Cancellation & Refunds,High,In-App Chat,SMB
TKT-10953,"Hello support team, Two factor authentication SMS codes not arriving and recovery emergency codes failing [Client ID: #CLI-149]",Account Access,High,Web Portal,SMB
TKT-10954,Attention Support: CSV data export times out when file contains more than 10000 rows Awaiting your guidance on how to resolve this.,Technical Issues,Medium,In-App Chat,SMB
TKT-10955,"Hey team, Two factor authentication SMS codes not arriving and recovery emergency codes failing Awaiting your guidance on how to resolve this.",Account Access,High,Web Portal,Enterprise
TKT-10956,Issue report: Can one user account belong to multiple independent organizational workspaces,Account Access,Low,Email,Enterprise
TKT-10957,Attention Support: Monthly invoice receipt not being sent to our accounts payable finance email address [Account Ref: ACCT-376],Billing & Payments,Medium,Web Portal,Free Tier
TKT-10958,"Greetings, How many concurrent API requests are permitted on the standard developer tier plan Our team has tried restarting but the issue persists.",Product Inquiries,Medium,Web Portal,Enterprise
TKT-10959,"Hi, CSV data export times out when file contains more than 10000 rows [Client ID: #CLI-903] Please escalate if necessary.",Technical Issues,Medium,Web Portal,SMB
TKT-10960,Help needed: Organization admin locked out completely root credentials MFA authenticator lost urgent access required We need resolution before our end-of-day sprint deadline.,Account Access,High,Web Portal,Enterprise
TKT-10961,Spelling typo noticed in confirmation tooltip under advanced security settings Thanks for your assistance.,Technical Issues,Low,Web Portal,SMB
TKT-10962,Issue report: Is there an official public RSS feed for platform uptime and release changelogs [Client ID: #CLI-661] Let us know if you need any additional diagnostic logs or screenshots.,Technical Issues,Low,Email,Enterprise
TKT-10963,"Good morning, Inquiry regarding non-profit and educational discount pricing eligibility [Client ID: #CLI-113] Awaiting your guidance on how to resolve this.",Billing & Payments,Low,In-App Chat,Enterprise
TKT-10964,"Hi there, What happens to our stored data and uploaded files after account closure Please look into this and advise on next steps as soon as possible.",Cancellation & Refunds,Low,In-App Chat,SMB
TKT-10965,Help needed: Session timeout is too aggressive disconnecting users after only 5 minutes of inactivity Our team has tried restarting but the issue persists.,Account Access,Medium,Email,SMB
TKT-10966,"Hi, User cannot switch between multiple linked organization accounts from dropdown menu Please look into this and advise on next steps as soon as possible.",Account Access,Medium,Email,Free Tier
TKT-10967,"Hey team, Documentation link in developer portal version 2.4 points to outdated 404 page [Workspace: WS-370]",Technical Issues,Low,Email,Free Tier
TKT-10968,"Hello support team, Requesting payment receipt for the previous quarterly subscription cycle Please look into this and advise on next steps as soon as possible.",Billing & Payments,Medium,In-App Chat,Enterprise
TKT-10969,"Hello support team, Can we set up custom role-based access permissions for external contractor accounts Could you please verify this on your backend system?",Product Inquiries,Medium,Email,SMB
TKT-10970,Urgent assistance requested: Session timeout is too aggressive disconnecting users after only 5 minutes of inactivity Let us know if you need any additional diagnostic logs or screenshots.,Account Access,Medium,Web Portal,Enterprise
TKT-10971,Documentation link in developer portal version 2.4 points to outdated 404 page [Server Instance: US-East-779] This is directly impacting our daily business operations.,Technical Issues,Low,In-App Chat,SMB
TKT-10972,"Dear Customer Care, Is there native integration support for Snowflake data warehouse and dbt models Appreciate your prompt attention to this matter.",Product Inquiries,Medium,Email,Free Tier
TKT-10973,"Greetings, How do we export all our workspace data and audit logs before terminating our company account Could you please verify this on your backend system?",Cancellation & Refunds,Medium,Email,Enterprise
TKT-10974,Urgent assistance requested: Cancel subscription immediately and issue full refund of 2200 dollars as promised by sales rep within 24 hours [Environment: Production-509] Appreciate your prompt attention to this matter.,Cancellation & Refunds,High,Email,SMB
TKT-10975,"Hey team, Primary administrator deleted by mistake restore account privileges and access immediately Let us know if you need any additional diagnostic logs or screenshots.",Account Access,High,In-App Chat,Enterprise
TKT-10976,Regarding our account: Primary administrator deleted by mistake restore account privileges and access immediately Let us know if you need any additional diagnostic logs or screenshots.,Account Access,High,Web Portal,SMB
TKT-10977,"Hi there, Account erroneously suspended for non-payment despite valid wire transfer confirmation number Our team has tried restarting but the issue persists.",Billing & Payments,High,Web Portal,SMB
TKT-10978,Is there a free trial period available for testing the advanced analytics add-on module [Account Ref: ACCT-594] Our team has tried restarting but the issue persists.,Product Inquiries,Low,Web Portal,SMB
TKT-10979,Support request: Webhook delivery engine completely stalled queue depth exceeding 500000 events [Environment: Production-897] Awaiting your guidance on how to resolve this.,Technical Issues,High,Email,SMB
TKT-10980,"Greetings, Data synchronization pipeline halted midway corrupted Kafka consumer offset This is directly impacting our daily business operations.",Technical Issues,High,Web Portal,Free Tier
TKT-10981,Help needed: Service uptime breached SLA contract below 95 percent demanding contract cancellation and full penalty refund [Environment: Production-551] Awaiting your guidance on how to resolve this.,Cancellation & Refunds,High,Web Portal,Free Tier
TKT-10982,"Hi there, We are downsizing our team and wish to downgrade from Enterprise to Starter plan next month Could you please verify this on your backend system?",Cancellation & Refunds,Medium,Web Portal,Enterprise
TKT-10983,Issue report: Password reset email link never arrives in user inbox or spam junk folder,Account Access,Medium,Web Portal,SMB
TKT-10984,Issue report: Browser tab favicon disappears when navigating between analytics workspaces [Node: k8s-worker-994] Please escalate if necessary.,Technical Issues,Low,Web Portal,Enterprise
TKT-10985,Help needed: How to configure local development environment using Docker Compose file Appreciate your prompt attention to this matter.,Technical Issues,Low,Web Portal,Free Tier
TKT-10986,"Dear Customer Care, Currency conversion charge unexpectedly added to our USD billing statement Thanks for your assistance.",Billing & Payments,Medium,Web Portal,SMB
TKT-10987,"Hello support team, Where can I access the OpenAPI Swagger documentation and Postman collections This is directly impacting our daily business operations.",Product Inquiries,Low,Web Portal,Enterprise
TKT-10988,"Hi, Where can I find video walkthrough tutorials for onboarding new engineering staff Awaiting your guidance on how to resolve this.",Product Inquiries,Low,Web Portal,SMB
TKT-10989,"Hi there, Requesting formal price quote for adding 8 additional team seats next quarter [Workspace: WS-384] Awaiting your guidance on how to resolve this.",Billing & Payments,Low,Web Portal,Enterprise
TKT-10990,"Hi, Need immediate confirmation if enterprise tier complies with HIPAA SOC2 and GDPR requirements for contract signing We need resolution before our end-of-day sprint deadline.",Product Inquiries,High,Web Portal,SMB
TKT-10991,Attention Support: Currency conversion charge unexpectedly added to our USD billing statement [Environment: Production-920] We need resolution before our end-of-day sprint deadline.,Billing & Payments,Medium,Email,Enterprise
TKT-10992,Help needed: Requesting step by step instructions for configuring Microsoft Authenticator app Please look into this and advise on next steps as soon as possible.,Account Access,Low,Email,Enterprise
TKT-10993,Urgent assistance requested: GraphQL mutation returns intermittent schema validation error on batch updates Please look into this and advise on next steps as soon as possible.,Technical Issues,Medium,Web Portal,SMB
TKT-10994,Support request: Okta single sign-on redirect loop preventing executive team from accessing platform [Environment: Production-136] This is directly impacting our daily business operations.,Account Access,High,Web Portal,SMB
TKT-10995,"Hi, Two factor authentication SMS codes not arriving and recovery emergency codes failing This is directly impacting our daily business operations.",Account Access,High,Email,Enterprise
TKT-10996,"Greetings, Where is the account cancellation button located inside the workspace settings panel [Account Ref: ACCT-675]",Cancellation & Refunds,Low,Web Portal,Enterprise
TKT-10997,Support request: How to change default payment method from corporate Amex to ACH direct debit,Billing & Payments,Medium,Email,Free Tier
TKT-10998,Urgent assistance requested: Bank merchant account blocked our checkout payments requesting emergency gateway switch Thanks for your assistance.,Billing & Payments,High,Email,SMB
TKT-10999,Help needed: Google Workspace OAuth login throws redirect uri mismatch error on new domain,Account Access,Medium,Web Portal,Free Tier
TKT-11000,"Hi there, Where can I find sample Postman collections for testing v3 webhook endpoints Please look into this and advise on next steps as soon as possible.",Technical Issues,Low,In-App Chat,SMB
TKT-11001,"Hello support team, Cannot update primary email address in profile settings page throws permission denied error Appreciate your prompt attention to this matter.",Account Access,Medium,In-App Chat,Enterprise
TKT-11002,"Hi, Monthly invoice receipt not being sent to our accounts payable finance email address Thanks for your assistance.",Billing & Payments,Medium,Web Portal,SMB
TKT-11003,"Hello support team, Promotional discount code PROMO2024 was not applied during renewal checkout process Our team has tried restarting but the issue persists.",Billing & Payments,Medium,In-App Chat,Enterprise
TKT-11004,Issue report: We wish to switch from annual prepayment to monthly billing cycle at the end of term [Account Ref: ACCT-300] Let us know if you need any additional diagnostic logs or screenshots.,Cancellation & Refunds,Medium,Email,SMB
TKT-11005,"Hi there, Urgent pre-sales technical requirement: does your SDK support Python 3.12 in high throughput production [Server Instance: US-East-833] Let us know if you need any additional diagnostic logs or screenshots.",Product Inquiries,High,Email,Enterprise
TKT-11006,"Hi there, If we cancel our subscription do we retain read-only access to historical dashboard data [Node: k8s-worker-957] Let us know if you need any additional diagnostic logs or screenshots.",Cancellation & Refunds,Low,Web Portal,Enterprise
TKT-11007,"Greetings, Is there native integration support for Snowflake data warehouse and dbt models Please look into this and advise on next steps as soon as possible.",Product Inquiries,Medium,In-App Chat,Enterprise
TKT-11008,Help needed: Where can I find sample Postman collections for testing v3 webhook endpoints,Technical Issues,Low,Email,Free Tier
TKT-11009,Help needed: Requesting detailed itemized breakdown for usage-based API bandwidth overages last month This is directly impacting our daily business operations.,Billing & Payments,Medium,Email,SMB
TKT-11010,"Hi, Password reset email link never arrives in user inbox or spam junk folder Let us know if you need any additional diagnostic logs or screenshots.",Account Access,Medium,Web Portal,Enterprise
TKT-11011,"Hi, What is the maximum hard API rate limit per second before enterprise contract deployment tonight Our team has tried restarting but the issue persists.",Product Inquiries,High,Email,Enterprise
TKT-11012,Issue report: Can one user account belong to multiple independent organizational workspaces [Node: k8s-worker-714] Our team has tried restarting but the issue persists.,Account Access,Low,Web Portal,Enterprise
TKT-11013,Urgent assistance requested: API response payload missing custom header metadata in staging environment Thanks for your assistance.,Technical Issues,Medium,Email,Enterprise
TKT-11014,"Greetings, What native database connectors are supported for the real-time analytics pipeline [Workspace: WS-401] We need resolution before our end-of-day sprint deadline.",Product Inquiries,Medium,Web Portal,Free Tier
TKT-11015,Regarding our account: Requesting payment receipt for the previous quarterly subscription cycle [Account Ref: ACCT-816] Our team has tried restarting but the issue persists.,Billing & Payments,Medium,Web Portal,Enterprise
TKT-11016,"Hey team, Critical zero-day vulnerability patch required immediately on customer ingress controller Thanks for your assistance.",Technical Issues,High,Email,SMB
TKT-11017,Issue report: Okta single sign-on redirect loop preventing executive team from accessing platform Thanks for your assistance.,Account Access,High,Web Portal,SMB
TKT-11018,"Good morning, Service uptime breached SLA contract below 95 percent demanding contract cancellation and full penalty refund Please escalate if necessary.",Cancellation & Refunds,High,In-App Chat,SMB
TKT-11019,Urgent assistance requested: Session timeout is too aggressive disconnecting users after only 5 minutes of inactivity [Node: k8s-worker-765],Account Access,Medium,Web Portal,Enterprise
TKT-11020,"Hi, Cannot update primary email address in profile settings page throws permission denied error Thanks for your assistance.",Account Access,Medium,In-App Chat,SMB
TKT-11021,Issue report: Is there an official public RSS feed for platform uptime and release changelogs Please look into this and advise on next steps as soon as possible.,Technical Issues,Low,Web Portal,SMB
TKT-11022,Help needed: Requesting step by step instructions for configuring Microsoft Authenticator app Please escalate if necessary.,Account Access,Low,Email,SMB
TKT-11023,Issue report: How to generate new personal API access tokens from profile settings tab Let us know if you need any additional diagnostic logs or screenshots.,Account Access,Low,Web Portal,Enterprise
TKT-11024,"Hey team, Critical zero-day vulnerability patch required immediately on customer ingress controller Let us know if you need any additional diagnostic logs or screenshots.",Technical Issues,High,Email,SMB
TKT-11025,"Hi there, Two factor authentication SMS codes not arriving and recovery emergency codes failing This is directly impacting our daily business operations.",Account Access,High,Email,SMB
TKT-11026,Support request: Password reset email link never arrives in user inbox or spam junk folder [Server Instance: US-East-393] This is directly impacting our daily business operations.,Account Access,Medium,Web Portal,Enterprise
TKT-11027,"Dear Customer Care, Spelling typo noticed in confirmation tooltip under advanced security settings This is directly impacting our daily business operations.",Technical Issues,Low,In-App Chat,SMB
TKT-11028,"Good morning, Mobile application crashes when toggling push notifications in user settings [Environment: Production-204] Thanks for your assistance.",Technical Issues,Medium,Email,SMB
TKT-11029,Webhook delivery engine completely stalled queue depth exceeding 500000 events,Technical Issues,High,Email,SMB
TKT-11030,Issue report: Severe memory leak in backend microservice causing Redis node failovers,Technical Issues,High,Email,Free Tier
TKT-11031,"Hi, Please cancel our monthly recurring addon package before the next billing cycle renews Could you please verify this on your backend system?",Cancellation & Refunds,Medium,Email,Enterprise
TKT-11032,Attention Support: Password reset email link never arrives in user inbox or spam junk folder Let us know if you need any additional diagnostic logs or screenshots.,Account Access,Medium,Email,SMB
TKT-11033,"Hi, Data synchronization pipeline halted midway corrupted Kafka consumer offset [Workspace: WS-307] This is directly impacting our daily business operations.",Technical Issues,High,Web Portal,Enterprise
TKT-11034,Browser tab favicon disappears when navigating between analytics workspaces Awaiting your guidance on how to resolve this.,Technical Issues,Low,Web Portal,SMB
TKT-11035,Issue report: Are there community webinars or office hours available for new platform users,Product Inquiries,Low,Email,Free Tier
TKT-11036,Regarding our account: How to change default payment method from corporate Amex to ACH direct debit [Server Instance: US-East-799] We need resolution before our end-of-day sprint deadline.,Billing & Payments,Medium,Web Portal,SMB
TKT-11037,"Dear Customer Care, Password reset email link never arrives in user inbox or spam junk folder Our team has tried restarting but the issue persists.",Account Access,Medium,Web Portal,SMB
TKT-11038,Attention Support: CSV data export times out when file contains more than 10000 rows This is directly impacting our daily business operations.,Technical Issues,Medium,Email,SMB
TKT-11039,"Hey team, Where can I access the OpenAPI Swagger documentation and Postman collections [Workspace: WS-105] Our team has tried restarting but the issue persists.",Product Inquiries,Low,Web Portal,SMB
TKT-11040,Help needed: Enterprise SAML SSO integration broken all company employees unable to sign in [Workspace: WS-711] Our team has tried restarting but the issue persists.,Account Access,High,Web Portal,Enterprise
TKT-11041,Regarding our account: Need to update company billing address and official legal entity name on future receipts,Billing & Payments,Medium,Email,Enterprise
TKT-11042,Help needed: Spelling typo noticed in confirmation tooltip under advanced security settings Please escalate if necessary.,Technical Issues,Low,Web Portal,SMB
TKT-11043,Regarding our account: Password reset email link never arrives in user inbox or spam junk folder Appreciate your prompt attention to this matter.,Account Access,Medium,Web Portal,Enterprise
TKT-11044,"Hi, WebSocket connection randomly disconnects every 15 minutes on Firefox browser Please look into this and advise on next steps as soon as possible.",Technical Issues,Medium,Email,Enterprise
TKT-11045,Attention Support: Can one user account belong to multiple independent organizational workspaces Thanks for your assistance.,Account Access,Low,Web Portal,SMB
TKT-11046,Urgent assistance requested: Password reset email link never arrives in user inbox or spam junk folder We need resolution before our end-of-day sprint deadline.,Account Access,Medium,Web Portal,SMB
TKT-11047,Urgent assistance requested: What happens to our stored data and uploaded files after account closure Appreciate your prompt attention to this matter.,Cancellation & Refunds,Low,Email,SMB
TKT-11048,Regarding our account: How to change default payment method from corporate Amex to ACH direct debit Please escalate if necessary.,Billing & Payments,Medium,Web Portal,Enterprise
TKT-11049,Google Workspace OAuth login throws redirect uri mismatch error on new domain [Node: k8s-worker-454],Account Access,Medium,Web Portal,Free Tier
TKT-11050,"Good morning, GraphQL mutation returns intermittent schema validation error on batch updates",Technical Issues,Medium,Web Portal,SMB
TKT-11051,"Good morning, Google Workspace OAuth login throws redirect uri mismatch error on new domain This is directly impacting our daily business operations.",Account Access,Medium,Email,SMB
TKT-11052,Attention Support: Can we configure custom HTTP authorization headers on outgoing webhook payloads Please look into this and advise on next steps as soon as possible.,Product Inquiries,Medium,Web Portal,Free Tier
TKT-11053,Issue report: Critical zero-day vulnerability patch required immediately on customer ingress controller [Account Ref: ACCT-941] Could you please verify this on your backend system?,Technical Issues,High,Email,Free Tier
TKT-11054,"Hi, Stripe subscription failed automatic renewal due to 3D Secure verification loop Thanks for your assistance.",Billing & Payments,High,Web Portal,SMB
TKT-11055,"Hey team, Dashboard analytics graphs taking over 25 seconds to render on web portal [Account Ref: ACCT-184]",Technical Issues,Medium,In-App Chat,SMB
TKT-11056,"Dear Customer Care, Promotional discount code PROMO2024 was not applied during renewal checkout process Thanks for your assistance.",Billing & Payments,Medium,Web Portal,Free Tier
TKT-11057,"Good morning, Promotional discount code PROMO2024 was not applied during renewal checkout process",Billing & Payments,Medium,Email,SMB
TKT-11058,Suspected account breach: unauthorized password reset email and unknown IP login detected,Account Access,High,Email,Free Tier
TKT-11059,"Good morning, How do I update my profile avatar picture and display name on the portal Thanks for your assistance.",Account Access,Low,Web Portal,SMB
TKT-11060,Regarding our account: Session timeout is too aggressive disconnecting users after only 5 minutes of inactivity Let us know if you need any additional diagnostic logs or screenshots.,Account Access,Medium,Web Portal,SMB
TKT-11061,Issue report: CSV data export times out when file contains more than 10000 rows [Environment: Production-834],Technical Issues,Medium,Web Portal,SMB
TKT-11062,"Hello support team, Data synchronization pipeline halted midway corrupted Kafka consumer offset [Server Instance: US-East-913] Please look into this and advise on next steps as soon as possible.",Technical Issues,High,Email,SMB
TKT-11063,"Hi, Can we configure custom HTTP authorization headers on outgoing webhook payloads Please look into this and advise on next steps as soon as possible.",Product Inquiries,Medium,Web Portal,Free Tier
TKT-11064,"Hey team, Suspected account breach: unauthorized password reset email and unknown IP login detected Let us know if you need any additional diagnostic logs or screenshots.",Account Access,High,Email,Free Tier
TKT-11065,Attention Support: Currency conversion charge unexpectedly added to our USD billing statement [Node: k8s-worker-221] Appreciate your prompt attention to this matter.,Billing & Payments,Medium,Web Portal,Enterprise
TKT-11066,Support request: Need to update company billing address and official legal entity name on future receipts [Node: k8s-worker-699] Please escalate if necessary.,Billing & Payments,Medium,Web Portal,Free Tier
TKT-11067,Issue report: What are the architectural differences between Business and Enterprise subscription plans Please look into this and advise on next steps as soon as possible.,Product Inquiries,Medium,Email,Enterprise
TKT-11068,"Hey team, Promotional discount code PROMO2024 was not applied during renewal checkout process [Client ID: #CLI-388]",Billing & Payments,Medium,Email,SMB
TKT-11069,Attention Support: Where can I find sample Postman collections for testing v3 webhook endpoints Let us know if you need any additional diagnostic logs or screenshots.,Technical Issues,Low,Web Portal,Free Tier
TKT-11070,Help needed: Cancel subscription immediately and issue full refund of 2200 dollars as promised by sales rep within 24 hours Our team has tried restarting but the issue persists.,Cancellation & Refunds,High,Email,Enterprise
TKT-11071,Issue report: Requesting detailed itemized breakdown for usage-based API bandwidth overages last month Let us know if you need any additional diagnostic logs or screenshots.,Billing & Payments,Medium,Email,Free Tier
TKT-11072,"Hi, User cannot switch between multiple linked organization accounts from dropdown menu Could you please verify this on your backend system?",Account Access,Medium,Email,Free Tier
TKT-11073,"Hey team, Feature request: support custom hex color codes in dashboard theme settings",Technical Issues,Low,Web Portal,Free Tier
TKT-11074,"Hello support team, Stripe subscription failed automatic renewal due to 3D Secure verification loop Thanks for your assistance.",Billing & Payments,High,Web Portal,SMB
TKT-11075,"Hi there, Account erroneously suspended for non-payment despite valid wire transfer confirmation number [Account Ref: ACCT-503] This is directly impacting our daily business operations.",Billing & Payments,High,Email,Free Tier
TKT-11076,"Hey team, Payment gateway timeout during checkout funds deducted from bank but subscription marked unpaid We need resolution before our end-of-day sprint deadline.",Billing & Payments,High,Web Portal,Enterprise
TKT-11077,Urgent assistance requested: Are there community webinars or office hours available for new platform users We need resolution before our end-of-day sprint deadline.,Product Inquiries,Low,Email,SMB
TKT-11078,Is there native integration support for Snowflake data warehouse and dbt models [Server Instance: US-East-326] Thanks for your assistance.,Product Inquiries,Medium,Email,SMB
TKT-11079,How many concurrent API requests are permitted on the standard developer tier plan [Server Instance: US-East-787] Could you please verify this on your backend system?,Product Inquiries,Medium,Web Portal,Free Tier
TKT-11080,Help needed: Third party Zapier integration trigger not firing on new lead creation,Technical Issues,Medium,Email,Enterprise
TKT-11081,Support request: Mobile application crashes when toggling push notifications in user settings [Server Instance: US-East-843] Please look into this and advise on next steps as soon as possible.,Technical Issues,Medium,Email,SMB
TKT-11082,Help needed: API response payload missing custom header metadata in staging environment Appreciate your prompt attention to this matter.,Technical Issues,Medium,Web Portal,SMB
TKT-11083,"Hi there, Severe memory leak in backend microservice causing Redis node failovers Could you please verify this on your backend system?",Technical Issues,High,Web Portal,SMB
TKT-11084,Urgent assistance requested: Integration with Jira webhook failing with 401 unauthorized after token rotation Awaiting your guidance on how to resolve this.,Technical Issues,Medium,Email,SMB
TKT-11085,Issue report: Can our enterprise pay via annual purchase order and bank check instead of credit card [Account Ref: ACCT-473] Please escalate if necessary.,Billing & Payments,Low,Web Portal,SMB
TKT-11086,Attention Support: Data synchronization pipeline halted midway corrupted Kafka consumer offset [Server Instance: US-East-904] Our team has tried restarting but the issue persists.,Technical Issues,High,Email,SMB
TKT-11087,Issue report: Does the platform support automated CSV export via scheduled SFTP server connector,Product Inquiries,Medium,In-App Chat,Enterprise
TKT-11088,"Dear Customer Care, Data synchronization pipeline halted midway corrupted Kafka consumer offset",Technical Issues,High,Web Portal,SMB
TKT-11089,Help needed: Primary administrator deleted by mistake restore account privileges and access immediately Awaiting your guidance on how to resolve this.,Account Access,High,In-App Chat,Free Tier
TKT-11090,Help needed: Critical: tax invoice missing mandatory VAT GST identification number audit deadline today [Node: k8s-worker-721] Thanks for your assistance.,Billing & Payments,High,Web Portal,Enterprise
TKT-11091,CSV data export times out when file contains more than 10000 rows Could you please verify this on your backend system?,Technical Issues,Medium,Web Portal,SMB
TKT-11092,"Hi, Please cancel our monthly recurring addon package before the next billing cycle renews [Node: k8s-worker-178] We need resolution before our end-of-day sprint deadline.",Cancellation & Refunds,Medium,In-App Chat,Enterprise
TKT-11093,"Hello support team, Promotional discount code PROMO2024 was not applied during renewal checkout process Thanks for your assistance.",Billing & Payments,Medium,Web Portal,Enterprise
TKT-11094,"Hello support team, How to change default payment method from corporate Amex to ACH direct debit [Account Ref: ACCT-583] Thanks for your assistance.",Billing & Payments,Medium,Web Portal,Enterprise
TKT-11095,Urgent assistance requested: Account erroneously suspended for non-payment despite valid wire transfer confirmation number [Account Ref: ACCT-850] Let us know if you need any additional diagnostic logs or screenshots.,Billing & Payments,High,Web Portal,Free Tier
TKT-11096,"Hey team, Is it possible to customize the login screen with our corporate company logo Our team has tried restarting but the issue persists.",Account Access,Low,Web Portal,SMB
TKT-11097,"Hi there, Critical zero-day vulnerability patch required immediately on customer ingress controller Let us know if you need any additional diagnostic logs or screenshots.",Technical Issues,High,Web Portal,SMB
TKT-11098,Support request: Password reset email link never arrives in user inbox or spam junk folder We need resolution before our end-of-day sprint deadline.,Account Access,Medium,Web Portal,Free Tier
TKT-11099,Support request: API response payload missing custom header metadata in staging environment Our team has tried restarting but the issue persists.,Technical Issues,Medium,Web Portal,SMB
TKT-11100,Help needed: Please cancel our monthly recurring addon package before the next billing cycle renews [Account Ref: ACCT-775] Our team has tried restarting but the issue persists.,Cancellation & Refunds,Medium,In-App Chat,Free Tier
TKT-11101,Issue report: WebSocket connection randomly disconnects every 15 minutes on Firefox browser Awaiting your guidance on how to resolve this.,Technical Issues,Medium,Web Portal,Free Tier
TKT-11102,"Good morning, Minor CSS alignment glitch on navigation bar when screen width is below 1200px [Workspace: WS-478] Awaiting your guidance on how to resolve this.",Technical Issues,Low,Web Portal,SMB
TKT-11103,"Hello support team, How to change default payment method from corporate Amex to ACH direct debit [Workspace: WS-497]",Billing & Payments,Medium,Email,Free Tier
TKT-11104,Help needed: What is the maximum hard API rate limit per second before enterprise contract deployment tonight [Node: k8s-worker-431] This is directly impacting our daily business operations.,Product Inquiries,High,Email,Enterprise
TKT-11105,Issue report: Promotional discount code PROMO2024 was not applied during renewal checkout process Thanks for your assistance.,Billing & Payments,Medium,Web Portal,SMB
TKT-11106,Subscription auto-renewed without mandatory 30-day notice demanding immediate full refund and cancellation Could you please verify this on your backend system?,Cancellation & Refunds,High,Email,SMB
TKT-11107,"Dear Customer Care, Webhook delivery engine completely stalled queue depth exceeding 500000 events Let us know if you need any additional diagnostic logs or screenshots.",Technical Issues,High,In-App Chat,Free Tier
TKT-11108,"Greetings, If we cancel our subscription do we retain read-only access to historical dashboard data",Cancellation & Refunds,Low,Web Portal,SMB
TKT-11109,"Hi, Password reset email link never arrives in user inbox or spam junk folder Could you please verify this on your backend system?",Account Access,Medium,Web Portal,SMB
TKT-11110,"Hi, Password reset email link never arrives in user inbox or spam junk folder Our team has tried restarting but the issue persists.",Account Access,Medium,Web Portal,SMB
TKT-11111,"Hi there, Integration with Jira webhook failing with 401 unauthorized after token rotation Thanks for your assistance.",Technical Issues,Medium,Email,SMB
TKT-11112,"Dear Customer Care, Integration with Jira webhook failing with 401 unauthorized after token rotation [Account Ref: ACCT-834] Our team has tried restarting but the issue persists.",Technical Issues,Medium,Email,SMB
TKT-11113,"Hi there, Can we set up custom role-based access permissions for external contractor accounts [Workspace: WS-837]",Product Inquiries,Medium,Web Portal,Enterprise
TKT-11114,Help needed: CSV data export times out when file contains more than 10000 rows,Technical Issues,Medium,Email,SMB
TKT-11115,"Greetings, Fraudulent transactions detected on company card linked to this organization account Our team has tried restarting but the issue persists.",Billing & Payments,High,Web Portal,Enterprise
TKT-11116,"Hello support team, What is the maximum hard API rate limit per second before enterprise contract deployment tonight [Account Ref: ACCT-706] We need resolution before our end-of-day sprint deadline.",Product Inquiries,High,Email,Free Tier
TKT-11117,"Dear Customer Care, WebSocket connection randomly disconnects every 15 minutes on Firefox browser",Technical Issues,Medium,Web Portal,SMB
TKT-11118,"Dear Customer Care, Google Workspace OAuth login throws redirect uri mismatch error on new domain [Server Instance: US-East-629] This is directly impacting our daily business operations.",Account Access,Medium,Email,Free Tier
TKT-11119,"Greetings, SSL TLS certificate expired on production load balancer customers seeing security warning Please escalate if necessary.",Technical Issues,High,In-App Chat,SMB
TKT-11120,Issue report: We wish to switch from annual prepayment to monthly billing cycle at the end of term,Cancellation & Refunds,Medium,Email,SMB
TKT-11121,"Good morning, Is there a free trial period available for testing the advanced analytics add-on module Awaiting your guidance on how to resolve this.",Product Inquiries,Low,Email,Enterprise
TKT-11122,Automated cron job failed to execute database backup backup disk volume full [Environment: Production-715] Awaiting your guidance on how to resolve this.,Technical Issues,High,Web Portal,SMB
TKT-11123,"Greetings, Requesting detailed itemized breakdown for usage-based API bandwidth overages last month",Billing & Payments,Medium,Web Portal,Enterprise
TKT-11124,Issue report: WebSocket connection randomly disconnects every 15 minutes on Firefox browser [Environment: Production-710],Technical Issues,Medium,Web Portal,Enterprise
TKT-11125,"Good morning, Will our annual subscription automatically renew at the end of this billing cycle Let us know if you need any additional diagnostic logs or screenshots.",Billing & Payments,Low,Web Portal,SMB
TKT-11126,"Hello support team, How do I update my profile avatar picture and display name on the portal We need resolution before our end-of-day sprint deadline.",Account Access,Low,In-App Chat,Enterprise
TKT-11127,Support request: Can we customize the default font size in the rich text markdown editor Let us know if you need any additional diagnostic logs or screenshots.,Technical Issues,Low,Web Portal,SMB
TKT-11128,"Hi there, Google Workspace OAuth login throws redirect uri mismatch error on new domain Our team has tried restarting but the issue persists.",Account Access,Medium,In-App Chat,Free Tier
TKT-11129,"Greetings, How many concurrent API requests are permitted on the standard developer tier plan This is directly impacting our daily business operations.",Product Inquiries,Medium,In-App Chat,Enterprise
TKT-11130,"Hi, Can we customize the default font size in the rich text markdown editor [Node: k8s-worker-233] Please look into this and advise on next steps as soon as possible.",Technical Issues,Low,Web Portal,Enterprise
TKT-11131,"Hi, Browser tab favicon disappears when navigating between analytics workspaces This is directly impacting our daily business operations.",Technical Issues,Low,Email,SMB
TKT-11132,"Hi, Requesting dark mode theme support for the desktop application client Let us know if you need any additional diagnostic logs or screenshots.",Technical Issues,Low,Email,SMB
TKT-11133,Issue report: Corporate credit card charged twice for annual enterprise plan total 4800 dollars reverse charge immediately Thanks for your assistance.,Billing & Payments,High,In-App Chat,SMB
TKT-11134,Regarding our account: How do we export all our workspace data and audit logs before terminating our company account Let us know if you need any additional diagnostic logs or screenshots.,Cancellation & Refunds,Medium,Email,SMB
TKT-11135,Issue report: Is it possible to customize the login screen with our corporate company logo [Server Instance: US-East-360] Please escalate if necessary.,Account Access,Low,Web Portal,Enterprise
TKT-11136,Regarding our account: How to change email notification preferences for weekly activity digests We need resolution before our end-of-day sprint deadline.,Account Access,Low,Email,Enterprise
TKT-11137,"Hey team, Promotional discount code PROMO2024 was not applied during renewal checkout process Please escalate if necessary.",Billing & Payments,Medium,Web Portal,SMB
TKT-11138,"Hey team, What is the maximum hard API rate limit per second before enterprise contract deployment tonight [Node: k8s-worker-908] We need resolution before our end-of-day sprint deadline.",Product Inquiries,High,Web Portal,Enterprise
TKT-11139,"Greetings, Minor CSS alignment glitch on navigation bar when screen width is below 1200px [Client ID: #CLI-484] Thanks for your assistance.",Technical Issues,Low,In-App Chat,SMB
TKT-11140,"Good morning, Are there community webinars or office hours available for new platform users Appreciate your prompt attention to this matter.",Product Inquiries,Low,Email,Enterprise
TKT-11141,"Dear Customer Care, We are downsizing our team and wish to downgrade from Enterprise to Starter plan next month Let us know if you need any additional diagnostic logs or screenshots.",Cancellation & Refunds,Medium,Web Portal,Enterprise
TKT-11142,"Hey team, Critical: tax invoice missing mandatory VAT GST identification number audit deadline today Thanks for your assistance.",Billing & Payments,High,Web Portal,SMB
TKT-11143,"Greetings, Do you have a public product roadmap for upcoming Q4 feature releases Could you please verify this on your backend system?",Product Inquiries,Low,Web Portal,Free Tier
TKT-11144,Regarding our account: Can you share recommended best practices for structuring multi-team workspaces We need resolution before our end-of-day sprint deadline.,Product Inquiries,Low,Web Portal,SMB
TKT-11145,Help needed: Please confirm that auto-renewal is disabled for our upcoming annual contract renewal Our team has tried restarting but the issue persists.,Cancellation & Refunds,Medium,Web Portal,SMB
TKT-11146,Help needed: Google Workspace OAuth login throws redirect uri mismatch error on new domain Could you please verify this on your backend system?,Account Access,Medium,Web Portal,SMB
TKT-11147,Urgent assistance requested: Where can I access the OpenAPI Swagger documentation and Postman collections Let us know if you need any additional diagnostic logs or screenshots.,Product Inquiries,Low,Web Portal,Free Tier
TKT-11148,"Dear Customer Care, Are there community webinars or office hours available for new platform users [Environment: Production-904] Please look into this and advise on next steps as soon as possible.",Product Inquiries,Low,In-App Chat,SMB
TKT-11149,Regarding our account: Data residency question: can our customer database be hosted exclusively in Frankfurt EU region Thanks for your assistance.,Product Inquiries,High,Email,SMB
TKT-11150,Issue report: Session timeout is too aggressive disconnecting users after only 5 minutes of inactivity [Node: k8s-worker-105] This is directly impacting our daily business operations.,Account Access,Medium,In-App Chat,Enterprise
TKT-11151,Documentation link in developer portal version 2.4 points to outdated 404 page Our team has tried restarting but the issue persists.,Technical Issues,Low,Web Portal,Free Tier
TKT-11152,"Hi there, Unauthorized upgrade charge applied to billing statement without admin approval [Workspace: WS-181] Please look into this and advise on next steps as soon as possible.",Billing & Payments,High,Email,SMB
TKT-11153,"Hello support team, Browser tab favicon disappears when navigating between analytics workspaces Let us know if you need any additional diagnostic logs or screenshots.",Technical Issues,Low,Email,SMB
TKT-11154,"Greetings, What is the billing cycle date for recurring monthly addon licenses",Billing & Payments,Low,Email,SMB
TKT-11155,"Hello support team, Browser tab favicon disappears when navigating between analytics workspaces Our team has tried restarting but the issue persists.",Technical Issues,Low,Email,SMB
TKT-11156,"Hello support team, Inquiry regarding non-profit and educational discount pricing eligibility We need resolution before our end-of-day sprint deadline.",Billing & Payments,Low,Email,Enterprise
TKT-11157,"Good morning, Can our enterprise pay via annual purchase order and bank check instead of credit card This is directly impacting our daily business operations.",Billing & Payments,Low,Web Portal,Free Tier
TKT-11158,"Hi, Google Workspace OAuth login throws redirect uri mismatch error on new domain We need resolution before our end-of-day sprint deadline.",Account Access,Medium,Web Portal,Enterprise
TKT-11159,"Hello support team, We wish to switch from annual prepayment to monthly billing cycle at the end of term [Client ID: #CLI-261] Appreciate your prompt attention to this matter.",Cancellation & Refunds,Medium,Email,SMB
TKT-11160,"Hey team, Critical PostgreSQL database connection pool exhausted all client requests failing with 500 Let us know if you need any additional diagnostic logs or screenshots.",Technical Issues,High,Email,Free Tier
TKT-11161,Attention Support: Currency conversion charge unexpectedly added to our USD billing statement [Client ID: #CLI-854] Please escalate if necessary.,Billing & Payments,Medium,Web Portal,SMB
TKT-11162,"Hi there, Will our annual subscription automatically renew at the end of this billing cycle [Account Ref: ACCT-696] Thanks for your assistance.",Billing & Payments,Low,Email,SMB
TKT-11163,Urgent assistance requested: Is there an official public RSS feed for platform uptime and release changelogs [Server Instance: US-East-565] Could you please verify this on your backend system?,Technical Issues,Low,Web Portal,Enterprise
TKT-11164,"Greetings, Invited team member receives invalid invitation token error when clicking registration link [Environment: Production-618] This is directly impacting our daily business operations.",Account Access,Medium,Web Portal,SMB
TKT-11165,"Hi, Need immediate confirmation if enterprise tier complies with HIPAA SOC2 and GDPR requirements for contract signing Please look into this and advise on next steps as soon as possible.",Product Inquiries,High,Email,SMB
TKT-11166,"Hi there, Need a formal proforma invoice before finance department can release wire payment Thanks for your assistance.",Billing & Payments,Medium,Web Portal,SMB
TKT-11167,Issue report: Monthly invoice receipt not being sent to our accounts payable finance email address Awaiting your guidance on how to resolve this.,Billing & Payments,Medium,Email,Free Tier
TKT-11168,Regarding our account: Inquiry regarding non-profit and educational discount pricing eligibility We need resolution before our end-of-day sprint deadline.,Billing & Payments,Low,Web Portal,Enterprise
TKT-11169,Support request: GraphQL mutation returns intermittent schema validation error on batch updates Awaiting your guidance on how to resolve this.,Technical Issues,Medium,Web Portal,Enterprise
TKT-11170,Help needed: What is your standard cancellation notice policy if we decide to pause next quarter [Environment: Production-748] Please look into this and advise on next steps as soon as possible.,Cancellation & Refunds,Low,Email,Enterprise
TKT-11171,Support request: Severe memory leak in backend microservice causing Redis node failovers We need resolution before our end-of-day sprint deadline.,Technical Issues,High,Email,Free Tier
TKT-11172,Urgent assistance requested: Unauthorized upgrade charge applied to billing statement without admin approval Thanks for your assistance.,Billing & Payments,High,Email,SMB
TKT-11173,"Good morning, Monthly invoice receipt not being sent to our accounts payable finance email address [Node: k8s-worker-866] Could you please verify this on your backend system?",Billing & Payments,Medium,Email,Enterprise
TKT-11174,Urgent assistance requested: Automated cron job failed to execute database backup backup disk volume full [Account Ref: ACCT-375] Appreciate your prompt attention to this matter.,Technical Issues,High,Web Portal,Enterprise
TKT-11175,Issue report: Requesting formal price quote for adding 8 additional team seats next quarter,Billing & Payments,Low,Web Portal,SMB
TKT-11176,Help needed: Cannot update primary email address in profile settings page throws permission denied error [Server Instance: US-East-993] We need resolution before our end-of-day sprint deadline.,Account Access,Medium,In-App Chat,Free Tier
TKT-11177,"Good morning, Spelling typo noticed in confirmation tooltip under advanced security settings [Server Instance: US-East-956] We need resolution before our end-of-day sprint deadline.",Technical Issues,Low,Web Portal,Free Tier
TKT-11178,"Dear Customer Care, How to update billing email recipient list for monthly summary digests [Client ID: #CLI-792] Please look into this and advise on next steps as soon as possible.",Billing & Payments,Low,Email,Enterprise
TKT-11179,Help needed: How to generate new personal API access tokens from profile settings tab [Account Ref: ACCT-143] Please escalate if necessary.,Account Access,Low,In-App Chat,Enterprise
TKT-11180,Help needed: User cannot switch between multiple linked organization accounts from dropdown menu Appreciate your prompt attention to this matter.,Account Access,Medium,Web Portal,SMB
TKT-11181,"Greetings, Where can I find sample Postman collections for testing v3 webhook endpoints Could you please verify this on your backend system?",Technical Issues,Low,Web Portal,Free Tier
TKT-11182,"Hey team, Third party Zapier integration trigger not firing on new lead creation [Account Ref: ACCT-231] Let us know if you need any additional diagnostic logs or screenshots.",Technical Issues,Medium,Web Portal,Enterprise
TKT-11183,"Hi, Production Kubernetes cluster pods crashing in CrashLoopBackOff with OOMKilled errors Let us know if you need any additional diagnostic logs or screenshots.",Technical Issues,High,Email,Enterprise
TKT-11184,"Hi, Need to update company billing address and official legal entity name on future receipts Appreciate your prompt attention to this matter.",Billing & Payments,Medium,In-App Chat,Free Tier
TKT-11185,Help needed: Requesting detailed itemized breakdown for usage-based API bandwidth overages last month Please look into this and advise on next steps as soon as possible.,Billing & Payments,Medium,Web Portal,Free Tier
TKT-11186,Urgent assistance requested: GraphQL mutation returns intermittent schema validation error on batch updates [Server Instance: US-East-488] This is directly impacting our daily business operations.,Technical Issues,Medium,Web Portal,SMB
TKT-11187,"Hi there, Browser tab favicon disappears when navigating between analytics workspaces Appreciate your prompt attention to this matter.",Technical Issues,Low,Web Portal,SMB
TKT-11188,"Dear Customer Care, Security incident: multiple unauthorized API requests detected bypassing rate limiter [Workspace: WS-582] Thanks for your assistance.",Technical Issues,High,In-App Chat,Enterprise
TKT-11189,Urgent assistance requested: How many concurrent API requests are permitted on the standard developer tier plan [Environment: Production-315] Appreciate your prompt attention to this matter.,Product Inquiries,Medium,Web Portal,Free Tier
TKT-11190,Issue report: Requesting dark mode theme support for the desktop application client Appreciate your prompt attention to this matter.,Technical Issues,Low,Web Portal,Free Tier
TKT-11191,"Hey team, PDF report generation outputting blank pages for charts with dark mode themes [Server Instance: US-East-689] Awaiting your guidance on how to resolve this.",Technical Issues,Medium,Email,Free Tier
TKT-11192,"Good morning, What happens to our stored data and uploaded files after account closure Please look into this and advise on next steps as soon as possible.",Cancellation & Refunds,Low,In-App Chat,Enterprise
TKT-11193,"Hi, How to change default payment method from corporate Amex to ACH direct debit Let us know if you need any additional diagnostic logs or screenshots.",Billing & Payments,Medium,Web Portal,SMB
TKT-11194,"Dear Customer Care, Suspected account breach: unauthorized password reset email and unknown IP login detected Our team has tried restarting but the issue persists.",Account Access,High,Email,Enterprise
TKT-11195,"Dear Customer Care, Need to update company billing address and official legal entity name on future receipts Let us know if you need any additional diagnostic logs or screenshots.",Billing & Payments,Medium,Email,SMB
TKT-11196,"Hi, Okta single sign-on redirect loop preventing executive team from accessing platform Thanks for your assistance.",Account Access,High,Email,Enterprise
TKT-11197,"Hey team, Requesting payment receipt for the previous quarterly subscription cycle Could you please verify this on your backend system?",Billing & Payments,Medium,Web Portal,Enterprise
TKT-11198,"Hello support team, Where is the account cancellation button located inside the workspace settings panel [Server Instance: US-East-161] Let us know if you need any additional diagnostic logs or screenshots.",Cancellation & Refunds,Low,Web Portal,Enterprise
TKT-11199,Integration with Jira webhook failing with 401 unauthorized after token rotation Could you please verify this on your backend system?,Technical Issues,Medium,In-App Chat,Enterprise
TKT-11200,Help needed: Need immediate confirmation if enterprise tier complies with HIPAA SOC2 and GDPR requirements for contract signing [Workspace: WS-673] Appreciate your prompt attention to this matter.,Product Inquiries,High,In-App Chat,SMB
TKT-11201,Regarding our account: How many concurrent API requests are permitted on the standard developer tier plan [Environment: Production-224] Could you please verify this on your backend system?,Product Inquiries,Medium,Email,Enterprise
TKT-11202,Is there an official public RSS feed for platform uptime and release changelogs,Technical Issues,Low,In-App Chat,Free Tier
TKT-11203,"Greetings, Can one user account belong to multiple independent organizational workspaces Please escalate if necessary.",Account Access,Low,Web Portal,SMB
TKT-11204,Regarding our account: Requesting detailed itemized breakdown for usage-based API bandwidth overages last month Could you please verify this on your backend system?,Billing & Payments,Medium,Web Portal,Enterprise
TKT-11205,"Hi, How to generate new personal API access tokens from profile settings tab Awaiting your guidance on how to resolve this.",Account Access,Low,Web Portal,Enterprise
TKT-11206,"Hi there, Automated cron job failed to execute database backup backup disk volume full Let us know if you need any additional diagnostic logs or screenshots.",Technical Issues,High,Web Portal,SMB
TKT-11207,Support request: Invited team member receives invalid invitation token error when clicking registration link Our team has tried restarting but the issue persists.,Account Access,Medium,Web Portal,Free Tier
TKT-11208,Attention Support: Search query indexing delayed by 40 minutes in elasticsearch cluster,Technical Issues,Medium,Email,Enterprise
TKT-11209,Requesting dark mode theme support for the desktop application client [Workspace: WS-333] Please look into this and advise on next steps as soon as possible.,Technical Issues,Low,Web Portal,SMB
TKT-11210,Urgent assistance requested: Search query indexing delayed by 40 minutes in elasticsearch cluster [Workspace: WS-719],Technical Issues,Medium,Web Portal,Enterprise
TKT-11211,Attention Support: Session timeout is too aggressive disconnecting users after only 5 minutes of inactivity Could you please verify this on your backend system?,Account Access,Medium,Web Portal,Enterprise
TKT-11212,Issue report: Search query indexing delayed by 40 minutes in elasticsearch cluster Please escalate if necessary.,Technical Issues,Medium,Web Portal,Free Tier
TKT-11213,Attention Support: GraphQL mutation returns intermittent schema validation error on batch updates [Client ID: #CLI-228] Our team has tried restarting but the issue persists.,Technical Issues,Medium,Web Portal,SMB
TKT-11214,Support request: Service uptime breached SLA contract below 95 percent demanding contract cancellation and full penalty refund Could you please verify this on your backend system?,Cancellation & Refunds,High,In-App Chat,Enterprise
TKT-11215,Issue report: Is there native integration support for Snowflake data warehouse and dbt models [Environment: Production-205] Please look into this and advise on next steps as soon as possible.,Product Inquiries,Medium,In-App Chat,SMB
TKT-11216,"Hi there, Organization admin locked out completely root credentials MFA authenticator lost urgent access required Awaiting your guidance on how to resolve this.",Account Access,High,Web Portal,Free Tier
TKT-11217,Regarding our account: Need to update company billing address and official legal entity name on future receipts Let us know if you need any additional diagnostic logs or screenshots.,Billing & Payments,Medium,Email,SMB
TKT-11218,"Hi there, What is your standard cancellation notice policy if we decide to pause next quarter Could you please verify this on your backend system?",Cancellation & Refunds,Low,Email,Free Tier
TKT-11219,Support request: CSV data export times out when file contains more than 10000 rows [Server Instance: US-East-855] Let us know if you need any additional diagnostic logs or screenshots.,Technical Issues,Medium,Web Portal,Enterprise
TKT-11220,Help needed: Do you have a public product roadmap for upcoming Q4 feature releases [Account Ref: ACCT-958],Product Inquiries,Low,Web Portal,SMB
TKT-11221,"Hello support team, Please cancel our monthly recurring addon package before the next billing cycle renews This is directly impacting our daily business operations.",Cancellation & Refunds,Medium,Web Portal,SMB
TKT-11222,Customer requesting partial refund for 10 unused seat licenses from previous quarter Awaiting your guidance on how to resolve this.,Cancellation & Refunds,Medium,Email,Free Tier
TKT-11223,"Hi, Monthly invoice receipt not being sent to our accounts payable finance email address [Node: k8s-worker-652] Awaiting your guidance on how to resolve this.",Billing & Payments,Medium,Email,SMB
TKT-11224,"Greetings, Where can I find video walkthrough tutorials for onboarding new engineering staff Please escalate if necessary.",Product Inquiries,Low,Email,SMB
TKT-11225,Support request: Are there community webinars or office hours available for new platform users Please escalate if necessary.,Product Inquiries,Low,Web Portal,Enterprise
TKT-11226,Urgent assistance requested: Monthly invoice receipt not being sent to our accounts payable finance email address Awaiting your guidance on how to resolve this.,Billing & Payments,Medium,Web Portal,SMB
TKT-11227,Help needed: Promotional discount code PROMO2024 was not applied during renewal checkout process Could you please verify this on your backend system?,Billing & Payments,Medium,Web Portal,SMB
TKT-11228,"Dear Customer Care, Enterprise SAML SSO integration broken all company employees unable to sign in [Account Ref: ACCT-934] Could you please verify this on your backend system?",Account Access,High,Web Portal,SMB
TKT-11229,Urgent assistance requested: Account erroneously suspended for non-payment despite valid wire transfer confirmation number Could you please verify this on your backend system?,Billing & Payments,High,In-App Chat,SMB
TKT-11230,Issue report: We are downsizing our team and wish to downgrade from Enterprise to Starter plan next month Awaiting your guidance on how to resolve this.,Cancellation & Refunds,Medium,Web Portal,Free Tier
TKT-11231,"Hey team, How to change email notification preferences for weekly activity digests This is directly impacting our daily business operations.",Account Access,Low,Web Portal,SMB
TKT-11232,"Greetings, Security incident: multiple unauthorized API requests detected bypassing rate limiter We need resolution before our end-of-day sprint deadline.",Technical Issues,High,Web Portal,Enterprise
TKT-11233,Urgent assistance requested: Please confirm that auto-renewal is disabled for our upcoming annual contract renewal We need resolution before our end-of-day sprint deadline.,Cancellation & Refunds,Medium,Email,Free Tier
TKT-11234,Attention Support: Two factor authentication SMS codes not arriving and recovery emergency codes failing [Node: k8s-worker-854] Let us know if you need any additional diagnostic logs or screenshots.,Account Access,High,Email,SMB
TKT-11235,Attention Support: Are there community webinars or office hours available for new platform users [Client ID: #CLI-532] Let us know if you need any additional diagnostic logs or screenshots.,Product Inquiries,Low,In-App Chat,SMB
TKT-11236,"Hi, How to change default payment method from corporate Amex to ACH direct debit Please escalate if necessary.",Billing & Payments,Medium,Web Portal,Free Tier
TKT-11237,"Hey team, Mobile application crashes when toggling push notifications in user settings",Technical Issues,Medium,Email,SMB
TKT-11238,Attention Support: Monthly invoice receipt not being sent to our accounts payable finance email address We need resolution before our end-of-day sprint deadline.,Billing & Payments,Medium,In-App Chat,SMB
TKT-11239,"Dear Customer Care, Urgent pre-sales technical requirement: does your SDK support Python 3.12 in high throughput production [Environment: Production-732] Could you please verify this on your backend system?",Product Inquiries,High,Email,Free Tier
TKT-11240,"Hello support team, Is there an official public RSS feed for platform uptime and release changelogs [Account Ref: ACCT-122] Our team has tried restarting but the issue persists.",Technical Issues,Low,Email,SMB
TKT-11241,"Hi there, Primary REST API endpoint returning 503 Service Unavailable outage affecting all EU users [Node: k8s-worker-548] Could you please verify this on your backend system?",Technical Issues,High,Web Portal,SMB
TKT-11242,"Hello support team, How to generate new personal API access tokens from profile settings tab [Client ID: #CLI-605] We need resolution before our end-of-day sprint deadline.",Account Access,Low,Email,SMB
TKT-11243,Urgent assistance requested: How many days before the renewal date do we need to submit a formal cancellation request [Environment: Production-480] Let us know if you need any additional diagnostic logs or screenshots.,Cancellation & Refunds,Low,In-App Chat,SMB
TKT-11244,Issue report: Automated cron job failed to execute database backup backup disk volume full [Server Instance: US-East-157] This is directly impacting our daily business operations.,Technical Issues,High,Email,Enterprise
TKT-11245,Regarding our account: Monthly invoice receipt not being sent to our accounts payable finance email address [Environment: Production-285] Let us know if you need any additional diagnostic logs or screenshots.,Billing & Payments,Medium,Email,SMB
TKT-11246,"Good morning, Are there community webinars or office hours available for new platform users Let us know if you need any additional diagnostic logs or screenshots.",Product Inquiries,Low,Email,SMB
TKT-11247,"Good morning, GraphQL mutation returns intermittent schema validation error on batch updates [Node: k8s-worker-889] This is directly impacting our daily business operations.",Technical Issues,Medium,Email,SMB
TKT-11248,"Hi, Promotional discount code PROMO2024 was not applied during renewal checkout process",Billing & Payments,Medium,Web Portal,SMB
TKT-11249,Attention Support: Where can I find sample Postman collections for testing v3 webhook endpoints,Technical Issues,Low,Web Portal,Enterprise
TKT-11250,"Dear Customer Care, Need a formal proforma invoice before finance department can release wire payment",Billing & Payments,Medium,Web Portal,Enterprise
TKT-11251,"Hi, Session timeout is too aggressive disconnecting users after only 5 minutes of inactivity [Environment: Production-753] Thanks for your assistance.",Account Access,Medium,In-App Chat,Free Tier
TKT-11252,"Good morning, Monthly invoice receipt not being sent to our accounts payable finance email address Appreciate your prompt attention to this matter.",Billing & Payments,Medium,Email,Enterprise
TKT-11253,"Hello support team, Subscription auto-renewed without mandatory 30-day notice demanding immediate full refund and cancellation Our team has tried restarting but the issue persists.",Cancellation & Refunds,High,Email,SMB
TKT-11254,Attention Support: Payment gateway timeout during checkout funds deducted from bank but subscription marked unpaid [Client ID: #CLI-695] We need resolution before our end-of-day sprint deadline.,Billing & Payments,High,In-App Chat,SMB
TKT-11255,Help needed: Okta single sign-on redirect loop preventing executive team from accessing platform [Client ID: #CLI-354] Please escalate if necessary.,Account Access,High,Web Portal,SMB
TKT-11256,Help needed: Primary REST API endpoint returning 503 Service Unavailable outage affecting all EU users Please look into this and advise on next steps as soon as possible.,Technical Issues,High,Email,Enterprise
TKT-11257,Regarding our account: Search query indexing delayed by 40 minutes in elasticsearch cluster [Workspace: WS-760],Technical Issues,Medium,Email,Enterprise
TKT-11258,Issue report: Suspected account breach: unauthorized password reset email and unknown IP login detected Thanks for your assistance.,Account Access,High,Web Portal,Enterprise
TKT-11259,Help needed: Urgent pre-sales technical requirement: does your SDK support Python 3.12 in high throughput production [Account Ref: ACCT-907] We need resolution before our end-of-day sprint deadline.,Product Inquiries,High,Web Portal,SMB
TKT-11260,Regarding our account: Is there native integration support for Snowflake data warehouse and dbt models Appreciate your prompt attention to this matter.,Product Inquiries,Medium,Web Portal,Enterprise
TKT-11261,Issue report: Requesting payment receipt for the previous quarterly subscription cycle [Environment: Production-466] We need resolution before our end-of-day sprint deadline.,Billing & Payments,Medium,Email,SMB
TKT-11262,"Hey team, Account erroneously suspended for non-payment despite valid wire transfer confirmation number This is directly impacting our daily business operations.",Billing & Payments,High,Web Portal,Enterprise
TKT-11263,"Hi, Can you share recommended best practices for structuring multi-team workspaces Could you please verify this on your backend system?",Product Inquiries,Low,In-App Chat,Free Tier
TKT-11264,"Good morning, How to change email notification preferences for weekly activity digests [Workspace: WS-431] Please escalate if necessary.",Account Access,Low,Web Portal,SMB
TKT-11265,"Hey team, Requesting payment receipt for the previous quarterly subscription cycle Please escalate if necessary.",Billing & Payments,Medium,Email,Enterprise
TKT-11266,"Hi there, Requesting formal price quote for adding 8 additional team seats next quarter [Workspace: WS-939] Thanks for your assistance.",Billing & Payments,Low,Web Portal,SMB
TKT-11267,"Hi, Customer requesting partial refund for 10 unused seat licenses from previous quarter Appreciate your prompt attention to this matter.",Cancellation & Refunds,Medium,Email,Enterprise
TKT-11268,Issue report: What is the billing cycle date for recurring monthly addon licenses Our team has tried restarting but the issue persists.,Billing & Payments,Low,Email,SMB
TKT-11269,Webhook delivery engine completely stalled queue depth exceeding 500000 events Appreciate your prompt attention to this matter.,Technical Issues,High,In-App Chat,SMB
TKT-11270,Urgent assistance requested: Suspected account breach: unauthorized password reset email and unknown IP login detected Please look into this and advise on next steps as soon as possible.,Account Access,High,Email,Free Tier
TKT-11271,Two factor authentication SMS codes not arriving and recovery emergency codes failing [Node: k8s-worker-609] Let us know if you need any additional diagnostic logs or screenshots.,Account Access,High,Email,SMB
TKT-11272,"Greetings, Requesting formal price quote for adding 8 additional team seats next quarter [Node: k8s-worker-429] Could you please verify this on your backend system?",Billing & Payments,Low,Email,Free Tier
TKT-11273,"Hi there, Organization admin locked out completely root credentials MFA authenticator lost urgent access required Thanks for your assistance.",Account Access,High,Web Portal,Enterprise
TKT-11274,What is your standard cancellation notice policy if we decide to pause next quarter [Client ID: #CLI-306] Our team has tried restarting but the issue persists.,Cancellation & Refunds,Low,Email,SMB
TKT-11275,Help needed: Documentation link in developer portal version 2.4 points to outdated 404 page [Account Ref: ACCT-757] We need resolution before our end-of-day sprint deadline.,Technical Issues,Low,Web Portal,Enterprise
TKT-11276,Support request: Primary administrator deleted by mistake restore account privileges and access immediately Awaiting your guidance on how to resolve this.,Account Access,High,Web Portal,SMB
TKT-11277,"Hey team, Browser tab favicon disappears when navigating between analytics workspaces This is directly impacting our daily business operations.",Technical Issues,Low,Web Portal,Enterprise
TKT-11278,Issue report: Browser tab favicon disappears when navigating between analytics workspaces [Server Instance: US-East-771] Please look into this and advise on next steps as soon as possible.,Technical Issues,Low,Web Portal,SMB
TKT-11279,Automated cron job failed to execute database backup backup disk volume full Please look into this and advise on next steps as soon as possible.,Technical Issues,High,Web Portal,Free Tier
TKT-11280,Urgent assistance requested: Cancel subscription immediately and issue full refund of 2200 dollars as promised by sales rep within 24 hours Thanks for your assistance.,Cancellation & Refunds,High,Email,Free Tier
TKT-11281,What is the billing cycle date for recurring monthly addon licenses Appreciate your prompt attention to this matter.,Billing & Payments,Low,Web Portal,Free Tier
TKT-11282,Is there a free trial period available for testing the advanced analytics add-on module [Client ID: #CLI-851] Please escalate if necessary.,Product Inquiries,Low,Email,SMB
TKT-11283,We are downsizing our team and wish to downgrade from Enterprise to Starter plan next month [Server Instance: US-East-631] Could you please verify this on your backend system?,Cancellation & Refunds,Medium,Web Portal,SMB
TKT-11284,"Hi there, Is there a free trial period available for testing the advanced analytics add-on module We need resolution before our end-of-day sprint deadline.",Product Inquiries,Low,Web Portal,SMB
TKT-11285,"Good morning, Urgent pre-sales technical requirement: does your SDK support Python 3.12 in high throughput production Thanks for your assistance.",Product Inquiries,High,Web Portal,Enterprise
TKT-11286,"Hi, Requesting formal price quote for adding 8 additional team seats next quarter Thanks for your assistance.",Billing & Payments,Low,Email,SMB
TKT-11287,Regarding our account: We are downsizing our team and wish to downgrade from Enterprise to Starter plan next month,Cancellation & Refunds,Medium,Email,SMB
TKT-11288,Issue report: What is the maximum hard API rate limit per second before enterprise contract deployment tonight,Product Inquiries,High,In-App Chat,Enterprise
TKT-11289,"Dear Customer Care, Will our annual subscription automatically renew at the end of this billing cycle Our team has tried restarting but the issue persists.",Billing & Payments,Low,Web Portal,SMB
TKT-11290,Support request: How to update billing email recipient list for monthly summary digests Our team has tried restarting but the issue persists.,Billing & Payments,Low,Web Portal,Enterprise
TKT-11291,Urgent assistance requested: Requesting payment receipt for the previous quarterly subscription cycle Appreciate your prompt attention to this matter.,Billing & Payments,Medium,Web Portal,SMB
TKT-11292,Stripe subscription failed automatic renewal due to 3D Secure verification loop Appreciate your prompt attention to this matter.,Billing & Payments,High,Email,Free Tier
TKT-11293,PDF report generation outputting blank pages for charts with dark mode themes Appreciate your prompt attention to this matter.,Technical Issues,Medium,Email,SMB
TKT-11294,Urgent assistance requested: Critical: tax invoice missing mandatory VAT GST identification number audit deadline today Awaiting your guidance on how to resolve this.,Billing & Payments,High,Email,SMB
TKT-11295,"Hello support team, PDF report generation outputting blank pages for charts with dark mode themes This is directly impacting our daily business operations.",Technical Issues,Medium,In-App Chat,SMB
TKT-11296,"Hi, Where can I download past PDF invoices from the billing management console Our team has tried restarting but the issue persists.",Billing & Payments,Low,Email,SMB
TKT-11297,"Hello support team, Do you have a public product roadmap for upcoming Q4 feature releases Could you please verify this on your backend system?",Product Inquiries,Low,Web Portal,SMB
TKT-11298,Which international currencies and payment cards does your platform support [Node: k8s-worker-942] Appreciate your prompt attention to this matter.,Billing & Payments,Low,Email,Enterprise
TKT-11299,"Hi, Can we configure custom HTTP authorization headers on outgoing webhook payloads Thanks for your assistance.",Product Inquiries,Medium,Web Portal,SMB
TKT-11300,"Hi there, Requesting formal price quote for adding 8 additional team seats next quarter This is directly impacting our daily business operations.",Billing & Payments,Low,Web Portal,Free Tier
TKT-11301,"Dear Customer Care, Suspected account breach: unauthorized password reset email and unknown IP login detected Could you please verify this on your backend system?",Account Access,High,In-App Chat,SMB
TKT-11302,"Good morning, How to change default payment method from corporate Amex to ACH direct debit Could you please verify this on your backend system?",Billing & Payments,Medium,In-App Chat,SMB
TKT-11303,"Greetings, Critical PostgreSQL database connection pool exhausted all client requests failing with 500 Let us know if you need any additional diagnostic logs or screenshots.",Technical Issues,High,Web Portal,SMB
TKT-11304,Issue report: Fraudulent transactions detected on company card linked to this organization account Please look into this and advise on next steps as soon as possible.,Billing & Payments,High,Web Portal,SMB
TKT-11305,"Dear Customer Care, How do we export all our workspace data and audit logs before terminating our company account Awaiting your guidance on how to resolve this.",Cancellation & Refunds,Medium,In-App Chat,SMB
TKT-11306,Browser tab favicon disappears when navigating between analytics workspaces Please look into this and advise on next steps as soon as possible.,Technical Issues,Low,Web Portal,SMB
TKT-11307,"Hello support team, Subscription auto-renewed without mandatory 30-day notice demanding immediate full refund and cancellation Please escalate if necessary.",Cancellation & Refunds,High,Web Portal,SMB
TKT-11308,Regarding our account: Corporate credit card charged twice for annual enterprise plan total 4800 dollars reverse charge immediately [Environment: Production-526] Appreciate your prompt attention to this matter.,Billing & Payments,High,Web Portal,Enterprise
TKT-11309,Need immediate confirmation if enterprise tier complies with HIPAA SOC2 and GDPR requirements for contract signing We need resolution before our end-of-day sprint deadline.,Product Inquiries,High,Web Portal,SMB
TKT-11310,Support request: Corporate credit card charged twice for annual enterprise plan total 4800 dollars reverse charge immediately,Billing & Payments,High,Email,Enterprise
TKT-11311,"Hi, Do you have a public product roadmap for upcoming Q4 feature releases [Account Ref: ACCT-253] This is directly impacting our daily business operations.",Product Inquiries,Low,Web Portal,SMB
TKT-11312,"Hi, Need a formal proforma invoice before finance department can release wire payment [Node: k8s-worker-849] We need resolution before our end-of-day sprint deadline.",Billing & Payments,Medium,In-App Chat,Free Tier
TKT-11313,Help needed: Currency conversion charge unexpectedly added to our USD billing statement Please escalate if necessary.,Billing & Payments,Medium,In-App Chat,Free Tier
TKT-11314,"Good morning, Promotional discount code PROMO2024 was not applied during renewal checkout process [Environment: Production-251] Let us know if you need any additional diagnostic logs or screenshots.",Billing & Payments,Medium,Web Portal,Free Tier
TKT-11315,Urgent assistance requested: WebSocket connection randomly disconnects every 15 minutes on Firefox browser Please look into this and advise on next steps as soon as possible.,Technical Issues,Medium,Web Portal,Enterprise
TKT-11316,"Hi, Where can I download past PDF invoices from the billing management console [Environment: Production-613] Let us know if you need any additional diagnostic logs or screenshots.",Billing & Payments,Low,Web Portal,SMB
TKT-11317,Regarding our account: SSL TLS certificate expired on production load balancer customers seeing security warning Our team has tried restarting but the issue persists.,Technical Issues,High,Web Portal,SMB
TKT-11318,"Hi, GraphQL mutation returns intermittent schema validation error on batch updates We need resolution before our end-of-day sprint deadline.",Technical Issues,Medium,Web Portal,SMB
TKT-11319,"Good morning, How to change default payment method from corporate Amex to ACH direct debit [Environment: Production-431] Please look into this and advise on next steps as soon as possible.",Billing & Payments,Medium,In-App Chat,Enterprise
TKT-11320,"Greetings, Are there community webinars or office hours available for new platform users [Environment: Production-533] Please look into this and advise on next steps as soon as possible.",Product Inquiries,Low,Web Portal,Enterprise
TKT-11321,Urgent assistance requested: Customer requesting partial refund for 10 unused seat licenses from previous quarter [Account Ref: ACCT-771] We need resolution before our end-of-day sprint deadline.,Cancellation & Refunds,Medium,Web Portal,Enterprise
TKT-11322,Regarding our account: Need to update company billing address and official legal entity name on future receipts [Workspace: WS-731] Could you please verify this on your backend system?,Billing & Payments,Medium,Email,Free Tier
TKT-11323,"Greetings, Requesting payment receipt for the previous quarterly subscription cycle Our team has tried restarting but the issue persists.",Billing & Payments,Medium,Email,SMB
TKT-11324,"Good morning, How to configure local development environment using Docker Compose file",Technical Issues,Low,In-App Chat,SMB
TKT-11325,Okta single sign-on redirect loop preventing executive team from accessing platform [Client ID: #CLI-348] Please look into this and advise on next steps as soon as possible.,Account Access,High,Email,SMB
TKT-11326,Requesting formal price quote for adding 8 additional team seats next quarter [Node: k8s-worker-923] Could you please verify this on your backend system?,Billing & Payments,Low,Email,SMB
TKT-11327,"Hey team, Need immediate confirmation if enterprise tier complies with HIPAA SOC2 and GDPR requirements for contract signing Awaiting your guidance on how to resolve this.",Product Inquiries,High,Web Portal,SMB
TKT-11328,"Good morning, How to update billing email recipient list for monthly summary digests [Account Ref: ACCT-635] Thanks for your assistance.",Billing & Payments,Low,Web Portal,SMB
TKT-11329,"Hey team, User cannot switch between multiple linked organization accounts from dropdown menu Thanks for your assistance.",Account Access,Medium,Email,Enterprise
TKT-11330,Issue report: WebSocket connection randomly disconnects every 15 minutes on Firefox browser [Account Ref: ACCT-779],Technical Issues,Medium,Web Portal,Enterprise
TKT-11331,"Hello support team, Google Workspace OAuth login throws redirect uri mismatch error on new domain [Workspace: WS-305] Could you please verify this on your backend system?",Account Access,Medium,Web Portal,Free Tier
TKT-11332,Issue report: Is it possible to customize the login screen with our corporate company logo [Environment: Production-770] Please escalate if necessary.,Account Access,Low,Web Portal,SMB
TKT-11333,"Hi there, What are the architectural differences between Business and Enterprise subscription plans Let us know if you need any additional diagnostic logs or screenshots.",Product Inquiries,Medium,Email,SMB
TKT-11334,Search query indexing delayed by 40 minutes in elasticsearch cluster [Node: k8s-worker-495] Please look into this and advise on next steps as soon as possible.,Technical Issues,Medium,Web Portal,Free Tier
TKT-11335,Attention Support: How to configure local development environment using Docker Compose file Thanks for your assistance.,Technical Issues,Low,In-App Chat,Enterprise
TKT-11336,Urgent assistance requested: Will our annual subscription automatically renew at the end of this billing cycle Awaiting your guidance on how to resolve this.,Billing & Payments,Low,In-App Chat,SMB
TKT-11337,"Dear Customer Care, Promotional discount code PROMO2024 was not applied during renewal checkout process We need resolution before our end-of-day sprint deadline.",Billing & Payments,Medium,Email,Enterprise
TKT-11338,"Hi, What is the maximum hard API rate limit per second before enterprise contract deployment tonight [Account Ref: ACCT-412] This is directly impacting our daily business operations.",Product Inquiries,High,Web Portal,SMB
TKT-11339,Help needed: Need a formal proforma invoice before finance department can release wire payment Let us know if you need any additional diagnostic logs or screenshots.,Billing & Payments,Medium,Web Portal,SMB
TKT-11340,Urgent assistance requested: Dashboard analytics graphs taking over 25 seconds to render on web portal,Technical Issues,Medium,In-App Chat,SMB
TKT-11341,"Good morning, Monthly invoice receipt not being sent to our accounts payable finance email address [Client ID: #CLI-740] Thanks for your assistance.",Billing & Payments,Medium,In-App Chat,Enterprise
TKT-11342,Attention Support: Where is the setting to enable mandatory two factor authentication for all team members This is directly impacting our daily business operations.,Account Access,Low,Email,Enterprise
TKT-11343,"Good morning, Enterprise SAML SSO integration broken all company employees unable to sign in [Environment: Production-772] Our team has tried restarting but the issue persists.",Account Access,High,Email,SMB
TKT-11344,"Hi there, Feature request: support custom hex color codes in dashboard theme settings Let us know if you need any additional diagnostic logs or screenshots.",Technical Issues,Low,Web Portal,Free Tier
TKT-11345,Attention Support: Fraudulent transactions detected on company card linked to this organization account We need resolution before our end-of-day sprint deadline.,Billing & Payments,High,Web Portal,Free Tier
TKT-11346,"Hey team, SSL TLS certificate expired on production load balancer customers seeing security warning [Account Ref: ACCT-234] Please escalate if necessary.",Technical Issues,High,Web Portal,SMB
TKT-11347,Support request: Suspected account breach: unauthorized password reset email and unknown IP login detected Our team has tried restarting but the issue persists.,Account Access,High,Web Portal,Enterprise
TKT-11348,Integration with Jira webhook failing with 401 unauthorized after token rotation [Node: k8s-worker-636] Our team has tried restarting but the issue persists.,Technical Issues,Medium,Email,Enterprise
TKT-11349,Attention Support: Requesting detailed itemized breakdown for usage-based API bandwidth overages last month Our team has tried restarting but the issue persists.,Billing & Payments,Medium,In-App Chat,Free Tier
TKT-11350,"Dear Customer Care, How many concurrent API requests are permitted on the standard developer tier plan [Account Ref: ACCT-836] Appreciate your prompt attention to this matter.",Product Inquiries,Medium,Web Portal,SMB
TKT-11351,"Dear Customer Care, CSV data export times out when file contains more than 10000 rows Appreciate your prompt attention to this matter.",Technical Issues,Medium,Email,Free Tier
TKT-11352,Issue report: Does the platform support automated CSV export via scheduled SFTP server connector This is directly impacting our daily business operations.,Product Inquiries,Medium,Email,SMB
TKT-11353,Attention Support: Requesting dark mode theme support for the desktop application client Could you please verify this on your backend system?,Technical Issues,Low,Web Portal,SMB
TKT-11354,"Dear Customer Care, Monthly invoice receipt not being sent to our accounts payable finance email address [Server Instance: US-East-126] We need resolution before our end-of-day sprint deadline.",Billing & Payments,Medium,Email,SMB
TKT-11355,"Greetings, Can we set up custom role-based access permissions for external contractor accounts [Account Ref: ACCT-727] Please escalate if necessary.",Product Inquiries,Medium,Web Portal,SMB
TKT-11356,"Greetings, Can one user account belong to multiple independent organizational workspaces [Client ID: #CLI-467] We need resolution before our end-of-day sprint deadline.",Account Access,Low,Web Portal,SMB
TKT-11357,Issue report: How do I update my profile avatar picture and display name on the portal [Account Ref: ACCT-580] Awaiting your guidance on how to resolve this.,Account Access,Low,Web Portal,SMB
TKT-11358,Support request: Session timeout is too aggressive disconnecting users after only 5 minutes of inactivity [Environment: Production-603] Appreciate your prompt attention to this matter.,Account Access,Medium,Web Portal,SMB
TKT-11359,"Dear Customer Care, How to change email notification preferences for weekly activity digests [Client ID: #CLI-518] Our team has tried restarting but the issue persists.",Account Access,Low,Email,SMB
TKT-11360,"Hey team, Corporate credit card charged twice for annual enterprise plan total 4800 dollars reverse charge immediately [Node: k8s-worker-307] Let us know if you need any additional diagnostic logs or screenshots.",Billing & Payments,High,Web Portal,SMB
TKT-11361,"Hi there, Fraudulent transactions detected on company card linked to this organization account Our team has tried restarting but the issue persists.",Billing & Payments,High,Email,SMB
TKT-11362,GraphQL mutation returns intermittent schema validation error on batch updates Please escalate if necessary.,Technical Issues,Medium,Web Portal,Free Tier
TKT-11363,Do you have a public product roadmap for upcoming Q4 feature releases Awaiting your guidance on how to resolve this.,Product Inquiries,Low,Web Portal,SMB
TKT-11364,Attention Support: Can you share recommended best practices for structuring multi-team workspaces This is directly impacting our daily business operations.,Product Inquiries,Low,Web Portal,SMB
TKT-11365,Attention Support: Can we set up custom role-based access permissions for external contractor accounts Appreciate your prompt attention to this matter.,Product Inquiries,Medium,Email,SMB
TKT-11366,"Greetings, Okta single sign-on redirect loop preventing executive team from accessing platform Please escalate if necessary.",Account Access,High,Email,Enterprise
TKT-11367,"Hi, Need to update company billing address and official legal entity name on future receipts Please look into this and advise on next steps as soon as possible.",Billing & Payments,Medium,Email,Enterprise
TKT-11368,"Hello support team, Is it possible to customize the login screen with our corporate company logo We need resolution before our end-of-day sprint deadline.",Account Access,Low,Web Portal,Enterprise
TKT-11369,Issue report: Requesting dark mode theme support for the desktop application client This is directly impacting our daily business operations.,Technical Issues,Low,Email,SMB
TKT-11370,Regarding our account: Third party Zapier integration trigger not firing on new lead creation,Technical Issues,Medium,In-App Chat,Free Tier
TKT-11371,"Hey team, Suspected account breach: unauthorized password reset email and unknown IP login detected Awaiting your guidance on how to resolve this.",Account Access,High,Web Portal,Enterprise
TKT-11372,Regarding our account: Security incident: multiple unauthorized API requests detected bypassing rate limiter Could you please verify this on your backend system?,Technical Issues,High,Web Portal,SMB
TKT-11373,"Hey team, How do we export all our workspace data and audit logs before terminating our company account Please escalate if necessary.",Cancellation & Refunds,Medium,Email,SMB
TKT-11374,"Dear Customer Care, Can we customize the default font size in the rich text markdown editor Awaiting your guidance on how to resolve this.",Technical Issues,Low,Web Portal,SMB
TKT-11375,"Hi there, Inquiry regarding non-profit and educational discount pricing eligibility [Account Ref: ACCT-812] Thanks for your assistance.",Billing & Payments,Low,Web Portal,Enterprise
TKT-11376,"Dear Customer Care, Legal notice: disputed recurring charge with bank process immediate cancellation and refund Let us know if you need any additional diagnostic logs or screenshots.",Cancellation & Refunds,High,Email,SMB
TKT-11377,"Hello support team, Can you share recommended best practices for structuring multi-team workspaces Our team has tried restarting but the issue persists.",Product Inquiries,Low,In-App Chat,Enterprise
TKT-11378,"Good morning, Is there native integration support for Snowflake data warehouse and dbt models [Workspace: WS-808] Awaiting your guidance on how to resolve this.",Product Inquiries,Medium,Email,Enterprise
TKT-11379,Issue report: How to generate new personal API access tokens from profile settings tab Our team has tried restarting but the issue persists.,Account Access,Low,In-App Chat,SMB
TKT-11380,"Hi there, CSV data export times out when file contains more than 10000 rows Please look into this and advise on next steps as soon as possible.",Technical Issues,Medium,Email,SMB
TKT-11381,"Hi there, Stripe subscription failed automatic renewal due to 3D Secure verification loop Thanks for your assistance.",Billing & Payments,High,Web Portal,SMB
TKT-11382,Regarding our account: We wish to switch from annual prepayment to monthly billing cycle at the end of term Thanks for your assistance.,Cancellation & Refunds,Medium,Web Portal,SMB
TKT-11383,Attention Support: Feature request: support custom hex color codes in dashboard theme settings Thanks for your assistance.,Technical Issues,Low,Web Portal,SMB
TKT-11384,Urgent assistance requested: Requesting detailed itemized breakdown for usage-based API bandwidth overages last month Please escalate if necessary.,Billing & Payments,Medium,Email,SMB
TKT-11385,"Dear Customer Care, WebSocket connection randomly disconnects every 15 minutes on Firefox browser [Node: k8s-worker-152] Our team has tried restarting but the issue persists.",Technical Issues,Medium,Web Portal,SMB
TKT-11386,"Hey team, PDF report generation outputting blank pages for charts with dark mode themes Could you please verify this on your backend system?",Technical Issues,Medium,In-App Chat,Free Tier
TKT-11387,"Hey team, Requesting payment receipt for the previous quarterly subscription cycle [Server Instance: US-East-307]",Billing & Payments,Medium,Web Portal,SMB
TKT-11388,"Greetings, What are the architectural differences between Business and Enterprise subscription plans [Environment: Production-975] Could you please verify this on your backend system?",Product Inquiries,Medium,Web Portal,Free Tier
TKT-11389,"Hi, What native database connectors are supported for the real-time analytics pipeline This is directly impacting our daily business operations.",Product Inquiries,Medium,Email,Enterprise
TKT-11390,Help needed: Can you share recommended best practices for structuring multi-team workspaces Let us know if you need any additional diagnostic logs or screenshots.,Product Inquiries,Low,Web Portal,Free Tier
TKT-11391,"Good morning, Need to update company billing address and official legal entity name on future receipts [Node: k8s-worker-670] Thanks for your assistance.",Billing & Payments,Medium,Email,Enterprise
TKT-11392,Can we set up custom role-based access permissions for external contractor accounts [Server Instance: US-East-156] We need resolution before our end-of-day sprint deadline.,Product Inquiries,Medium,Web Portal,Enterprise
TKT-11393,"Hello support team, Data synchronization pipeline halted midway corrupted Kafka consumer offset Our team has tried restarting but the issue persists.",Technical Issues,High,Email,Free Tier
TKT-11394,Webhook delivery engine completely stalled queue depth exceeding 500000 events [Client ID: #CLI-150] Please escalate if necessary.,Technical Issues,High,Email,Free Tier
TKT-11395,Attention Support: Promotional discount code PROMO2024 was not applied during renewal checkout process [Workspace: WS-725] Our team has tried restarting but the issue persists.,Billing & Payments,Medium,Email,Enterprise
TKT-11396,"Greetings, Browser tab favicon disappears when navigating between analytics workspaces [Environment: Production-867] Thanks for your assistance.",Technical Issues,Low,Email,SMB
TKT-11397,Urgent assistance requested: How many concurrent API requests are permitted on the standard developer tier plan [Workspace: WS-430] This is directly impacting our daily business operations.,Product Inquiries,Medium,Web Portal,SMB
TKT-11398,"Hi, Is it possible to customize the login screen with our corporate company logo [Server Instance: US-East-224] Please look into this and advise on next steps as soon as possible.",Account Access,Low,In-App Chat,SMB
TKT-11399,Urgent assistance requested: Security incident: multiple unauthorized API requests detected bypassing rate limiter Thanks for your assistance.,Technical Issues,High,Email,SMB
TKT-11400,Issue report: Can one user account belong to multiple independent organizational workspaces We need resolution before our end-of-day sprint deadline.,Account Access,Low,Email,Free Tier
TKT-11401,"Greetings, Documentation link in developer portal version 2.4 points to outdated 404 page",Technical Issues,Low,In-App Chat,Enterprise
TKT-11402,Help needed: Password reset email link never arrives in user inbox or spam junk folder Please escalate if necessary.,Account Access,Medium,In-App Chat,Enterprise
TKT-11403,"Hey team, Okta single sign-on redirect loop preventing executive team from accessing platform Let us know if you need any additional diagnostic logs or screenshots.",Account Access,High,Email,Enterprise
TKT-11404,"Hey team, Search query indexing delayed by 40 minutes in elasticsearch cluster Thanks for your assistance.",Technical Issues,Medium,In-App Chat,Enterprise
TKT-11405,Urgent assistance requested: Browser tab favicon disappears when navigating between analytics workspaces Our team has tried restarting but the issue persists.,Technical Issues,Low,Email,Free Tier
TKT-11406,"Hi, GraphQL mutation returns intermittent schema validation error on batch updates",Technical Issues,Medium,Web Portal,Enterprise
TKT-11407,"Dear Customer Care, User cannot switch between multiple linked organization accounts from dropdown menu [Workspace: WS-298] Please escalate if necessary.",Account Access,Medium,Email,SMB
TKT-11408,"Hi there, Need to update company billing address and official legal entity name on future receipts This is directly impacting our daily business operations.",Billing & Payments,Medium,In-App Chat,Enterprise
TKT-11409,Attention Support: Invited team member receives invalid invitation token error when clicking registration link [Account Ref: ACCT-925] This is directly impacting our daily business operations.,Account Access,Medium,In-App Chat,Enterprise
TKT-11410,"Hello support team, Service uptime breached SLA contract below 95 percent demanding contract cancellation and full penalty refund [Workspace: WS-360]",Cancellation & Refunds,High,Email,Free Tier
TKT-11411,"Hey team, Documentation link in developer portal version 2.4 points to outdated 404 page Could you please verify this on your backend system?",Technical Issues,Low,Web Portal,Free Tier
TKT-11412,Regarding our account: Need to revoke workspace access for former employee and reassign ownership of dashboards [Workspace: WS-449] This is directly impacting our daily business operations.,Account Access,Medium,Web Portal,SMB
TKT-11413,Issue report: SSL TLS certificate expired on production load balancer customers seeing security warning Please escalate if necessary.,Technical Issues,High,Web Portal,SMB
TKT-11414,Need immediate confirmation if enterprise tier complies with HIPAA SOC2 and GDPR requirements for contract signing [Workspace: WS-788] Our team has tried restarting but the issue persists.,Product Inquiries,High,Web Portal,SMB
TKT-11415,Help needed: Automated cron job failed to execute database backup backup disk volume full This is directly impacting our daily business operations.,Technical Issues,High,Web Portal,Free Tier
TKT-11416,"Dear Customer Care, What native database connectors are supported for the real-time analytics pipeline",Product Inquiries,Medium,Email,SMB
TKT-11417,"Hi, User cannot switch between multiple linked organization accounts from dropdown menu Appreciate your prompt attention to this matter.",Account Access,Medium,Email,Enterprise
TKT-11418,Issue report: PDF report generation outputting blank pages for charts with dark mode themes This is directly impacting our daily business operations.,Technical Issues,Medium,In-App Chat,SMB
TKT-11419,"Greetings, Do you have a public product roadmap for upcoming Q4 feature releases [Account Ref: ACCT-119]",Product Inquiries,Low,Web Portal,SMB
TKT-11420,"Greetings, Can one user account belong to multiple independent organizational workspaces [Workspace: WS-167]",Account Access,Low,In-App Chat,SMB
TKT-11421,"Hey team, Feature request: support custom hex color codes in dashboard theme settings [Environment: Production-741] This is directly impacting our daily business operations.",Technical Issues,Low,Web Portal,SMB
TKT-11422,Please confirm that auto-renewal is disabled for our upcoming annual contract renewal Our team has tried restarting but the issue persists.,Cancellation & Refunds,Medium,Email,SMB
TKT-11423,"Dear Customer Care, Currency conversion charge unexpectedly added to our USD billing statement [Workspace: WS-822] Please escalate if necessary.",Billing & Payments,Medium,Email,Free Tier
TKT-11424,Issue report: Subscription auto-renewed without mandatory 30-day notice demanding immediate full refund and cancellation [Client ID: #CLI-608] This is directly impacting our daily business operations.,Cancellation & Refunds,High,In-App Chat,SMB
TKT-11425,Urgent assistance requested: Severe memory leak in backend microservice causing Redis node failovers Awaiting your guidance on how to resolve this.,Technical Issues,High,Web Portal,Free Tier
TKT-11426,"Good morning, Where is the setting to enable mandatory two factor authentication for all team members [Client ID: #CLI-483] Thanks for your assistance.",Account Access,Low,Web Portal,SMB
TKT-11427,Regarding our account: Dashboard analytics graphs taking over 25 seconds to render on web portal We need resolution before our end-of-day sprint deadline.,Technical Issues,Medium,Email,Enterprise
TKT-11428,"Hi, What is the maximum hard API rate limit per second before enterprise contract deployment tonight This is directly impacting our daily business operations.",Product Inquiries,High,Email,SMB
TKT-11429,"Dear Customer Care, Two factor authentication SMS codes not arriving and recovery emergency codes failing [Environment: Production-850] We need resolution before our end-of-day sprint deadline.",Account Access,High,Web Portal,Free Tier
TKT-11430,"Hey team, Can we customize the default font size in the rich text markdown editor [Client ID: #CLI-941] Appreciate your prompt attention to this matter.",Technical Issues,Low,In-App Chat,Enterprise
TKT-11431,Support request: Third party Zapier integration trigger not firing on new lead creation [Client ID: #CLI-570] Our team has tried restarting but the issue persists.,Technical Issues,Medium,In-App Chat,Free Tier
TKT-11432,Issue report: What is the billing cycle date for recurring monthly addon licenses [Workspace: WS-145] Thanks for your assistance.,Billing & Payments,Low,Web Portal,Free Tier
TKT-11433,Legal notice: disputed recurring charge with bank process immediate cancellation and refund [Client ID: #CLI-205] Please look into this and advise on next steps as soon as possible.,Cancellation & Refunds,High,Web Portal,Enterprise
TKT-11434,Regarding our account: Can we customize the default font size in the rich text markdown editor,Technical Issues,Low,Web Portal,Enterprise
TKT-11435,"Greetings, Where can I download past PDF invoices from the billing management console Could you please verify this on your backend system?",Billing & Payments,Low,Email,SMB
TKT-11436,Urgent assistance requested: How to configure local development environment using Docker Compose file [Workspace: WS-645] We need resolution before our end-of-day sprint deadline.,Technical Issues,Low,Email,Enterprise
TKT-11437,Regarding our account: Data synchronization pipeline halted midway corrupted Kafka consumer offset Awaiting your guidance on how to resolve this.,Technical Issues,High,Web Portal,SMB
TKT-11438,"Dear Customer Care, Customer requesting partial refund for 10 unused seat licenses from previous quarter [Client ID: #CLI-737] Our team has tried restarting but the issue persists.",Cancellation & Refunds,Medium,Email,SMB
TKT-11439,"Hi, Requesting step by step instructions for configuring Microsoft Authenticator app [Workspace: WS-662] Please look into this and advise on next steps as soon as possible.",Account Access,Low,Web Portal,SMB
TKT-11440,"Hey team, Enterprise SAML SSO integration broken all company employees unable to sign in Our team has tried restarting but the issue persists.",Account Access,High,Web Portal,SMB
TKT-11441,"Greetings, Customer requesting partial refund for 10 unused seat licenses from previous quarter [Workspace: WS-727] We need resolution before our end-of-day sprint deadline.",Cancellation & Refunds,Medium,Email,SMB
TKT-11442,"Hi, Can we configure custom HTTP authorization headers on outgoing webhook payloads [Client ID: #CLI-582] Awaiting your guidance on how to resolve this.",Product Inquiries,Medium,In-App Chat,SMB
TKT-11443,"Hello support team, Session timeout is too aggressive disconnecting users after only 5 minutes of inactivity Please look into this and advise on next steps as soon as possible.",Account Access,Medium,Web Portal,Enterprise
TKT-11444,Attention Support: Critical PostgreSQL database connection pool exhausted all client requests failing with 500 [Account Ref: ACCT-706] Let us know if you need any additional diagnostic logs or screenshots.,Technical Issues,High,In-App Chat,Enterprise
TKT-11445,"Greetings, Where can I find sample Postman collections for testing v3 webhook endpoints [Server Instance: US-East-830] Appreciate your prompt attention to this matter.",Technical Issues,Low,Web Portal,SMB
TKT-11446,"Hi there, Can we customize the default font size in the rich text markdown editor Awaiting your guidance on how to resolve this.",Technical Issues,Low,In-App Chat,Free Tier
TKT-11447,Will our annual subscription automatically renew at the end of this billing cycle [Workspace: WS-800] Awaiting your guidance on how to resolve this.,Billing & Payments,Low,Web Portal,Enterprise
TKT-11448,Help needed: GraphQL mutation returns intermittent schema validation error on batch updates We need resolution before our end-of-day sprint deadline.,Technical Issues,Medium,Web Portal,SMB
TKT-11449,WebSocket connection randomly disconnects every 15 minutes on Firefox browser [Workspace: WS-501] Please escalate if necessary.,Technical Issues,Medium,Email,SMB
TKT-11450,Issue report: Urgent pre-sales technical requirement: does your SDK support Python 3.12 in high throughput production [Workspace: WS-564],Product Inquiries,High,Email,SMB
TKT-11451,"Hello support team, Automated cron job failed to execute database backup backup disk volume full Please look into this and advise on next steps as soon as possible.",Technical Issues,High,Email,Free Tier
TKT-11452,Help needed: Need a formal proforma invoice before finance department can release wire payment Awaiting your guidance on how to resolve this.,Billing & Payments,Medium,In-App Chat,SMB
TKT-11453,Regarding our account: Monthly invoice receipt not being sent to our accounts payable finance email address Appreciate your prompt attention to this matter.,Billing & Payments,Medium,Web Portal,SMB
TKT-11454,"Hey team, Is it possible to customize the login screen with our corporate company logo Thanks for your assistance.",Account Access,Low,Email,SMB
TKT-11455,Attention Support: Google Workspace OAuth login throws redirect uri mismatch error on new domain We need resolution before our end-of-day sprint deadline.,Account Access,Medium,Web Portal,Enterprise
TKT-11456,Help needed: Requesting detailed itemized breakdown for usage-based API bandwidth overages last month [Server Instance: US-East-933] Let us know if you need any additional diagnostic logs or screenshots.,Billing & Payments,Medium,In-App Chat,SMB
TKT-11457,"Greetings, We wish to switch from annual prepayment to monthly billing cycle at the end of term Let us know if you need any additional diagnostic logs or screenshots.",Cancellation & Refunds,Medium,Email,SMB
TKT-11458,"Greetings, PDF report generation outputting blank pages for charts with dark mode themes Appreciate your prompt attention to this matter.",Technical Issues,Medium,Web Portal,SMB
TKT-11459,"Dear Customer Care, Which international currencies and payment cards does your platform support",Billing & Payments,Low,Web Portal,Enterprise
TKT-11460,"Hi there, Inquiry regarding non-profit and educational discount pricing eligibility Please escalate if necessary.",Billing & Payments,Low,Email,SMB
TKT-11461,"Hi, Stripe subscription failed automatic renewal due to 3D Secure verification loop Please look into this and advise on next steps as soon as possible.",Billing & Payments,High,In-App Chat,SMB
TKT-11462,"Hey team, Requesting detailed itemized breakdown for usage-based API bandwidth overages last month [Client ID: #CLI-801] Let us know if you need any additional diagnostic logs or screenshots.",Billing & Payments,Medium,Web Portal,Free Tier
TKT-11463,Regarding our account: API response payload missing custom header metadata in staging environment [Node: k8s-worker-776] Let us know if you need any additional diagnostic logs or screenshots.,Technical Issues,Medium,Web Portal,SMB
TKT-11464,Regarding our account: Requesting step by step instructions for configuring Microsoft Authenticator app,Account Access,Low,Web Portal,SMB
TKT-11465,Support request: Feature request: support custom hex color codes in dashboard theme settings Our team has tried restarting but the issue persists.,Technical Issues,Low,Web Portal,SMB
TKT-11466,Attention Support: Enterprise SAML SSO integration broken all company employees unable to sign in Please escalate if necessary.,Account Access,High,Web Portal,Enterprise
TKT-11467,"Good morning, Fraudulent transactions detected on company card linked to this organization account",Billing & Payments,High,Web Portal,Free Tier
TKT-11468,"Greetings, Customer requesting partial refund for 10 unused seat licenses from previous quarter [Environment: Production-835]",Cancellation & Refunds,Medium,Web Portal,Enterprise
TKT-11469,"Hi there, Where is the setting to enable mandatory two factor authentication for all team members [Account Ref: ACCT-513] Please escalate if necessary.",Account Access,Low,Web Portal,Enterprise
TKT-11470,"Dear Customer Care, Can we set up custom role-based access permissions for external contractor accounts [Account Ref: ACCT-154] Could you please verify this on your backend system?",Product Inquiries,Medium,Web Portal,SMB
TKT-11471,Issue report: Need to update company billing address and official legal entity name on future receipts Thanks for your assistance.,Billing & Payments,Medium,Email,Free Tier
TKT-11472,"Hi there, How to update billing email recipient list for monthly summary digests Could you please verify this on your backend system?",Billing & Payments,Low,Web Portal,SMB
TKT-11473,Attention Support: Which international currencies and payment cards does your platform support Please escalate if necessary.,Billing & Payments,Low,In-App Chat,Enterprise
TKT-11474,Issue report: If we cancel our subscription do we retain read-only access to historical dashboard data Let us know if you need any additional diagnostic logs or screenshots.,Cancellation & Refunds,Low,Email,Enterprise
TKT-11475,"Hi, Can you share recommended best practices for structuring multi-team workspaces We need resolution before our end-of-day sprint deadline.",Product Inquiries,Low,Web Portal,Free Tier
TKT-11476,"Dear Customer Care, Automated cron job failed to execute database backup backup disk volume full We need resolution before our end-of-day sprint deadline.",Technical Issues,High,Email,SMB
TKT-11477,Enterprise SAML SSO integration broken all company employees unable to sign in [Node: k8s-worker-228] Let us know if you need any additional diagnostic logs or screenshots.,Account Access,High,In-App Chat,Enterprise
TKT-11478,"Hello support team, Primary REST API endpoint returning 503 Service Unavailable outage affecting all EU users Please look into this and advise on next steps as soon as possible.",Technical Issues,High,Email,Free Tier
TKT-11479,Issue report: Can one user account belong to multiple independent organizational workspaces Awaiting your guidance on how to resolve this.,Account Access,Low,Web Portal,SMB
TKT-11480,"Hi there, Requesting detailed itemized breakdown for usage-based API bandwidth overages last month Our team has tried restarting but the issue persists.",Billing & Payments,Medium,Web Portal,SMB
TKT-11481,What is the billing cycle date for recurring monthly addon licenses Awaiting your guidance on how to resolve this.,Billing & Payments,Low,Web Portal,Enterprise
TKT-11482,"Greetings, Okta single sign-on redirect loop preventing executive team from accessing platform Let us know if you need any additional diagnostic logs or screenshots.",Account Access,High,In-App Chat,SMB
TKT-11483,"Hi, Where can I find sample Postman collections for testing v3 webhook endpoints Let us know if you need any additional diagnostic logs or screenshots.",Technical Issues,Low,Email,Enterprise
TKT-11484,Attention Support: Invited team member receives invalid invitation token error when clicking registration link [Environment: Production-719] Appreciate your prompt attention to this matter.,Account Access,Medium,Email,Free Tier
TKT-11485,"Greetings, We are downsizing our team and wish to downgrade from Enterprise to Starter plan next month Awaiting your guidance on how to resolve this.",Cancellation & Refunds,Medium,Web Portal,SMB
TKT-11486,Issue report: Integration with Jira webhook failing with 401 unauthorized after token rotation [Account Ref: ACCT-690] Thanks for your assistance.,Technical Issues,Medium,Email,Enterprise
TKT-11487,"Hello support team, How to update billing email recipient list for monthly summary digests This is directly impacting our daily business operations.",Billing & Payments,Low,In-App Chat,Enterprise
TKT-11488,"Hi there, Search query indexing delayed by 40 minutes in elasticsearch cluster Please escalate if necessary.",Technical Issues,Medium,In-App Chat,Enterprise
TKT-11489,"Hi there, Okta single sign-on redirect loop preventing executive team from accessing platform Our team has tried restarting but the issue persists.",Account Access,High,Email,SMB
TKT-11490,Does your enterprise SLA guarantee 99.99 percent uptime with financial penalty clauses Could you please verify this on your backend system?,Product Inquiries,High,Email,Enterprise
TKT-11491,"Hi, How do I update my profile avatar picture and display name on the portal [Environment: Production-745] Please escalate if necessary.",Account Access,Low,Web Portal,Free Tier
TKT-11492,Support request: Okta single sign-on redirect loop preventing executive team from accessing platform [Node: k8s-worker-652],Account Access,High,Web Portal,Enterprise
TKT-11493,"Greetings, Is it possible to customize the login screen with our corporate company logo Could you please verify this on your backend system?",Account Access,Low,Web Portal,SMB
TKT-11494,"Greetings, Inquiry regarding non-profit and educational discount pricing eligibility Appreciate your prompt attention to this matter.",Billing & Payments,Low,Email,SMB
TKT-11495,"Hey team, Can we set up custom role-based access permissions for external contractor accounts [Node: k8s-worker-711] Could you please verify this on your backend system?",Product Inquiries,Medium,Web Portal,SMB
TKT-11496,"Hey team, Are there community webinars or office hours available for new platform users [Node: k8s-worker-584] Please escalate if necessary.",Product Inquiries,Low,Web Portal,SMB
TKT-11497,"Greetings, Requesting detailed itemized breakdown for usage-based API bandwidth overages last month This is directly impacting our daily business operations.",Billing & Payments,Medium,Web Portal,SMB
TKT-11498,Regarding our account: Monthly invoice receipt not being sent to our accounts payable finance email address [Environment: Production-184] Please escalate if necessary.,Billing & Payments,Medium,Web Portal,Enterprise
TKT-11499,"Hi, Please cancel our monthly recurring addon package before the next billing cycle renews Please look into this and advise on next steps as soon as possible.",Cancellation & Refunds,Medium,Web Portal,SMB
TKT-11500,"Hey team, Critical: tax invoice missing mandatory VAT GST identification number audit deadline today Our team has tried restarting but the issue persists.",Billing & Payments,High,Web Portal,SMB
TKT-11501,Need to revoke workspace access for former employee and reassign ownership of dashboards [Client ID: #CLI-718] Could you please verify this on your backend system?,Account Access,Medium,Web Portal,Free Tier
TKT-11502,"Greetings, Requesting detailed itemized breakdown for usage-based API bandwidth overages last month Our team has tried restarting but the issue persists.",Billing & Payments,Medium,Web Portal,SMB
TKT-11503,Regarding our account: Data residency question: can our customer database be hosted exclusively in Frankfurt EU region [Node: k8s-worker-341] Our team has tried restarting but the issue persists.,Product Inquiries,High,Email,Enterprise
TKT-11504,"Dear Customer Care, Inquiry regarding non-profit and educational discount pricing eligibility Thanks for your assistance.",Billing & Payments,Low,Web Portal,SMB
TKT-11505,"Hi there, Is there an official public RSS feed for platform uptime and release changelogs Our team has tried restarting but the issue persists.",Technical Issues,Low,Web Portal,Free Tier
TKT-11506,Feature request: support custom hex color codes in dashboard theme settings Awaiting your guidance on how to resolve this.,Technical Issues,Low,Web Portal,SMB
TKT-11507,Regarding our account: What is the billing cycle date for recurring monthly addon licenses [Environment: Production-843] Let us know if you need any additional diagnostic logs or screenshots.,Billing & Payments,Low,Web Portal,Enterprise
TKT-11508,"Hello support team, Is there an official public RSS feed for platform uptime and release changelogs [Client ID: #CLI-153]",Technical Issues,Low,In-App Chat,SMB
TKT-11509,Help needed: Please cancel our monthly recurring addon package before the next billing cycle renews Let us know if you need any additional diagnostic logs or screenshots.,Cancellation & Refunds,Medium,Web Portal,SMB
TKT-11510,Issue report: How to change email notification preferences for weekly activity digests [Node: k8s-worker-822] Thanks for your assistance.,Account Access,Low,Web Portal,SMB
TKT-11511,Help needed: SSL TLS certificate expired on production load balancer customers seeing security warning [Environment: Production-112] Could you please verify this on your backend system?,Technical Issues,High,Web Portal,Free Tier
TKT-11512,Regarding our account: Do you have a public product roadmap for upcoming Q4 feature releases Awaiting your guidance on how to resolve this.,Product Inquiries,Low,Email,SMB
TKT-11513,"Hi, Search query indexing delayed by 40 minutes in elasticsearch cluster",Technical Issues,Medium,Web Portal,SMB
TKT-11514,"Hi, Organization admin locked out completely root credentials MFA authenticator lost urgent access required",Account Access,High,Web Portal,Enterprise
TKT-11515,Support request: Monthly invoice receipt not being sent to our accounts payable finance email address Please escalate if necessary.,Billing & Payments,Medium,Web Portal,Free Tier
TKT-11516,Issue report: Urgent pre-sales technical requirement: does your SDK support Python 3.12 in high throughput production,Product Inquiries,High,Email,SMB
TKT-11517,"Hi, Can one user account belong to multiple independent organizational workspaces Appreciate your prompt attention to this matter.",Account Access,Low,Email,SMB
TKT-11518,Urgent assistance requested: Primary REST API endpoint returning 503 Service Unavailable outage affecting all EU users [Client ID: #CLI-951] Thanks for your assistance.,Technical Issues,High,Web Portal,Enterprise
TKT-11519,"Hello support team, Is there a free trial period available for testing the advanced analytics add-on module [Client ID: #CLI-801] Let us know if you need any additional diagnostic logs or screenshots.",Product Inquiries,Low,Web Portal,Free Tier
TKT-11520,Urgent assistance requested: GraphQL mutation returns intermittent schema validation error on batch updates We need resolution before our end-of-day sprint deadline.,Technical Issues,Medium,Web Portal,SMB
TKT-11521,"Good morning, Mobile application crashes when toggling push notifications in user settings [Client ID: #CLI-158] This is directly impacting our daily business operations.",Technical Issues,Medium,Web Portal,Free Tier
TKT-11522,Support request: Webhook delivery engine completely stalled queue depth exceeding 500000 events We need resolution before our end-of-day sprint deadline.,Technical Issues,High,Web Portal,SMB
TKT-11523,Issue report: Documentation link in developer portal version 2.4 points to outdated 404 page [Account Ref: ACCT-233] Please look into this and advise on next steps as soon as possible.,Technical Issues,Low,Email,SMB
TKT-11524,Support request: Primary administrator deleted by mistake restore account privileges and access immediately,Account Access,High,Web Portal,SMB
TKT-11525,"Hi there, Suspected account breach: unauthorized password reset email and unknown IP login detected [Environment: Production-776] Our team has tried restarting but the issue persists.",Account Access,High,Web Portal,Free Tier
TKT-11526,Support request: Documentation link in developer portal version 2.4 points to outdated 404 page Awaiting your guidance on how to resolve this.,Technical Issues,Low,Email,Enterprise
TKT-11527,Regarding our account: Security incident: multiple unauthorized API requests detected bypassing rate limiter Let us know if you need any additional diagnostic logs or screenshots.,Technical Issues,High,Email,SMB
TKT-11528,Regarding our account: Are there community webinars or office hours available for new platform users [Client ID: #CLI-383] Appreciate your prompt attention to this matter.,Product Inquiries,Low,Email,Enterprise
TKT-11529,Attention Support: Minor CSS alignment glitch on navigation bar when screen width is below 1200px [Client ID: #CLI-364] Let us know if you need any additional diagnostic logs or screenshots.,Technical Issues,Low,Web Portal,Enterprise
TKT-11530,"Hey team, User cannot switch between multiple linked organization accounts from dropdown menu Our team has tried restarting but the issue persists.",Account Access,Medium,In-App Chat,SMB
TKT-11531,"Good morning, Where can I find sample Postman collections for testing v3 webhook endpoints Please escalate if necessary.",Technical Issues,Low,Web Portal,SMB
TKT-11532,"Hi there, Bank merchant account blocked our checkout payments requesting emergency gateway switch Our team has tried restarting but the issue persists.",Billing & Payments,High,Web Portal,Enterprise
TKT-11533,"Good morning, Currency conversion charge unexpectedly added to our USD billing statement Please escalate if necessary.",Billing & Payments,Medium,Email,Free Tier
TKT-11534,Issue report: GraphQL mutation returns intermittent schema validation error on batch updates [Client ID: #CLI-172] Could you please verify this on your backend system?,Technical Issues,Medium,Web Portal,Enterprise
TKT-11535,Issue report: Where can I access the OpenAPI Swagger documentation and Postman collections Could you please verify this on your backend system?,Product Inquiries,Low,Web Portal,SMB
TKT-11536,Help needed: Dashboard analytics graphs taking over 25 seconds to render on web portal Our team has tried restarting but the issue persists.,Technical Issues,Medium,Web Portal,Free Tier
TKT-11537,"Hello support team, What are the architectural differences between Business and Enterprise subscription plans",Product Inquiries,Medium,Email,Free Tier
TKT-11538,Issue report: Suspected account breach: unauthorized password reset email and unknown IP login detected Appreciate your prompt attention to this matter.,Account Access,High,Web Portal,Free Tier
TKT-11539,"Hello support team, Google Workspace OAuth login throws redirect uri mismatch error on new domain Thanks for your assistance.",Account Access,Medium,In-App Chat,Free Tier
TKT-11540,Help needed: Onboarding failed completely platform unusable cancel contract and refund all fees immediately Let us know if you need any additional diagnostic logs or screenshots.,Cancellation & Refunds,High,Email,SMB
TKT-11541,Regarding our account: Is there native integration support for Snowflake data warehouse and dbt models Please look into this and advise on next steps as soon as possible.,Product Inquiries,Medium,Web Portal,SMB
TKT-11542,Attention Support: Need immediate confirmation if enterprise tier complies with HIPAA SOC2 and GDPR requirements for contract signing [Account Ref: ACCT-467] Awaiting your guidance on how to resolve this.,Product Inquiries,High,Web Portal,Enterprise
TKT-11543,Support request: Stripe subscription failed automatic renewal due to 3D Secure verification loop Could you please verify this on your backend system?,Billing & Payments,High,Web Portal,SMB
TKT-11544,Support request: Session timeout is too aggressive disconnecting users after only 5 minutes of inactivity Please look into this and advise on next steps as soon as possible.,Account Access,Medium,Email,Enterprise
TKT-11545,"Hi there, Is there an official public RSS feed for platform uptime and release changelogs Awaiting your guidance on how to resolve this.",Technical Issues,Low,Web Portal,Free Tier
TKT-11546,Support request: Can we configure custom HTTP authorization headers on outgoing webhook payloads [Client ID: #CLI-493] We need resolution before our end-of-day sprint deadline.,Product Inquiries,Medium,In-App Chat,Enterprise
TKT-11547,"Hey team, How to change default payment method from corporate Amex to ACH direct debit Let us know if you need any additional diagnostic logs or screenshots.",Billing & Payments,Medium,Web Portal,Free Tier
TKT-11548,Help needed: Search query indexing delayed by 40 minutes in elasticsearch cluster Please look into this and advise on next steps as soon as possible.,Technical Issues,Medium,Email,SMB
TKT-11549,Issue report: GraphQL mutation returns intermittent schema validation error on batch updates [Server Instance: US-East-125] We need resolution before our end-of-day sprint deadline.,Technical Issues,Medium,Email,Enterprise
TKT-11550,"Greetings, Is there native integration support for Snowflake data warehouse and dbt models We need resolution before our end-of-day sprint deadline.",Product Inquiries,Medium,Email,SMB
TKT-11551,Regarding our account: CSV data export times out when file contains more than 10000 rows Thanks for your assistance.,Technical Issues,Medium,In-App Chat,SMB
TKT-11552,"Hi, How do we export all our workspace data and audit logs before terminating our company account Awaiting your guidance on how to resolve this.",Cancellation & Refunds,Medium,Web Portal,SMB
TKT-11553,"Hello support team, We are downsizing our team and wish to downgrade from Enterprise to Starter plan next month [Node: k8s-worker-143] Appreciate your prompt attention to this matter.",Cancellation & Refunds,Medium,In-App Chat,Free Tier
TKT-11554,"Hi there, Unauthorized upgrade charge applied to billing statement without admin approval We need resolution before our end-of-day sprint deadline.",Billing & Payments,High,Email,SMB
TKT-11555,"Hi, Is there native integration support for Snowflake data warehouse and dbt models Awaiting your guidance on how to resolve this.",Product Inquiries,Medium,Web Portal,SMB
TKT-11556,Issue report: Requesting detailed itemized breakdown for usage-based API bandwidth overages last month [Client ID: #CLI-137] Please escalate if necessary.,Billing & Payments,Medium,Web Portal,SMB
TKT-11557,"Dear Customer Care, How to generate new personal API access tokens from profile settings tab Awaiting your guidance on how to resolve this.",Account Access,Low,Web Portal,SMB
TKT-11558,"Greetings, Invited team member receives invalid invitation token error when clicking registration link [Node: k8s-worker-233] This is directly impacting our daily business operations.",Account Access,Medium,Web Portal,Free Tier
TKT-11559,"Dear Customer Care, What are the architectural differences between Business and Enterprise subscription plans [Workspace: WS-940]",Product Inquiries,Medium,Email,Enterprise
TKT-11560,"Greetings, User cannot switch between multiple linked organization accounts from dropdown menu Please look into this and advise on next steps as soon as possible.",Account Access,Medium,Web Portal,Enterprise
TKT-11561,"Hi there, We are downsizing our team and wish to downgrade from Enterprise to Starter plan next month Awaiting your guidance on how to resolve this.",Cancellation & Refunds,Medium,Web Portal,Enterprise
TKT-11562,"Good morning, Browser tab favicon disappears when navigating between analytics workspaces Please look into this and advise on next steps as soon as possible.",Technical Issues,Low,Email,SMB
TKT-11563,Urgent assistance requested: Requesting dark mode theme support for the desktop application client,Technical Issues,Low,Web Portal,Enterprise
TKT-11564,Support request: Promotional discount code PROMO2024 was not applied during renewal checkout process Please escalate if necessary.,Billing & Payments,Medium,Web Portal,SMB
TKT-11565,Where is the setting to enable mandatory two factor authentication for all team members We need resolution before our end-of-day sprint deadline.,Account Access,Low,Web Portal,Enterprise
TKT-11566,"Dear Customer Care, Browser tab favicon disappears when navigating between analytics workspaces [Workspace: WS-244] Appreciate your prompt attention to this matter.",Technical Issues,Low,Email,SMB
TKT-11567,"Dear Customer Care, PDF report generation outputting blank pages for charts with dark mode themes Appreciate your prompt attention to this matter.",Technical Issues,Medium,Web Portal,SMB
TKT-11568,"Good morning, Can we pause our account for two months during our seasonal business hiatus [Client ID: #CLI-910] Please escalate if necessary.",Cancellation & Refunds,Low,Email,SMB
TKT-11569,Help needed: Dashboard analytics graphs taking over 25 seconds to render on web portal [Server Instance: US-East-191] Please look into this and advise on next steps as soon as possible.,Technical Issues,Medium,Web Portal,SMB
TKT-11570,"Dear Customer Care, Fraudulent transactions detected on company card linked to this organization account [Environment: Production-521]",Billing & Payments,High,Email,Free Tier
TKT-11571,"Dear Customer Care, Cannot update primary email address in profile settings page throws permission denied error Please escalate if necessary.",Account Access,Medium,In-App Chat,Free Tier
TKT-11572,"Dear Customer Care, Webhook delivery engine completely stalled queue depth exceeding 500000 events Awaiting your guidance on how to resolve this.",Technical Issues,High,Email,Free Tier
TKT-11573,Support request: What is your standard cancellation notice policy if we decide to pause next quarter [Client ID: #CLI-671] Could you please verify this on your backend system?,Cancellation & Refunds,Low,Email,SMB
TKT-11574,"Good morning, Integration with Jira webhook failing with 401 unauthorized after token rotation Please look into this and advise on next steps as soon as possible.",Technical Issues,Medium,Web Portal,SMB
TKT-11575,"Greetings, How do I update my profile avatar picture and display name on the portal Appreciate your prompt attention to this matter.",Account Access,Low,Web Portal,SMB
TKT-11576,"Hi, Third party Zapier integration trigger not firing on new lead creation We need resolution before our end-of-day sprint deadline.",Technical Issues,Medium,Email,SMB
TKT-11577,Support request: We wish to switch from annual prepayment to monthly billing cycle at the end of term [Server Instance: US-East-215] We need resolution before our end-of-day sprint deadline.,Cancellation & Refunds,Medium,Web Portal,SMB
TKT-11578,Support request: Requesting formal price quote for adding 8 additional team seats next quarter Awaiting your guidance on how to resolve this.,Billing & Payments,Low,Email,Free Tier
TKT-11579,Support request: Feature request: support custom hex color codes in dashboard theme settings [Workspace: WS-391] This is directly impacting our daily business operations.,Technical Issues,Low,Web Portal,Free Tier
TKT-11580,Attention Support: How to change default payment method from corporate Amex to ACH direct debit [Environment: Production-144] Could you please verify this on your backend system?,Billing & Payments,Medium,Email,Free Tier
TKT-11581,Issue report: CSV data export times out when file contains more than 10000 rows This is directly impacting our daily business operations.,Technical Issues,Medium,In-App Chat,SMB
TKT-11582,"Dear Customer Care, WebSocket connection randomly disconnects every 15 minutes on Firefox browser This is directly impacting our daily business operations.",Technical Issues,Medium,Web Portal,Free Tier
TKT-11583,"Greetings, Please confirm that auto-renewal is disabled for our upcoming annual contract renewal Appreciate your prompt attention to this matter.",Cancellation & Refunds,Medium,Web Portal,Enterprise
TKT-11584,"Good morning, Stripe subscription failed automatic renewal due to 3D Secure verification loop [Client ID: #CLI-342] Please look into this and advise on next steps as soon as possible.",Billing & Payments,High,In-App Chat,SMB
TKT-11585,PDF report generation outputting blank pages for charts with dark mode themes We need resolution before our end-of-day sprint deadline.,Technical Issues,Medium,Email,Free Tier
TKT-11586,"Hi there, Please cancel our monthly recurring addon package before the next billing cycle renews Awaiting your guidance on how to resolve this.",Cancellation & Refunds,Medium,Email,SMB
TKT-11587,Attention Support: Organization admin locked out completely root credentials MFA authenticator lost urgent access required [Account Ref: ACCT-565] Our team has tried restarting but the issue persists.,Account Access,High,Web Portal,SMB
TKT-11588,Attention Support: Primary REST API endpoint returning 503 Service Unavailable outage affecting all EU users [Node: k8s-worker-298] Appreciate your prompt attention to this matter.,Technical Issues,High,Email,Enterprise
TKT-11589,Urgent assistance requested: Session timeout is too aggressive disconnecting users after only 5 minutes of inactivity [Server Instance: US-East-132] Could you please verify this on your backend system?,Account Access,Medium,In-App Chat,SMB
TKT-11590,"Hello support team, API response payload missing custom header metadata in staging environment [Environment: Production-569] Could you please verify this on your backend system?",Technical Issues,Medium,Email,Free Tier
TKT-11591,"Dear Customer Care, Currency conversion charge unexpectedly added to our USD billing statement [Workspace: WS-718] Appreciate your prompt attention to this matter.",Billing & Payments,Medium,In-App Chat,Enterprise
TKT-11592,Regarding our account: Cannot update primary email address in profile settings page throws permission denied error,Account Access,Medium,Web Portal,SMB
TKT-11593,"Greetings, WebSocket connection randomly disconnects every 15 minutes on Firefox browser Thanks for your assistance.",Technical Issues,Medium,In-App Chat,Enterprise
TKT-11594,Attention Support: Need immediate confirmation if enterprise tier complies with HIPAA SOC2 and GDPR requirements for contract signing Thanks for your assistance.,Product Inquiries,High,Email,Enterprise
TKT-11595,"Greetings, How many days before the renewal date do we need to submit a formal cancellation request Awaiting your guidance on how to resolve this.",Cancellation & Refunds,Low,Email,Free Tier
TKT-11596,"Hello support team, Where is the setting to enable mandatory two factor authentication for all team members Let us know if you need any additional diagnostic logs or screenshots.",Account Access,Low,Email,Free Tier
TKT-11597,"Good morning, Fraudulent transactions detected on company card linked to this organization account Appreciate your prompt attention to this matter.",Billing & Payments,High,Email,Enterprise
TKT-11598,"Greetings, Cannot update primary email address in profile settings page throws permission denied error Our team has tried restarting but the issue persists.",Account Access,Medium,Email,Enterprise
TKT-11599,Attention Support: Dashboard analytics graphs taking over 25 seconds to render on web portal [Environment: Production-851] This is directly impacting our daily business operations.,Technical Issues,Medium,In-App Chat,SMB
TKT-11600,Attention Support: Where can I download past PDF invoices from the billing management console Thanks for your assistance.,Billing & Payments,Low,Email,Enterprise
TKT-11601,Help needed: Payment gateway timeout during checkout funds deducted from bank but subscription marked unpaid [Account Ref: ACCT-871] Awaiting your guidance on how to resolve this.,Billing & Payments,High,In-App Chat,Enterprise
TKT-11602,Issue report: Corporate credit card charged twice for annual enterprise plan total 4800 dollars reverse charge immediately Let us know if you need any additional diagnostic logs or screenshots.,Billing & Payments,High,Web Portal,SMB
TKT-11603,Urgent assistance requested: Primary REST API endpoint returning 503 Service Unavailable outage affecting all EU users [Client ID: #CLI-116] Could you please verify this on your backend system?,Technical Issues,High,Web Portal,Enterprise
TKT-11604,Support request: Where can I find sample Postman collections for testing v3 webhook endpoints [Environment: Production-978] Could you please verify this on your backend system?,Technical Issues,Low,Email,Free Tier
TKT-11605,Issue report: How many concurrent API requests are permitted on the standard developer tier plan [Environment: Production-574] Please escalate if necessary.,Product Inquiries,Medium,Web Portal,SMB
TKT-11606,"Dear Customer Care, Does your platform have a public status page to monitor system uptime history [Workspace: WS-741] Let us know if you need any additional diagnostic logs or screenshots.",Product Inquiries,Low,Email,Enterprise
TKT-11607,Issue report: Can you share recommended best practices for structuring multi-team workspaces [Node: k8s-worker-172],Product Inquiries,Low,In-App Chat,Enterprise
TKT-11608,Issue report: SSL TLS certificate expired on production load balancer customers seeing security warning Appreciate your prompt attention to this matter.,Technical Issues,High,Email,Enterprise
TKT-11609,Attention Support: Spelling typo noticed in confirmation tooltip under advanced security settings Could you please verify this on your backend system?,Technical Issues,Low,Web Portal,Free Tier
TKT-11610,Regarding our account: Which international currencies and payment cards does your platform support [Workspace: WS-853],Billing & Payments,Low,Email,Free Tier
TKT-11611,"Hi, Cancel subscription immediately and issue full refund of 2200 dollars as promised by sales rep within 24 hours",Cancellation & Refunds,High,Web Portal,Enterprise
TKT-11612,"Hi there, How do I update my profile avatar picture and display name on the portal Let us know if you need any additional diagnostic logs or screenshots.",Account Access,Low,Web Portal,SMB
TKT-11613,"Hello support team, Browser tab favicon disappears when navigating between analytics workspaces Appreciate your prompt attention to this matter.",Technical Issues,Low,In-App Chat,Enterprise
TKT-11614,"Hi, Payment gateway timeout during checkout funds deducted from bank but subscription marked unpaid [Workspace: WS-344] We need resolution before our end-of-day sprint deadline.",Billing & Payments,High,Email,SMB
TKT-11615,"Hi there, Third party Zapier integration trigger not firing on new lead creation",Technical Issues,Medium,Web Portal,SMB
TKT-11616,Two factor authentication SMS codes not arriving and recovery emergency codes failing We need resolution before our end-of-day sprint deadline.,Account Access,High,Email,SMB
TKT-11617,Urgent assistance requested: Fraudulent transactions detected on company card linked to this organization account Appreciate your prompt attention to this matter.,Billing & Payments,High,Email,Free Tier
TKT-11618,Support request: Third party Zapier integration trigger not firing on new lead creation [Client ID: #CLI-481] Let us know if you need any additional diagnostic logs or screenshots.,Technical Issues,Medium,Web Portal,SMB
TKT-11619,Help needed: Monthly invoice receipt not being sent to our accounts payable finance email address Please escalate if necessary.,Billing & Payments,Medium,Email,Enterprise
TKT-11620,"Good morning, Documentation link in developer portal version 2.4 points to outdated 404 page [Environment: Production-283] Awaiting your guidance on how to resolve this.",Technical Issues,Low,Web Portal,SMB
TKT-11621,"Hi there, Customer requesting partial refund for 10 unused seat licenses from previous quarter [Client ID: #CLI-813] Please look into this and advise on next steps as soon as possible.",Cancellation & Refunds,Medium,Web Portal,SMB
TKT-11622,Help needed: How many days before the renewal date do we need to submit a formal cancellation request Our team has tried restarting but the issue persists.,Cancellation & Refunds,Low,Email,Enterprise
TKT-11623,Support request: Google Workspace OAuth login throws redirect uri mismatch error on new domain [Node: k8s-worker-654] This is directly impacting our daily business operations.,Account Access,Medium,Web Portal,Enterprise
TKT-11624,Help needed: Feature request: support custom hex color codes in dashboard theme settings Appreciate your prompt attention to this matter.,Technical Issues,Low,Web Portal,SMB
TKT-11625,"Hey team, Where can I download past PDF invoices from the billing management console [Server Instance: US-East-954] We need resolution before our end-of-day sprint deadline.",Billing & Payments,Low,Email,Enterprise
TKT-11626,Support request: Third party Zapier integration trigger not firing on new lead creation Appreciate your prompt attention to this matter.,Technical Issues,Medium,In-App Chat,SMB
TKT-11627,Support request: Need to revoke workspace access for former employee and reassign ownership of dashboards,Account Access,Medium,Web Portal,Free Tier
TKT-11628,"Greetings, Primary administrator deleted by mistake restore account privileges and access immediately",Account Access,High,Web Portal,SMB
TKT-11629,Help needed: Please confirm that auto-renewal is disabled for our upcoming annual contract renewal [Server Instance: US-East-908] Awaiting your guidance on how to resolve this.,Cancellation & Refunds,Medium,In-App Chat,SMB
TKT-11630,"Dear Customer Care, Security incident: multiple unauthorized API requests detected bypassing rate limiter [Workspace: WS-395] Could you please verify this on your backend system?",Technical Issues,High,Web Portal,SMB
TKT-11631,"Dear Customer Care, Dashboard analytics graphs taking over 25 seconds to render on web portal [Server Instance: US-East-733] Appreciate your prompt attention to this matter.",Technical Issues,Medium,Email,SMB
TKT-11632,Issue report: WebSocket connection randomly disconnects every 15 minutes on Firefox browser [Server Instance: US-East-959] Thanks for your assistance.,Technical Issues,Medium,Web Portal,SMB
TKT-11633,"Dear Customer Care, Urgent pre-sales technical requirement: does your SDK support Python 3.12 in high throughput production [Workspace: WS-688] We need resolution before our end-of-day sprint deadline.",Product Inquiries,High,Email,SMB
TKT-11634,Help needed: Cannot update primary email address in profile settings page throws permission denied error Could you please verify this on your backend system?,Account Access,Medium,Web Portal,Enterprise
TKT-11635,"Hi, Cannot update primary email address in profile settings page throws permission denied error This is directly impacting our daily business operations.",Account Access,Medium,Email,SMB
TKT-11636,"Dear Customer Care, Customer requesting partial refund for 10 unused seat licenses from previous quarter Appreciate your prompt attention to this matter.",Cancellation & Refunds,Medium,Web Portal,SMB
TKT-11637,"Hi, Where can I find video walkthrough tutorials for onboarding new engineering staff [Client ID: #CLI-514] Could you please verify this on your backend system?",Product Inquiries,Low,Web Portal,Free Tier
TKT-11638,Regarding our account: GraphQL mutation returns intermittent schema validation error on batch updates Our team has tried restarting but the issue persists.,Technical Issues,Medium,In-App Chat,Free Tier
TKT-11639,"Dear Customer Care, Where is the setting to enable mandatory two factor authentication for all team members This is directly impacting our daily business operations.",Account Access,Low,Web Portal,Free Tier
TKT-11640,Regarding our account: Mobile application crashes when toggling push notifications in user settings Please escalate if necessary.,Technical Issues,Medium,Web Portal,SMB
TKT-11641,Issue report: API response payload missing custom header metadata in staging environment [Client ID: #CLI-849] Awaiting your guidance on how to resolve this.,Technical Issues,Medium,Email,SMB
TKT-11642,"Hello support team, Inquiry regarding non-profit and educational discount pricing eligibility Our team has tried restarting but the issue persists.",Billing & Payments,Low,In-App Chat,SMB
TKT-11643,"Hey team, Will our annual subscription automatically renew at the end of this billing cycle This is directly impacting our daily business operations.",Billing & Payments,Low,Web Portal,Enterprise
TKT-11644,Help needed: Which international currencies and payment cards does your platform support [Client ID: #CLI-722] Appreciate your prompt attention to this matter.,Billing & Payments,Low,Web Portal,Enterprise
TKT-11645,"Greetings, How to configure local development environment using Docker Compose file [Workspace: WS-300] Thanks for your assistance.",Technical Issues,Low,Email,Enterprise
TKT-11646,"Hi there, Password reset email link never arrives in user inbox or spam junk folder Thanks for your assistance.",Account Access,Medium,Email,Enterprise
TKT-11647,Support request: Is there native integration support for Snowflake data warehouse and dbt models Please look into this and advise on next steps as soon as possible.,Product Inquiries,Medium,Email,Enterprise
TKT-11648,"Good morning, Currency conversion charge unexpectedly added to our USD billing statement [Account Ref: ACCT-623] Awaiting your guidance on how to resolve this.",Billing & Payments,Medium,Email,Enterprise
TKT-11649,Support request: Need immediate confirmation if enterprise tier complies with HIPAA SOC2 and GDPR requirements for contract signing Appreciate your prompt attention to this matter.,Product Inquiries,High,Email,Free Tier
TKT-11650,How to generate new personal API access tokens from profile settings tab Let us know if you need any additional diagnostic logs or screenshots.,Account Access,Low,Email,SMB
TKT-11651,"Hello support team, Can we configure custom HTTP authorization headers on outgoing webhook payloads [Workspace: WS-556] Could you please verify this on your backend system?",Product Inquiries,Medium,Email,SMB
TKT-11652,"Good morning, Promotional discount code PROMO2024 was not applied during renewal checkout process Awaiting your guidance on how to resolve this.",Billing & Payments,Medium,Web Portal,Free Tier
TKT-11653,Regarding our account: How do we export all our workspace data and audit logs before terminating our company account [Node: k8s-worker-534] Awaiting your guidance on how to resolve this.,Cancellation & Refunds,Medium,Email,Free Tier
TKT-11654,"Dear Customer Care, SSL TLS certificate expired on production load balancer customers seeing security warning Please escalate if necessary.",Technical Issues,High,Email,Free Tier
TKT-11655,"Good morning, Does the platform support automated CSV export via scheduled SFTP server connector Could you please verify this on your backend system?",Product Inquiries,Medium,Web Portal,SMB
TKT-11656,Urgent assistance requested: Third party Zapier integration trigger not firing on new lead creation Please look into this and advise on next steps as soon as possible.,Technical Issues,Medium,Email,Enterprise
TKT-11657,Regarding our account: How many concurrent API requests are permitted on the standard developer tier plan [Environment: Production-754] Let us know if you need any additional diagnostic logs or screenshots.,Product Inquiries,Medium,Email,Enterprise
TKT-11658,Attention Support: Critical: tax invoice missing mandatory VAT GST identification number audit deadline today Our team has tried restarting but the issue persists.,Billing & Payments,High,In-App Chat,Free Tier
TKT-11659,"Good morning, Account erroneously suspended for non-payment despite valid wire transfer confirmation number Our team has tried restarting but the issue persists.",Billing & Payments,High,In-App Chat,SMB
TKT-11660,"Hi, Mobile application crashes when toggling push notifications in user settings [Workspace: WS-954] Awaiting your guidance on how to resolve this.",Technical Issues,Medium,In-App Chat,Enterprise
TKT-11661,"Hey team, Browser tab favicon disappears when navigating between analytics workspaces Awaiting your guidance on how to resolve this.",Technical Issues,Low,Web Portal,Enterprise
TKT-11662,"Good morning, How to change email notification preferences for weekly activity digests This is directly impacting our daily business operations.",Account Access,Low,Web Portal,Free Tier
TKT-11663,"Hey team, Suspected account breach: unauthorized password reset email and unknown IP login detected Could you please verify this on your backend system?",Account Access,High,In-App Chat,SMB
TKT-11664,"Hi there, Requesting payment receipt for the previous quarterly subscription cycle",Billing & Payments,Medium,Web Portal,Enterprise
TKT-11665,Attention Support: Mobile application crashes when toggling push notifications in user settings Our team has tried restarting but the issue persists.,Technical Issues,Medium,Email,SMB
TKT-11666,Support request: We wish to switch from annual prepayment to monthly billing cycle at the end of term [Workspace: WS-604] We need resolution before our end-of-day sprint deadline.,Cancellation & Refunds,Medium,Web Portal,Enterprise
TKT-11667,"Greetings, CSV data export times out when file contains more than 10000 rows Appreciate your prompt attention to this matter.",Technical Issues,Medium,Email,Free Tier
TKT-11668,Attention Support: Legal notice: disputed recurring charge with bank process immediate cancellation and refund Could you please verify this on your backend system?,Cancellation & Refunds,High,In-App Chat,SMB
TKT-11669,Issue report: Where can I find sample Postman collections for testing v3 webhook endpoints Please look into this and advise on next steps as soon as possible.,Technical Issues,Low,Email,Enterprise
TKT-11670,Need to update company billing address and official legal entity name on future receipts [Client ID: #CLI-249] Could you please verify this on your backend system?,Billing & Payments,Medium,Email,SMB
TKT-11671,Help needed: Subscription auto-renewed without mandatory 30-day notice demanding immediate full refund and cancellation Our team has tried restarting but the issue persists.,Cancellation & Refunds,High,Web Portal,SMB
TKT-11672,"Hey team, Need to update company billing address and official legal entity name on future receipts Appreciate your prompt attention to this matter.",Billing & Payments,Medium,Email,Free Tier
TKT-11673,"Hello support team, If we cancel our subscription do we retain read-only access to historical dashboard data [Node: k8s-worker-178] Could you please verify this on your backend system?",Cancellation & Refunds,Low,In-App Chat,SMB
TKT-11674,"Good morning, How many concurrent API requests are permitted on the standard developer tier plan [Client ID: #CLI-713]",Product Inquiries,Medium,Web Portal,SMB
TKT-11675,"Hi, Requesting detailed itemized breakdown for usage-based API bandwidth overages last month Appreciate your prompt attention to this matter.",Billing & Payments,Medium,In-App Chat,SMB
TKT-11676,"Hi there, Data synchronization pipeline halted midway corrupted Kafka consumer offset Thanks for your assistance.",Technical Issues,High,Web Portal,SMB
TKT-11677,"Hello support team, Requesting formal price quote for adding 8 additional team seats next quarter Our team has tried restarting but the issue persists.",Billing & Payments,Low,Email,SMB
TKT-11678,Regarding our account: Need a formal proforma invoice before finance department can release wire payment Awaiting your guidance on how to resolve this.,Billing & Payments,Medium,Email,Enterprise
TKT-11679,"Hi there, Feature request: support custom hex color codes in dashboard theme settings [Server Instance: US-East-951] We need resolution before our end-of-day sprint deadline.",Technical Issues,Low,Web Portal,Enterprise
TKT-11680,Regarding our account: How to configure local development environment using Docker Compose file Thanks for your assistance.,Technical Issues,Low,In-App Chat,SMB
TKT-11681,Attention Support: Promotional discount code PROMO2024 was not applied during renewal checkout process Awaiting your guidance on how to resolve this.,Billing & Payments,Medium,In-App Chat,Free Tier
TKT-11682,Urgent assistance requested: Automated cron job failed to execute database backup backup disk volume full Could you please verify this on your backend system?,Technical Issues,High,Email,SMB
TKT-11683,Service uptime breached SLA contract below 95 percent demanding contract cancellation and full penalty refund Awaiting your guidance on how to resolve this.,Cancellation & Refunds,High,Email,Free Tier
TKT-11684,"Hi, Legal notice: disputed recurring charge with bank process immediate cancellation and refund [Workspace: WS-129] Appreciate your prompt attention to this matter.",Cancellation & Refunds,High,Web Portal,SMB
TKT-11685,"Good morning, Documentation link in developer portal version 2.4 points to outdated 404 page Our team has tried restarting but the issue persists.",Technical Issues,Low,In-App Chat,Enterprise
TKT-11686,Issue report: Primary REST API endpoint returning 503 Service Unavailable outage affecting all EU users [Server Instance: US-East-233] We need resolution before our end-of-day sprint deadline.,Technical Issues,High,In-App Chat,Enterprise
TKT-11687,Attention Support: Promotional discount code PROMO2024 was not applied during renewal checkout process [Environment: Production-875] Please look into this and advise on next steps as soon as possible.,Billing & Payments,Medium,Email,Enterprise
TKT-11688,"Hello support team, Requesting dark mode theme support for the desktop application client [Node: k8s-worker-625] We need resolution before our end-of-day sprint deadline.",Technical Issues,Low,In-App Chat,SMB
TKT-11689,"Hello support team, API response payload missing custom header metadata in staging environment [Workspace: WS-144] Awaiting your guidance on how to resolve this.",Technical Issues,Medium,Email,Enterprise
TKT-11690,"Hey team, We are downsizing our team and wish to downgrade from Enterprise to Starter plan next month [Client ID: #CLI-901]",Cancellation & Refunds,Medium,Web Portal,Free Tier
TKT-11691,"Greetings, Cancel subscription immediately and issue full refund of 2200 dollars as promised by sales rep within 24 hours We need resolution before our end-of-day sprint deadline.",Cancellation & Refunds,High,Email,SMB
TKT-11692,"Dear Customer Care, Fraudulent transactions detected on company card linked to this organization account",Billing & Payments,High,Email,Free Tier
TKT-11693,"Dear Customer Care, Payment gateway timeout during checkout funds deducted from bank but subscription marked unpaid Could you please verify this on your backend system?",Billing & Payments,High,Email,SMB
TKT-11694,"Good morning, Webhook delivery engine completely stalled queue depth exceeding 500000 events Thanks for your assistance.",Technical Issues,High,Email,Enterprise
TKT-11695,Need immediate confirmation if enterprise tier complies with HIPAA SOC2 and GDPR requirements for contract signing Please escalate if necessary.,Product Inquiries,High,Web Portal,SMB
TKT-11696,"Good morning, Where is the account cancellation button located inside the workspace settings panel We need resolution before our end-of-day sprint deadline.",Cancellation & Refunds,Low,Web Portal,SMB
TKT-11697,Regarding our account: WebSocket connection randomly disconnects every 15 minutes on Firefox browser [Node: k8s-worker-201] Thanks for your assistance.,Technical Issues,Medium,Web Portal,Free Tier
TKT-11698,Help needed: Requesting formal price quote for adding 8 additional team seats next quarter,Billing & Payments,Low,Email,Enterprise
TKT-11699,Requesting detailed itemized breakdown for usage-based API bandwidth overages last month Appreciate your prompt attention to this matter.,Billing & Payments,Medium,Web Portal,Enterprise
TKT-11700,"Good morning, PDF report generation outputting blank pages for charts with dark mode themes [Client ID: #CLI-879] Thanks for your assistance.",Technical Issues,Medium,Web Portal,Enterprise
TKT-11701,"Hi there, Is there an official public RSS feed for platform uptime and release changelogs [Server Instance: US-East-607] Awaiting your guidance on how to resolve this.",Technical Issues,Low,In-App Chat,SMB
TKT-11702,Issue report: How to update billing email recipient list for monthly summary digests Could you please verify this on your backend system?,Billing & Payments,Low,Web Portal,Enterprise
TKT-11703,"Hi there, Corporate credit card charged twice for annual enterprise plan total 4800 dollars reverse charge immediately Appreciate your prompt attention to this matter.",Billing & Payments,High,Web Portal,Free Tier
TKT-11704,"Hey team, Invited team member receives invalid invitation token error when clicking registration link Awaiting your guidance on how to resolve this.",Account Access,Medium,In-App Chat,Enterprise
TKT-11705,Support request: Mobile application crashes when toggling push notifications in user settings [Environment: Production-397] Awaiting your guidance on how to resolve this.,Technical Issues,Medium,Email,Enterprise
TKT-11706,"Good morning, Currency conversion charge unexpectedly added to our USD billing statement Please look into this and advise on next steps as soon as possible.",Billing & Payments,Medium,Email,SMB
TKT-11707,Support request: Bank merchant account blocked our checkout payments requesting emergency gateway switch [Node: k8s-worker-603] Appreciate your prompt attention to this matter.,Billing & Payments,High,Web Portal,Enterprise
TKT-11708,"Hi there, We wish to switch from annual prepayment to monthly billing cycle at the end of term Let us know if you need any additional diagnostic logs or screenshots.",Cancellation & Refunds,Medium,Web Portal,SMB
TKT-11709,"Hi there, Promotional discount code PROMO2024 was not applied during renewal checkout process Our team has tried restarting but the issue persists.",Billing & Payments,Medium,Email,Free Tier
TKT-11710,"Greetings, Okta single sign-on redirect loop preventing executive team from accessing platform Please look into this and advise on next steps as soon as possible.",Account Access,High,Email,SMB
TKT-11711,"Hi there, Primary REST API endpoint returning 503 Service Unavailable outage affecting all EU users Appreciate your prompt attention to this matter.",Technical Issues,High,In-App Chat,Enterprise
TKT-11712,"Good morning, Can we configure custom HTTP authorization headers on outgoing webhook payloads Please escalate if necessary.",Product Inquiries,Medium,Web Portal,Enterprise
TKT-11713,"Hi there, What native database connectors are supported for the real-time analytics pipeline We need resolution before our end-of-day sprint deadline.",Product Inquiries,Medium,Email,SMB
TKT-11714,Help needed: How to generate new personal API access tokens from profile settings tab Could you please verify this on your backend system?,Account Access,Low,Email,SMB
TKT-11715,"Greetings, Please confirm that auto-renewal is disabled for our upcoming annual contract renewal Could you please verify this on your backend system?",Cancellation & Refunds,Medium,Web Portal,Enterprise
TKT-11716,Support request: Can we set up custom role-based access permissions for external contractor accounts Let us know if you need any additional diagnostic logs or screenshots.,Product Inquiries,Medium,Email,SMB
TKT-11717,Attention Support: API response payload missing custom header metadata in staging environment Awaiting your guidance on how to resolve this.,Technical Issues,Medium,Web Portal,SMB
TKT-11718,Regarding our account: Cannot update primary email address in profile settings page throws permission denied error [Workspace: WS-601] Awaiting your guidance on how to resolve this.,Account Access,Medium,Email,Free Tier
TKT-11719,"Good morning, What is the maximum hard API rate limit per second before enterprise contract deployment tonight",Product Inquiries,High,Web Portal,SMB
TKT-11720,"Hi there, What is your standard cancellation notice policy if we decide to pause next quarter This is directly impacting our daily business operations.",Cancellation & Refunds,Low,Email,SMB
TKT-11721,Support request: Requesting payment receipt for the previous quarterly subscription cycle This is directly impacting our daily business operations.,Billing & Payments,Medium,Web Portal,Enterprise
TKT-11722,"Greetings, How do we export all our workspace data and audit logs before terminating our company account [Workspace: WS-736]",Cancellation & Refunds,Medium,Web Portal,Enterprise
TKT-11723,"Hi there, Please confirm that auto-renewal is disabled for our upcoming annual contract renewal Please look into this and advise on next steps as soon as possible.",Cancellation & Refunds,Medium,Email,Free Tier
TKT-11724,Regarding our account: Requesting payment receipt for the previous quarterly subscription cycle [Node: k8s-worker-609] Awaiting your guidance on how to resolve this.,Billing & Payments,Medium,Web Portal,Enterprise
TKT-11725,Regarding our account: Need to update company billing address and official legal entity name on future receipts This is directly impacting our daily business operations.,Billing & Payments,Medium,Email,Enterprise
TKT-11726,Attention Support: Critical PostgreSQL database connection pool exhausted all client requests failing with 500 [Environment: Production-553] Awaiting your guidance on how to resolve this.,Technical Issues,High,Web Portal,Free Tier
TKT-11727,"Hello support team, Automated cron job failed to execute database backup backup disk volume full [Node: k8s-worker-981] This is directly impacting our daily business operations.",Technical Issues,High,Email,Free Tier
TKT-11728,Issue report: Security incident: multiple unauthorized API requests detected bypassing rate limiter Our team has tried restarting but the issue persists.,Technical Issues,High,Web Portal,SMB
TKT-11729,"Hey team, Can one user account belong to multiple independent organizational workspaces Let us know if you need any additional diagnostic logs or screenshots.",Account Access,Low,In-App Chat,SMB
TKT-11730,"Greetings, Password reset email link never arrives in user inbox or spam junk folder",Account Access,Medium,Web Portal,Free Tier
TKT-11731,Help needed: Bank merchant account blocked our checkout payments requesting emergency gateway switch Thanks for your assistance.,Billing & Payments,High,Email,Enterprise
TKT-11732,"Hello support team, Google Workspace OAuth login throws redirect uri mismatch error on new domain [Account Ref: ACCT-486] Let us know if you need any additional diagnostic logs or screenshots.",Account Access,Medium,Web Portal,Free Tier
TKT-11733,Support request: API response payload missing custom header metadata in staging environment Appreciate your prompt attention to this matter.,Technical Issues,Medium,Email,SMB
TKT-11734,Urgent assistance requested: Can we configure custom HTTP authorization headers on outgoing webhook payloads [Client ID: #CLI-231] This is directly impacting our daily business operations.,Product Inquiries,Medium,Email,Enterprise
TKT-11735,Urgent assistance requested: Customer requesting partial refund for 10 unused seat licenses from previous quarter [Node: k8s-worker-449] Please escalate if necessary.,Cancellation & Refunds,Medium,Email,Enterprise
TKT-11736,"Hi there, PDF report generation outputting blank pages for charts with dark mode themes [Workspace: WS-521] Let us know if you need any additional diagnostic logs or screenshots.",Technical Issues,Medium,In-App Chat,SMB
TKT-11737,"Hello support team, Customer requesting partial refund for 10 unused seat licenses from previous quarter [Server Instance: US-East-763]",Cancellation & Refunds,Medium,Web Portal,Enterprise
TKT-11738,"Greetings, Can we configure custom HTTP authorization headers on outgoing webhook payloads Please look into this and advise on next steps as soon as possible.",Product Inquiries,Medium,In-App Chat,Free Tier
TKT-11739,We are downsizing our team and wish to downgrade from Enterprise to Starter plan next month [Server Instance: US-East-120] Could you please verify this on your backend system?,Cancellation & Refunds,Medium,Email,SMB
TKT-11740,Urgent assistance requested: Third party Zapier integration trigger not firing on new lead creation This is directly impacting our daily business operations.,Technical Issues,Medium,Web Portal,SMB
TKT-11741,"Greetings, SSL TLS certificate expired on production load balancer customers seeing security warning Thanks for your assistance.",Technical Issues,High,Web Portal,SMB
TKT-11742,"Hello support team, Enterprise SAML SSO integration broken all company employees unable to sign in Awaiting your guidance on how to resolve this.",Account Access,High,Email,Enterprise
TKT-11743,Attention Support: Need to revoke workspace access for former employee and reassign ownership of dashboards Please escalate if necessary.,Account Access,Medium,Email,SMB
TKT-11744,Regarding our account: Will our annual subscription automatically renew at the end of this billing cycle [Node: k8s-worker-310] Awaiting your guidance on how to resolve this.,Billing & Payments,Low,Web Portal,SMB
TKT-11745,Help needed: Enterprise SAML SSO integration broken all company employees unable to sign in Thanks for your assistance.,Account Access,High,Email,SMB
TKT-11746,"Dear Customer Care, Stripe subscription failed automatic renewal due to 3D Secure verification loop [Environment: Production-306] Please escalate if necessary.",Billing & Payments,High,Web Portal,Free Tier
TKT-11747,Support request: Primary administrator deleted by mistake restore account privileges and access immediately Please look into this and advise on next steps as soon as possible.,Account Access,High,Web Portal,SMB
TKT-11748,"Good morning, Does your enterprise SLA guarantee 99.99 percent uptime with financial penalty clauses [Workspace: WS-687] Could you please verify this on your backend system?",Product Inquiries,High,Web Portal,Free Tier
TKT-11749,Regarding our account: SSL TLS certificate expired on production load balancer customers seeing security warning We need resolution before our end-of-day sprint deadline.,Technical Issues,High,In-App Chat,SMB
TKT-11750,Issue report: Critical PostgreSQL database connection pool exhausted all client requests failing with 500 [Workspace: WS-379] Please escalate if necessary.,Technical Issues,High,Web Portal,Enterprise
TKT-11751,"Greetings, We are downsizing our team and wish to downgrade from Enterprise to Starter plan next month Thanks for your assistance.",Cancellation & Refunds,Medium,Email,Free Tier
TKT-11752,Urgent assistance requested: Fraudulent transactions detected on company card linked to this organization account Please look into this and advise on next steps as soon as possible.,Billing & Payments,High,Email,Free Tier
TKT-11753,"Hi, Data residency question: can our customer database be hosted exclusively in Frankfurt EU region Could you please verify this on your backend system?",Product Inquiries,High,Email,SMB
TKT-11754,Urgent assistance requested: Legal notice: disputed recurring charge with bank process immediate cancellation and refund We need resolution before our end-of-day sprint deadline.,Cancellation & Refunds,High,Email,Free Tier
TKT-11755,"Greetings, Monthly invoice receipt not being sent to our accounts payable finance email address Thanks for your assistance.",Billing & Payments,Medium,Web Portal,Enterprise
TKT-11756,"Hello support team, Requesting formal price quote for adding 8 additional team seats next quarter",Billing & Payments,Low,Web Portal,SMB
TKT-11757,"Greetings, Suspected account breach: unauthorized password reset email and unknown IP login detected [Node: k8s-worker-578] Awaiting your guidance on how to resolve this.",Account Access,High,Web Portal,SMB
TKT-11758,Support request: Can we configure custom HTTP authorization headers on outgoing webhook payloads Thanks for your assistance.,Product Inquiries,Medium,Email,Enterprise
TKT-11759,"Greetings, Onboarding failed completely platform unusable cancel contract and refund all fees immediately [Server Instance: US-East-473]",Cancellation & Refunds,High,Email,Enterprise
TKT-11760,"Dear Customer Care, Can we pause our account for two months during our seasonal business hiatus [Node: k8s-worker-883] We need resolution before our end-of-day sprint deadline.",Cancellation & Refunds,Low,Email,Enterprise
TKT-11761,Monthly invoice receipt not being sent to our accounts payable finance email address Let us know if you need any additional diagnostic logs or screenshots.,Billing & Payments,Medium,Email,Enterprise
TKT-11762,Support request: What is your standard cancellation notice policy if we decide to pause next quarter We need resolution before our end-of-day sprint deadline.,Cancellation & Refunds,Low,Web Portal,Free Tier
TKT-11763,Monthly invoice receipt not being sent to our accounts payable finance email address Could you please verify this on your backend system?,Billing & Payments,Medium,Web Portal,SMB
TKT-11764,Support request: Can we configure custom HTTP authorization headers on outgoing webhook payloads [Server Instance: US-East-216] Please escalate if necessary.,Product Inquiries,Medium,Email,SMB
TKT-11765,"Good morning, Suspected account breach: unauthorized password reset email and unknown IP login detected [Workspace: WS-575] This is directly impacting our daily business operations.",Account Access,High,In-App Chat,SMB
TKT-11766,"Hi, GraphQL mutation returns intermittent schema validation error on batch updates Let us know if you need any additional diagnostic logs or screenshots.",Technical Issues,Medium,Web Portal,Free Tier
TKT-11767,"Good morning, Where can I download past PDF invoices from the billing management console [Client ID: #CLI-364] Our team has tried restarting but the issue persists.",Billing & Payments,Low,Web Portal,SMB
TKT-11768,Support request: If we cancel our subscription do we retain read-only access to historical dashboard data [Client ID: #CLI-839] Thanks for your assistance.,Cancellation & Refunds,Low,Web Portal,SMB
TKT-11769,Regarding our account: GraphQL mutation returns intermittent schema validation error on batch updates [Client ID: #CLI-421] This is directly impacting our daily business operations.,Technical Issues,Medium,Email,SMB
TKT-11770,"Hey team, Browser tab favicon disappears when navigating between analytics workspaces Please look into this and advise on next steps as soon as possible.",Technical Issues,Low,Email,SMB
TKT-11771,Attention Support: Password reset email link never arrives in user inbox or spam junk folder [Account Ref: ACCT-852] Our team has tried restarting but the issue persists.,Account Access,Medium,Email,Enterprise
TKT-11772,"Hi there, How many concurrent API requests are permitted on the standard developer tier plan Thanks for your assistance.",Product Inquiries,Medium,Web Portal,SMB
TKT-11773,Regarding our account: Where is the account cancellation button located inside the workspace settings panel [Client ID: #CLI-343] Thanks for your assistance.,Cancellation & Refunds,Low,Web Portal,Enterprise
TKT-11774,Regarding our account: Payment gateway timeout during checkout funds deducted from bank but subscription marked unpaid [Account Ref: ACCT-854] Appreciate your prompt attention to this matter.,Billing & Payments,High,In-App Chat,Enterprise
TKT-11775,Regarding our account: PDF report generation outputting blank pages for charts with dark mode themes We need resolution before our end-of-day sprint deadline.,Technical Issues,Medium,Web Portal,SMB
TKT-11776,"Dear Customer Care, Fraudulent transactions detected on company card linked to this organization account [Workspace: WS-550] Please look into this and advise on next steps as soon as possible.",Billing & Payments,High,Web Portal,SMB
TKT-11777,"Hey team, PDF report generation outputting blank pages for charts with dark mode themes [Account Ref: ACCT-483] Please escalate if necessary.",Technical Issues,Medium,Email,SMB
TKT-11778,"Hi there, What happens to our stored data and uploaded files after account closure Appreciate your prompt attention to this matter.",Cancellation & Refunds,Low,In-App Chat,Enterprise
TKT-11779,Support request: GraphQL mutation returns intermittent schema validation error on batch updates We need resolution before our end-of-day sprint deadline.,Technical Issues,Medium,In-App Chat,Free Tier
TKT-11780,Urgent assistance requested: Urgent pre-sales technical requirement: does your SDK support Python 3.12 in high throughput production Awaiting your guidance on how to resolve this.,Product Inquiries,High,In-App Chat,SMB
TKT-11781,"Hello support team, Mobile application crashes when toggling push notifications in user settings",Technical Issues,Medium,Web Portal,SMB
TKT-11782,Need to update company billing address and official legal entity name on future receipts,Billing & Payments,Medium,Email,Free Tier
TKT-11783,Issue report: Password reset email link never arrives in user inbox or spam junk folder [Account Ref: ACCT-493],Account Access,Medium,Email,Free Tier
TKT-11784,Support request: Mobile application crashes when toggling push notifications in user settings Appreciate your prompt attention to this matter.,Technical Issues,Medium,Web Portal,Enterprise
TKT-11785,"Hi there, How to generate new personal API access tokens from profile settings tab Thanks for your assistance.",Account Access,Low,Web Portal,Free Tier
TKT-11786,Help needed: Does your platform have a public status page to monitor system uptime history [Environment: Production-361] Let us know if you need any additional diagnostic logs or screenshots.,Product Inquiries,Low,Web Portal,Free Tier
TKT-11787,"Hi there, Monthly invoice receipt not being sent to our accounts payable finance email address [Server Instance: US-East-549] We need resolution before our end-of-day sprint deadline.",Billing & Payments,Medium,Web Portal,Enterprise
TKT-11788,Urgent assistance requested: Is there native integration support for Snowflake data warehouse and dbt models,Product Inquiries,Medium,Web Portal,Enterprise
TKT-11789,"Hey team, Organization admin locked out completely root credentials MFA authenticator lost urgent access required Please look into this and advise on next steps as soon as possible.",Account Access,High,Email,Enterprise
TKT-11790,Help needed: GraphQL mutation returns intermittent schema validation error on batch updates Let us know if you need any additional diagnostic logs or screenshots.,Technical Issues,Medium,Web Portal,SMB
TKT-11791,Issue report: How to update billing email recipient list for monthly summary digests Let us know if you need any additional diagnostic logs or screenshots.,Billing & Payments,Low,Email,Enterprise
TKT-11792,Will our annual subscription automatically renew at the end of this billing cycle Our team has tried restarting but the issue persists.,Billing & Payments,Low,Web Portal,Enterprise
TKT-11793,"Hi there, How many concurrent API requests are permitted on the standard developer tier plan Appreciate your prompt attention to this matter.",Product Inquiries,Medium,Email,Enterprise
TKT-11794,Issue report: Third party Zapier integration trigger not firing on new lead creation Appreciate your prompt attention to this matter.,Technical Issues,Medium,Web Portal,SMB
TKT-11795,Regarding our account: Password reset email link never arrives in user inbox or spam junk folder This is directly impacting our daily business operations.,Account Access,Medium,In-App Chat,Free Tier
TKT-11796,Support request: Urgent pre-sales technical requirement: does your SDK support Python 3.12 in high throughput production Awaiting your guidance on how to resolve this.,Product Inquiries,High,Web Portal,SMB
TKT-11797,"Hello support team, Feature request: support custom hex color codes in dashboard theme settings [Workspace: WS-421] Let us know if you need any additional diagnostic logs or screenshots.",Technical Issues,Low,Web Portal,SMB
TKT-11798,"Hi there, Promotional discount code PROMO2024 was not applied during renewal checkout process [Node: k8s-worker-886] Our team has tried restarting but the issue persists.",Billing & Payments,Medium,Web Portal,SMB
TKT-11799,Feature request: support custom hex color codes in dashboard theme settings Please escalate if necessary.,Technical Issues,Low,Web Portal,Free Tier
TKT-11800,Urgent assistance requested: Can we set up custom role-based access permissions for external contractor accounts Awaiting your guidance on how to resolve this.,Product Inquiries,Medium,Email,Enterprise
TKT-11801,"Dear Customer Care, We wish to switch from annual prepayment to monthly billing cycle at the end of term [Account Ref: ACCT-946] Could you please verify this on your backend system?",Cancellation & Refunds,Medium,Web Portal,SMB
TKT-11802,Regarding our account: Is there an official public RSS feed for platform uptime and release changelogs [Environment: Production-476] Could you please verify this on your backend system?,Technical Issues,Low,Web Portal,SMB
TKT-11803,Attention Support: Requesting formal price quote for adding 8 additional team seats next quarter Let us know if you need any additional diagnostic logs or screenshots.,Billing & Payments,Low,Web Portal,SMB
TKT-11804,"Hello support team, Which international currencies and payment cards does your platform support This is directly impacting our daily business operations.",Billing & Payments,Low,Web Portal,Enterprise
TKT-11805,Support request: Browser tab favicon disappears when navigating between analytics workspaces We need resolution before our end-of-day sprint deadline.,Technical Issues,Low,Web Portal,SMB
TKT-11806,"Good morning, Where can I find sample Postman collections for testing v3 webhook endpoints Could you please verify this on your backend system?",Technical Issues,Low,In-App Chat,SMB
TKT-11807,"Hello support team, Account erroneously suspended for non-payment despite valid wire transfer confirmation number Let us know if you need any additional diagnostic logs or screenshots.",Billing & Payments,High,Web Portal,Enterprise
TKT-11808,"Hey team, Google Workspace OAuth login throws redirect uri mismatch error on new domain [Workspace: WS-274] Our team has tried restarting but the issue persists.",Account Access,Medium,In-App Chat,SMB
TKT-11809,"Hi there, Google Workspace OAuth login throws redirect uri mismatch error on new domain This is directly impacting our daily business operations.",Account Access,Medium,Email,Enterprise
TKT-11810,Regarding our account: Currency conversion charge unexpectedly added to our USD billing statement Awaiting your guidance on how to resolve this.,Billing & Payments,Medium,Email,Free Tier
TKT-11811,"Hi there, Bank merchant account blocked our checkout payments requesting emergency gateway switch We need resolution before our end-of-day sprint deadline.",Billing & Payments,High,Web Portal,SMB
TKT-11812,How to configure local development environment using Docker Compose file [Environment: Production-491] Could you please verify this on your backend system?,Technical Issues,Low,In-App Chat,Free Tier
TKT-11813,Attention Support: Feature request: support custom hex color codes in dashboard theme settings We need resolution before our end-of-day sprint deadline.,Technical Issues,Low,Email,SMB
TKT-11814,"Hey team, Is it possible to customize the login screen with our corporate company logo [Server Instance: US-East-518]",Account Access,Low,Web Portal,SMB
TKT-11815,"Greetings, How to configure local development environment using Docker Compose file Awaiting your guidance on how to resolve this.",Technical Issues,Low,Email,SMB
TKT-11816,"Greetings, Search query indexing delayed by 40 minutes in elasticsearch cluster",Technical Issues,Medium,Web Portal,Enterprise
TKT-11817,"Hello support team, Password reset email link never arrives in user inbox or spam junk folder [Workspace: WS-809] Awaiting your guidance on how to resolve this.",Account Access,Medium,Email,Enterprise
TKT-11818,Support request: Unauthorized upgrade charge applied to billing statement without admin approval We need resolution before our end-of-day sprint deadline.,Billing & Payments,High,In-App Chat,SMB
TKT-11819,Attention Support: Session timeout is too aggressive disconnecting users after only 5 minutes of inactivity [Client ID: #CLI-670] Please escalate if necessary.,Account Access,Medium,Web Portal,Free Tier
TKT-11820,"Hello support team, Need to update company billing address and official legal entity name on future receipts Appreciate your prompt attention to this matter.",Billing & Payments,Medium,Email,Enterprise
TKT-11821,Urgent assistance requested: What native database connectors are supported for the real-time analytics pipeline Please escalate if necessary.,Product Inquiries,Medium,Web Portal,Enterprise
TKT-11822,Issue report: Browser tab favicon disappears when navigating between analytics workspaces [Account Ref: ACCT-734] This is directly impacting our daily business operations.,Technical Issues,Low,Email,Enterprise
TKT-11823,"Hey team, PDF report generation outputting blank pages for charts with dark mode themes Let us know if you need any additional diagnostic logs or screenshots.",Technical Issues,Medium,Email,SMB
TKT-11824,"Hi, Account erroneously suspended for non-payment despite valid wire transfer confirmation number This is directly impacting our daily business operations.",Billing & Payments,High,Email,Free Tier
TKT-11825,"Dear Customer Care, Mobile application crashes when toggling push notifications in user settings Thanks for your assistance.",Technical Issues,Medium,Web Portal,SMB
TKT-11826,Help needed: Is there an official public RSS feed for platform uptime and release changelogs [Node: k8s-worker-643] Our team has tried restarting but the issue persists.,Technical Issues,Low,Web Portal,SMB
TKT-11827,"Dear Customer Care, Unauthorized upgrade charge applied to billing statement without admin approval [Client ID: #CLI-230] Could you please verify this on your backend system?",Billing & Payments,High,Web Portal,SMB
TKT-11828,GraphQL mutation returns intermittent schema validation error on batch updates Could you please verify this on your backend system?,Technical Issues,Medium,Web Portal,SMB
TKT-11829,"Hi, Mobile application crashes when toggling push notifications in user settings Appreciate your prompt attention to this matter.",Technical Issues,Medium,Email,SMB
TKT-11830,Urgent assistance requested: Requesting detailed itemized breakdown for usage-based API bandwidth overages last month Awaiting your guidance on how to resolve this.,Billing & Payments,Medium,Web Portal,Enterprise
TKT-11831,"Hi, Feature request: support custom hex color codes in dashboard theme settings",Technical Issues,Low,Web Portal,Enterprise
TKT-11832,"Hello support team, Automated cron job failed to execute database backup backup disk volume full [Server Instance: US-East-287] We need resolution before our end-of-day sprint deadline.",Technical Issues,High,Email,Enterprise
TKT-11833,Help needed: Dashboard analytics graphs taking over 25 seconds to render on web portal [Environment: Production-546] Could you please verify this on your backend system?,Technical Issues,Medium,Web Portal,SMB
TKT-11834,Help needed: Password reset email link never arrives in user inbox or spam junk folder This is directly impacting our daily business operations.,Account Access,Medium,Email,Enterprise
TKT-11835,"Hi, Session timeout is too aggressive disconnecting users after only 5 minutes of inactivity Awaiting your guidance on how to resolve this.",Account Access,Medium,Web Portal,SMB
TKT-11836,Is there a free trial period available for testing the advanced analytics add-on module [Client ID: #CLI-308] Our team has tried restarting but the issue persists.,Product Inquiries,Low,Email,SMB
TKT-11837,"Dear Customer Care, Mobile application crashes when toggling push notifications in user settings Our team has tried restarting but the issue persists.",Technical Issues,Medium,Web Portal,SMB
TKT-11838,"Hi, Need to update company billing address and official legal entity name on future receipts [Client ID: #CLI-352] Please escalate if necessary.",Billing & Payments,Medium,Email,SMB
TKT-11839,Help needed: User cannot switch between multiple linked organization accounts from dropdown menu [Workspace: WS-126],Account Access,Medium,Email,Enterprise
TKT-11840,Support request: Can we configure custom HTTP authorization headers on outgoing webhook payloads [Workspace: WS-704],Product Inquiries,Medium,Web Portal,SMB
TKT-11841,Organization admin locked out completely root credentials MFA authenticator lost urgent access required [Client ID: #CLI-571] Appreciate your prompt attention to this matter.,Account Access,High,In-App Chat,SMB
TKT-11842,Help needed: Bank merchant account blocked our checkout payments requesting emergency gateway switch,Billing & Payments,High,Web Portal,SMB
TKT-11843,Urgent assistance requested: Need to update company billing address and official legal entity name on future receipts This is directly impacting our daily business operations.,Billing & Payments,Medium,Web Portal,Free Tier
TKT-11844,Urgent assistance requested: How to change email notification preferences for weekly activity digests [Client ID: #CLI-920] Please escalate if necessary.,Account Access,Low,Web Portal,SMB
TKT-11845,Urgent assistance requested: Monthly invoice receipt not being sent to our accounts payable finance email address This is directly impacting our daily business operations.,Billing & Payments,Medium,In-App Chat,Enterprise
TKT-11846,"Greetings, Can we customize the default font size in the rich text markdown editor [Workspace: WS-282] Let us know if you need any additional diagnostic logs or screenshots.",Technical Issues,Low,Web Portal,SMB
TKT-11847,Regarding our account: Can one user account belong to multiple independent organizational workspaces [Server Instance: US-East-266] Let us know if you need any additional diagnostic logs or screenshots.,Account Access,Low,Web Portal,Enterprise
TKT-11848,Regarding our account: How to change email notification preferences for weekly activity digests [Node: k8s-worker-257] Let us know if you need any additional diagnostic logs or screenshots.,Account Access,Low,Web Portal,SMB
TKT-11849,"Hey team, How do I update my profile avatar picture and display name on the portal Awaiting your guidance on how to resolve this.",Account Access,Low,Email,Free Tier
TKT-11850,Support request: Security incident: multiple unauthorized API requests detected bypassing rate limiter [Node: k8s-worker-198] Please escalate if necessary.,Technical Issues,High,Email,Free Tier
TKT-11851,"Hi, Stripe subscription failed automatic renewal due to 3D Secure verification loop We need resolution before our end-of-day sprint deadline.",Billing & Payments,High,Email,Enterprise
TKT-11852,Help needed: Currency conversion charge unexpectedly added to our USD billing statement Could you please verify this on your backend system?,Billing & Payments,Medium,Email,SMB
TKT-11853,"Hi there, Currency conversion charge unexpectedly added to our USD billing statement Let us know if you need any additional diagnostic logs or screenshots.",Billing & Payments,Medium,Email,SMB
TKT-11854,"Dear Customer Care, Google Workspace OAuth login throws redirect uri mismatch error on new domain Let us know if you need any additional diagnostic logs or screenshots.",Account Access,Medium,Web Portal,Enterprise
TKT-11855,"Hello support team, CSV data export times out when file contains more than 10000 rows [Environment: Production-792] Thanks for your assistance.",Technical Issues,Medium,Email,SMB
TKT-11856,Support request: Does the platform support automated CSV export via scheduled SFTP server connector,Product Inquiries,Medium,Web Portal,SMB
TKT-11857,"Hey team, Automated cron job failed to execute database backup backup disk volume full Our team has tried restarting but the issue persists.",Technical Issues,High,Email,Enterprise
TKT-11858,"Hey team, Are there community webinars or office hours available for new platform users We need resolution before our end-of-day sprint deadline.",Product Inquiries,Low,In-App Chat,SMB
TKT-11859,"Greetings, Need to revoke workspace access for former employee and reassign ownership of dashboards This is directly impacting our daily business operations.",Account Access,Medium,Email,SMB
TKT-11860,"Hi, Dashboard analytics graphs taking over 25 seconds to render on web portal Please look into this and advise on next steps as soon as possible.",Technical Issues,Medium,Email,Free Tier
TKT-11861,"Hi there, What native database connectors are supported for the real-time analytics pipeline Awaiting your guidance on how to resolve this.",Product Inquiries,Medium,Web Portal,SMB
TKT-11862,Urgent assistance requested: Can our enterprise pay via annual purchase order and bank check instead of credit card Could you please verify this on your backend system?,Billing & Payments,Low,In-App Chat,Enterprise
TKT-11863,"Hello support team, Does your enterprise SLA guarantee 99.99 percent uptime with financial penalty clauses Please look into this and advise on next steps as soon as possible.",Product Inquiries,High,Web Portal,SMB
TKT-11864,"Dear Customer Care, Where can I find sample Postman collections for testing v3 webhook endpoints Our team has tried restarting but the issue persists.",Technical Issues,Low,Web Portal,Enterprise
TKT-11865,Urgent assistance requested: If we cancel our subscription do we retain read-only access to historical dashboard data Please escalate if necessary.,Cancellation & Refunds,Low,Email,SMB
TKT-11866,"Greetings, Automated cron job failed to execute database backup backup disk volume full [Server Instance: US-East-316] Could you please verify this on your backend system?",Technical Issues,High,Email,SMB
TKT-11867,"Hi there, Requesting formal price quote for adding 8 additional team seats next quarter [Node: k8s-worker-208] Please escalate if necessary.",Billing & Payments,Low,Email,Enterprise
TKT-11868,"Hi, Requesting dark mode theme support for the desktop application client [Client ID: #CLI-113] This is directly impacting our daily business operations.",Technical Issues,Low,Email,Free Tier
TKT-11869,Support request: Feature request: support custom hex color codes in dashboard theme settings Awaiting your guidance on how to resolve this.,Technical Issues,Low,Web Portal,Enterprise
TKT-11870,How do we export all our workspace data and audit logs before terminating our company account,Cancellation & Refunds,Medium,Email,Enterprise
TKT-11871,Issue report: Requesting step by step instructions for configuring Microsoft Authenticator app [Account Ref: ACCT-469] Awaiting your guidance on how to resolve this.,Account Access,Low,Web Portal,SMB
TKT-11872,Regarding our account: PDF report generation outputting blank pages for charts with dark mode themes [Server Instance: US-East-114] Could you please verify this on your backend system?,Technical Issues,Medium,Web Portal,Enterprise
TKT-11873,"Hi there, Fraudulent transactions detected on company card linked to this organization account This is directly impacting our daily business operations.",Billing & Payments,High,In-App Chat,SMB
TKT-11874,Integration with Jira webhook failing with 401 unauthorized after token rotation [Node: k8s-worker-248] This is directly impacting our daily business operations.,Technical Issues,Medium,Web Portal,SMB
TKT-11875,"Good morning, We wish to switch from annual prepayment to monthly billing cycle at the end of term Let us know if you need any additional diagnostic logs or screenshots.",Cancellation & Refunds,Medium,In-App Chat,SMB
TKT-11876,"Good morning, Third party Zapier integration trigger not firing on new lead creation [Environment: Production-251] Please look into this and advise on next steps as soon as possible.",Technical Issues,Medium,Email,SMB
TKT-11877,Attention Support: How do we export all our workspace data and audit logs before terminating our company account [Server Instance: US-East-856] This is directly impacting our daily business operations.,Cancellation & Refunds,Medium,In-App Chat,SMB
TKT-11878,Help needed: Requesting payment receipt for the previous quarterly subscription cycle [Environment: Production-699] Awaiting your guidance on how to resolve this.,Billing & Payments,Medium,Web Portal,Free Tier
TKT-11879,"Good morning, Suspected account breach: unauthorized password reset email and unknown IP login detected Could you please verify this on your backend system?",Account Access,High,Web Portal,SMB
TKT-11880,"Hello support team, SSL TLS certificate expired on production load balancer customers seeing security warning [Node: k8s-worker-967] Appreciate your prompt attention to this matter.",Technical Issues,High,Web Portal,SMB
TKT-11881,Attention Support: Currency conversion charge unexpectedly added to our USD billing statement Awaiting your guidance on how to resolve this.,Billing & Payments,Medium,Web Portal,SMB
TKT-11882,"Hello support team, Critical: tax invoice missing mandatory VAT GST identification number audit deadline today Awaiting your guidance on how to resolve this.",Billing & Payments,High,Web Portal,SMB
TKT-11883,"Greetings, Critical zero-day vulnerability patch required immediately on customer ingress controller Please escalate if necessary.",Technical Issues,High,Web Portal,Free Tier
TKT-11884,Does your platform have a public status page to monitor system uptime history [Client ID: #CLI-640] Awaiting your guidance on how to resolve this.,Product Inquiries,Low,Email,SMB
TKT-11885,Attention Support: Need to update company billing address and official legal entity name on future receipts [Client ID: #CLI-374] Please escalate if necessary.,Billing & Payments,Medium,Web Portal,SMB
TKT-11886,Attention Support: Is there native integration support for Snowflake data warehouse and dbt models [Account Ref: ACCT-761] Awaiting your guidance on how to resolve this.,Product Inquiries,Medium,Web Portal,Enterprise
TKT-11887,Help needed: Need to revoke workspace access for former employee and reassign ownership of dashboards [Workspace: WS-843] Let us know if you need any additional diagnostic logs or screenshots.,Account Access,Medium,In-App Chat,SMB
TKT-11888,Help needed: Does the platform support automated CSV export via scheduled SFTP server connector Appreciate your prompt attention to this matter.,Product Inquiries,Medium,In-App Chat,SMB
TKT-11889,"Greetings, How to change default payment method from corporate Amex to ACH direct debit [Account Ref: ACCT-973]",Billing & Payments,Medium,Email,Free Tier
TKT-11890,"Dear Customer Care, Automated cron job failed to execute database backup backup disk volume full Could you please verify this on your backend system?",Technical Issues,High,In-App Chat,SMB
TKT-11891,Attention Support: Invited team member receives invalid invitation token error when clicking registration link,Account Access,Medium,Web Portal,SMB
TKT-11892,Regarding our account: Can we configure custom HTTP authorization headers on outgoing webhook payloads Awaiting your guidance on how to resolve this.,Product Inquiries,Medium,Web Portal,Free Tier
TKT-11893,"Greetings, Feature request: support custom hex color codes in dashboard theme settings [Node: k8s-worker-188] We need resolution before our end-of-day sprint deadline.",Technical Issues,Low,Web Portal,SMB
TKT-11894,Help needed: We wish to switch from annual prepayment to monthly billing cycle at the end of term [Server Instance: US-East-720] Our team has tried restarting but the issue persists.,Cancellation & Refunds,Medium,Web Portal,SMB
TKT-11895,"Hey team, Can we pause our account for two months during our seasonal business hiatus [Client ID: #CLI-118] We need resolution before our end-of-day sprint deadline.",Cancellation & Refunds,Low,Email,SMB
TKT-11896,"Hey team, Data synchronization pipeline halted midway corrupted Kafka consumer offset Appreciate your prompt attention to this matter.",Technical Issues,High,Email,SMB
TKT-11897,Can one user account belong to multiple independent organizational workspaces [Client ID: #CLI-445] Thanks for your assistance.,Account Access,Low,Web Portal,SMB
TKT-11898,"Hi there, PDF report generation outputting blank pages for charts with dark mode themes [Account Ref: ACCT-329] Please escalate if necessary.",Technical Issues,Medium,Web Portal,Free Tier
TKT-11899,"Hey team, Where can I find sample Postman collections for testing v3 webhook endpoints Appreciate your prompt attention to this matter.",Technical Issues,Low,Web Portal,Free Tier
TKT-11900,"Hello support team, Is it possible to customize the login screen with our corporate company logo [Server Instance: US-East-973] Thanks for your assistance.",Account Access,Low,Web Portal,SMB
TKT-11901,"Greetings, Legal notice: disputed recurring charge with bank process immediate cancellation and refund [Client ID: #CLI-548]",Cancellation & Refunds,High,Web Portal,SMB
TKT-11902,How do we export all our workspace data and audit logs before terminating our company account Please look into this and advise on next steps as soon as possible.,Cancellation & Refunds,Medium,Email,Enterprise
TKT-11903,"Greetings, Browser tab favicon disappears when navigating between analytics workspaces Please look into this and advise on next steps as soon as possible.",Technical Issues,Low,Web Portal,SMB
TKT-11904,"Hi, Cancel subscription immediately and issue full refund of 2200 dollars as promised by sales rep within 24 hours [Client ID: #CLI-991] Please look into this and advise on next steps as soon as possible.",Cancellation & Refunds,High,Email,Enterprise
TKT-11905,Urgent assistance requested: Suspected account breach: unauthorized password reset email and unknown IP login detected Our team has tried restarting but the issue persists.,Account Access,High,Email,SMB
TKT-11906,Regarding our account: Requesting payment receipt for the previous quarterly subscription cycle Thanks for your assistance.,Billing & Payments,Medium,Web Portal,SMB
TKT-11907,"Dear Customer Care, Promotional discount code PROMO2024 was not applied during renewal checkout process",Billing & Payments,Medium,Web Portal,SMB
TKT-11908,Regarding our account: Requesting dark mode theme support for the desktop application client [Environment: Production-449] This is directly impacting our daily business operations.,Technical Issues,Low,Web Portal,Free Tier
TKT-11909,"Hi, Subscription auto-renewed without mandatory 30-day notice demanding immediate full refund and cancellation [Workspace: WS-832] Our team has tried restarting but the issue persists.",Cancellation & Refunds,High,Email,Enterprise
TKT-11910,Urgent assistance requested: What is the billing cycle date for recurring monthly addon licenses,Billing & Payments,Low,Email,SMB
TKT-11911,Regarding our account: Requesting detailed itemized breakdown for usage-based API bandwidth overages last month Thanks for your assistance.,Billing & Payments,Medium,Web Portal,SMB
TKT-11912,"Dear Customer Care, Which international currencies and payment cards does your platform support Let us know if you need any additional diagnostic logs or screenshots.",Billing & Payments,Low,Web Portal,SMB
TKT-11913,Help needed: Unauthorized upgrade charge applied to billing statement without admin approval Thanks for your assistance.,Billing & Payments,High,Web Portal,Free Tier
TKT-11914,"Hello support team, Customer requesting partial refund for 10 unused seat licenses from previous quarter [Client ID: #CLI-834] Awaiting your guidance on how to resolve this.",Cancellation & Refunds,Medium,Web Portal,Enterprise
TKT-11915,"Hi there, Does your enterprise SLA guarantee 99.99 percent uptime with financial penalty clauses [Environment: Production-890] Please look into this and advise on next steps as soon as possible.",Product Inquiries,High,In-App Chat,SMB
TKT-11916,Attention Support: Requesting formal price quote for adding 8 additional team seats next quarter This is directly impacting our daily business operations.,Billing & Payments,Low,Web Portal,SMB
TKT-11917,Support request: Organization admin locked out completely root credentials MFA authenticator lost urgent access required [Account Ref: ACCT-159],Account Access,High,Web Portal,SMB
TKT-11918,"Hey team, Does your enterprise SLA guarantee 99.99 percent uptime with financial penalty clauses Let us know if you need any additional diagnostic logs or screenshots.",Product Inquiries,High,In-App Chat,Enterprise
TKT-11919,Third party Zapier integration trigger not firing on new lead creation Could you please verify this on your backend system?,Technical Issues,Medium,Web Portal,Enterprise
TKT-11920,Urgent assistance requested: Customer requesting partial refund for 10 unused seat licenses from previous quarter This is directly impacting our daily business operations.,Cancellation & Refunds,Medium,Web Portal,Enterprise
TKT-11921,"Greetings, Requesting step by step instructions for configuring Microsoft Authenticator app Our team has tried restarting but the issue persists.",Account Access,Low,Web Portal,Enterprise
TKT-11922,Support request: Automated cron job failed to execute database backup backup disk volume full We need resolution before our end-of-day sprint deadline.,Technical Issues,High,Web Portal,SMB
TKT-11923,Regarding our account: API response payload missing custom header metadata in staging environment Please escalate if necessary.,Technical Issues,Medium,Web Portal,Free Tier
TKT-11924,Urgent assistance requested: We wish to switch from annual prepayment to monthly billing cycle at the end of term,Cancellation & Refunds,Medium,Web Portal,SMB
TKT-11925,"Hey team, Which international currencies and payment cards does your platform support [Workspace: WS-499] Please look into this and advise on next steps as soon as possible.",Billing & Payments,Low,Web Portal,Free Tier
TKT-11926,Issue report: We wish to switch from annual prepayment to monthly billing cycle at the end of term Our team has tried restarting but the issue persists.,Cancellation & Refunds,Medium,Email,Enterprise
TKT-11927,"Hey team, Third party Zapier integration trigger not firing on new lead creation [Account Ref: ACCT-419] We need resolution before our end-of-day sprint deadline.",Technical Issues,Medium,Web Portal,Free Tier
TKT-11928,Urgent assistance requested: Third party Zapier integration trigger not firing on new lead creation [Client ID: #CLI-915],Technical Issues,Medium,Email,SMB
TKT-11929,"Good morning, Can our enterprise pay via annual purchase order and bank check instead of credit card Could you please verify this on your backend system?",Billing & Payments,Low,Email,SMB
TKT-11930,"Hi there, Third party Zapier integration trigger not firing on new lead creation This is directly impacting our daily business operations.",Technical Issues,Medium,Email,SMB
TKT-11931,Regarding our account: Production Kubernetes cluster pods crashing in CrashLoopBackOff with OOMKilled errors,Technical Issues,High,Web Portal,SMB
TKT-11932,"Hey team, What native database connectors are supported for the real-time analytics pipeline Please escalate if necessary.",Product Inquiries,Medium,Web Portal,SMB
TKT-11933,Urgent assistance requested: Bank merchant account blocked our checkout payments requesting emergency gateway switch We need resolution before our end-of-day sprint deadline.,Billing & Payments,High,Web Portal,Enterprise
TKT-11934,"Greetings, Webhook delivery engine completely stalled queue depth exceeding 500000 events",Technical Issues,High,Web Portal,SMB
TKT-11935,Urgent assistance requested: Which international currencies and payment cards does your platform support [Node: k8s-worker-686] Could you please verify this on your backend system?,Billing & Payments,Low,Web Portal,SMB
TKT-11936,Issue report: Account erroneously suspended for non-payment despite valid wire transfer confirmation number Let us know if you need any additional diagnostic logs or screenshots.,Billing & Payments,High,Email,Enterprise
TKT-11937,"Hi there, How many days before the renewal date do we need to submit a formal cancellation request Appreciate your prompt attention to this matter.",Cancellation & Refunds,Low,Email,SMB
TKT-11938,Cannot update primary email address in profile settings page throws permission denied error Appreciate your prompt attention to this matter.,Account Access,Medium,Email,Enterprise
TKT-11939,Issue report: WebSocket connection randomly disconnects every 15 minutes on Firefox browser Let us know if you need any additional diagnostic logs or screenshots.,Technical Issues,Medium,Email,Free Tier
TKT-11940,"Hi there, Documentation link in developer portal version 2.4 points to outdated 404 page This is directly impacting our daily business operations.",Technical Issues,Low,Web Portal,SMB
TKT-11941,Help needed: Requesting detailed itemized breakdown for usage-based API bandwidth overages last month We need resolution before our end-of-day sprint deadline.,Billing & Payments,Medium,Web Portal,SMB
TKT-11942,What is the billing cycle date for recurring monthly addon licenses Could you please verify this on your backend system?,Billing & Payments,Low,Email,SMB
TKT-11943,Help needed: Requesting dark mode theme support for the desktop application client Awaiting your guidance on how to resolve this.,Technical Issues,Low,Email,Enterprise
TKT-11944,Requesting dark mode theme support for the desktop application client [Server Instance: US-East-596] Our team has tried restarting but the issue persists.,Technical Issues,Low,Web Portal,Free Tier
TKT-11945,"Dear Customer Care, Where can I find sample Postman collections for testing v3 webhook endpoints Thanks for your assistance.",Technical Issues,Low,Web Portal,SMB
TKT-11946,Issue report: We are downsizing our team and wish to downgrade from Enterprise to Starter plan next month We need resolution before our end-of-day sprint deadline.,Cancellation & Refunds,Medium,Email,Enterprise
TKT-11947,"Hi there, Enterprise SAML SSO integration broken all company employees unable to sign in Please escalate if necessary.",Account Access,High,Web Portal,SMB
TKT-11948,"Hi there, How do I update my profile avatar picture and display name on the portal Appreciate your prompt attention to this matter.",Account Access,Low,Web Portal,Enterprise
TKT-11949,"Hi, We are downsizing our team and wish to downgrade from Enterprise to Starter plan next month [Workspace: WS-483] Our team has tried restarting but the issue persists.",Cancellation & Refunds,Medium,In-App Chat,Free Tier
TKT-11950,"Hey team, Data residency question: can our customer database be hosted exclusively in Frankfurt EU region [Server Instance: US-East-245] Awaiting your guidance on how to resolve this.",Product Inquiries,High,Email,SMB
TKT-11951,"Greetings, User cannot switch between multiple linked organization accounts from dropdown menu [Workspace: WS-390] Let us know if you need any additional diagnostic logs or screenshots.",Account Access,Medium,Web Portal,Enterprise
TKT-11952,"Dear Customer Care, How to change default payment method from corporate Amex to ACH direct debit [Account Ref: ACCT-457] Awaiting your guidance on how to resolve this.",Billing & Payments,Medium,Web Portal,SMB
TKT-11953,Promotional discount code PROMO2024 was not applied during renewal checkout process This is directly impacting our daily business operations.,Billing & Payments,Medium,In-App Chat,Enterprise
TKT-11954,"Greetings, Critical: tax invoice missing mandatory VAT GST identification number audit deadline today Awaiting your guidance on how to resolve this.",Billing & Payments,High,Email,SMB
TKT-11955,Help needed: How do we export all our workspace data and audit logs before terminating our company account [Server Instance: US-East-616] Please escalate if necessary.,Cancellation & Refunds,Medium,In-App Chat,Enterprise
TKT-11956,Help needed: Okta single sign-on redirect loop preventing executive team from accessing platform Awaiting your guidance on how to resolve this.,Account Access,High,In-App Chat,SMB
TKT-11957,Can one user account belong to multiple independent organizational workspaces [Account Ref: ACCT-780] Appreciate your prompt attention to this matter.,Account Access,Low,Web Portal,Enterprise
TKT-11958,Attention Support: How many concurrent API requests are permitted on the standard developer tier plan [Environment: Production-447] Let us know if you need any additional diagnostic logs or screenshots.,Product Inquiries,Medium,Web Portal,SMB
TKT-11959,"Hello support team, Two factor authentication SMS codes not arriving and recovery emergency codes failing",Account Access,High,Web Portal,Enterprise
TKT-11960,Support request: Can our enterprise pay via annual purchase order and bank check instead of credit card Please look into this and advise on next steps as soon as possible.,Billing & Payments,Low,In-App Chat,SMB
TKT-11961,"Greetings, Minor CSS alignment glitch on navigation bar when screen width is below 1200px",Technical Issues,Low,Email,Enterprise
TKT-11962,"Hey team, What happens to our stored data and uploaded files after account closure Thanks for your assistance.",Cancellation & Refunds,Low,Email,SMB
TKT-11963,"Hi there, Critical zero-day vulnerability patch required immediately on customer ingress controller We need resolution before our end-of-day sprint deadline.",Technical Issues,High,Email,Enterprise
TKT-11964,"Greetings, Where can I download past PDF invoices from the billing management console [Environment: Production-614] Thanks for your assistance.",Billing & Payments,Low,Email,SMB
TKT-11965,"Hi there, Is there a free trial period available for testing the advanced analytics add-on module",Product Inquiries,Low,Email,Enterprise
TKT-11966,"Hello support team, WebSocket connection randomly disconnects every 15 minutes on Firefox browser Could you please verify this on your backend system?",Technical Issues,Medium,Web Portal,Enterprise
TKT-11967,Integration with Jira webhook failing with 401 unauthorized after token rotation Please escalate if necessary.,Technical Issues,Medium,In-App Chat,Enterprise
TKT-11968,"Hi, Can we set up custom role-based access permissions for external contractor accounts [Account Ref: ACCT-146] Please escalate if necessary.",Product Inquiries,Medium,Web Portal,Free Tier
TKT-11969,Invited team member receives invalid invitation token error when clicking registration link [Server Instance: US-East-524] This is directly impacting our daily business operations.,Account Access,Medium,Email,Enterprise
TKT-11970,Organization admin locked out completely root credentials MFA authenticator lost urgent access required [Workspace: WS-193] Thanks for your assistance.,Account Access,High,Email,SMB
TKT-11971,"Hi there, Organization admin locked out completely root credentials MFA authenticator lost urgent access required [Server Instance: US-East-287] Thanks for your assistance.",Account Access,High,Email,SMB
TKT-11972,Regarding our account: Monthly invoice receipt not being sent to our accounts payable finance email address [Environment: Production-794] Please look into this and advise on next steps as soon as possible.,Billing & Payments,Medium,Web Portal,Free Tier
TKT-11973,"Hello support team, Requesting formal price quote for adding 8 additional team seats next quarter Please escalate if necessary.",Billing & Payments,Low,Email,SMB
TKT-11974,"Hello support team, WebSocket connection randomly disconnects every 15 minutes on Firefox browser [Client ID: #CLI-427] This is directly impacting our daily business operations.",Technical Issues,Medium,Email,Enterprise
TKT-11975,Attention Support: Can one user account belong to multiple independent organizational workspaces [Client ID: #CLI-153] Appreciate your prompt attention to this matter.,Account Access,Low,Web Portal,SMB
TKT-11976,"Good morning, Severe memory leak in backend microservice causing Redis node failovers Please escalate if necessary.",Technical Issues,High,Email,Enterprise
TKT-11977,"Hi, Where can I find sample Postman collections for testing v3 webhook endpoints Thanks for your assistance.",Technical Issues,Low,Web Portal,Free Tier
TKT-11978,"Hey team, We are downsizing our team and wish to downgrade from Enterprise to Starter plan next month [Account Ref: ACCT-516] This is directly impacting our daily business operations.",Cancellation & Refunds,Medium,Web Portal,SMB
TKT-11979,Help needed: Payment gateway timeout during checkout funds deducted from bank but subscription marked unpaid This is directly impacting our daily business operations.,Billing & Payments,High,Email,Enterprise
TKT-11980,"Hello support team, Urgent pre-sales technical requirement: does your SDK support Python 3.12 in high throughput production Could you please verify this on your backend system?",Product Inquiries,High,Web Portal,Enterprise
TKT-11981,Support request: Please confirm that auto-renewal is disabled for our upcoming annual contract renewal [Account Ref: ACCT-767] Please look into this and advise on next steps as soon as possible.,Cancellation & Refunds,Medium,Email,SMB
TKT-11982,"Hey team, Account erroneously suspended for non-payment despite valid wire transfer confirmation number Please escalate if necessary.",Billing & Payments,High,Web Portal,SMB
TKT-11983,Password reset email link never arrives in user inbox or spam junk folder,Account Access,Medium,In-App Chat,Enterprise
TKT-11984,Urgent assistance requested: Service uptime breached SLA contract below 95 percent demanding contract cancellation and full penalty refund Thanks for your assistance.,Cancellation & Refunds,High,Web Portal,SMB
TKT-11985,"Hello support team, Requesting payment receipt for the previous quarterly subscription cycle This is directly impacting our daily business operations.",Billing & Payments,Medium,Email,SMB
TKT-11986,"Greetings, Can we set up custom role-based access permissions for external contractor accounts Could you please verify this on your backend system?",Product Inquiries,Medium,Email,SMB
TKT-11987,"Hello support team, Requesting detailed itemized breakdown for usage-based API bandwidth overages last month This is directly impacting our daily business operations.",Billing & Payments,Medium,Web Portal,Enterprise
TKT-11988,"Hey team, Automated cron job failed to execute database backup backup disk volume full [Node: k8s-worker-489] Please escalate if necessary.",Technical Issues,High,Email,SMB
TKT-11989,If we cancel our subscription do we retain read-only access to historical dashboard data [Account Ref: ACCT-388],Cancellation & Refunds,Low,Web Portal,Free Tier
TKT-11990,"Dear Customer Care, What are the architectural differences between Business and Enterprise subscription plans Thanks for your assistance.",Product Inquiries,Medium,Email,Free Tier
TKT-11991,"Hi there, Where is the setting to enable mandatory two factor authentication for all team members Let us know if you need any additional diagnostic logs or screenshots.",Account Access,Low,Web Portal,Enterprise
TKT-11992,Issue report: Requesting detailed itemized breakdown for usage-based API bandwidth overages last month Thanks for your assistance.,Billing & Payments,Medium,Email,Free Tier
TKT-11993,"Good morning, Unauthorized upgrade charge applied to billing statement without admin approval Please escalate if necessary.",Billing & Payments,High,Email,SMB
TKT-11994,Support request: Search query indexing delayed by 40 minutes in elasticsearch cluster Appreciate your prompt attention to this matter.,Technical Issues,Medium,Email,SMB
TKT-11995,"Hey team, Requesting payment receipt for the previous quarterly subscription cycle We need resolution before our end-of-day sprint deadline.",Billing & Payments,Medium,In-App Chat,SMB
TKT-11996,Urgent assistance requested: Need a formal proforma invoice before finance department can release wire payment We need resolution before our end-of-day sprint deadline.,Billing & Payments,Medium,Email,Enterprise
TKT-11997,Urgent assistance requested: API response payload missing custom header metadata in staging environment This is directly impacting our daily business operations.,Technical Issues,Medium,Web Portal,SMB
TKT-11998,Support request: WebSocket connection randomly disconnects every 15 minutes on Firefox browser This is directly impacting our daily business operations.,Technical Issues,Medium,Web Portal,Enterprise
TKT-11999,"Hello support team, Minor CSS alignment glitch on navigation bar when screen width is below 1200px [Account Ref: ACCT-813]",Technical Issues,Low,In-App Chat,Enterprise
TKT-12000,Help needed: Is there native integration support for Snowflake data warehouse and dbt models Let us know if you need any additional diagnostic logs or screenshots.,Product Inquiries,Medium,In-App Chat,SMB
TKT-12001,Support request: Okta single sign-on redirect loop preventing executive team from accessing platform Please look into this and advise on next steps as soon as possible.,Account Access,High,Web Portal,Free Tier
TKT-12002,User cannot switch between multiple linked organization accounts from dropdown menu,Account Access,Medium,Web Portal,SMB
TKT-12003,Urgent assistance requested: Password reset email link never arrives in user inbox or spam junk folder Let us know if you need any additional diagnostic logs or screenshots.,Account Access,Medium,In-App Chat,Enterprise
TKT-12004,Attention Support: How to update billing email recipient list for monthly summary digests Our team has tried restarting but the issue persists.,Billing & Payments,Low,Web Portal,Enterprise
TKT-12005,Issue report: Is it possible to customize the login screen with our corporate company logo [Workspace: WS-297] This is directly impacting our daily business operations.,Account Access,Low,Web Portal,Free Tier
TKT-12006,"Hello support team, What is the maximum hard API rate limit per second before enterprise contract deployment tonight We need resolution before our end-of-day sprint deadline.",Product Inquiries,High,Email,SMB
TKT-12007,Support request: Can our enterprise pay via annual purchase order and bank check instead of credit card [Account Ref: ACCT-740] Appreciate your prompt attention to this matter.,Billing & Payments,Low,In-App Chat,Enterprise
TKT-12008,Regarding our account: Monthly invoice receipt not being sent to our accounts payable finance email address [Environment: Production-471] We need resolution before our end-of-day sprint deadline.,Billing & Payments,Medium,Web Portal,SMB
TKT-12009,"Hey team, Dashboard analytics graphs taking over 25 seconds to render on web portal Awaiting your guidance on how to resolve this.",Technical Issues,Medium,Web Portal,Enterprise
TKT-12010,"Greetings, Are there community webinars or office hours available for new platform users [Node: k8s-worker-505] We need resolution before our end-of-day sprint deadline.",Product Inquiries,Low,Web Portal,Enterprise
TKT-12011,Password reset email link never arrives in user inbox or spam junk folder Could you please verify this on your backend system?,Account Access,Medium,Web Portal,SMB
TKT-12012,"Dear Customer Care, Automated cron job failed to execute database backup backup disk volume full [Node: k8s-worker-679] Thanks for your assistance.",Technical Issues,High,Web Portal,Enterprise
TKT-12013,"Greetings, Browser tab favicon disappears when navigating between analytics workspaces [Server Instance: US-East-863] Our team has tried restarting but the issue persists.",Technical Issues,Low,Web Portal,Enterprise
TKT-12014,"Dear Customer Care, Documentation link in developer portal version 2.4 points to outdated 404 page Could you please verify this on your backend system?",Technical Issues,Low,Email,SMB
TKT-12015,"Good morning, Can we set up custom role-based access permissions for external contractor accounts Thanks for your assistance.",Product Inquiries,Medium,Web Portal,Enterprise
TKT-12016,"Good morning, Monthly invoice receipt not being sent to our accounts payable finance email address [Node: k8s-worker-794]",Billing & Payments,Medium,Email,Enterprise
TKT-12017,"Greetings, Two factor authentication SMS codes not arriving and recovery emergency codes failing Could you please verify this on your backend system?",Account Access,High,Web Portal,SMB
TKT-12018,"Hello support team, How do we export all our workspace data and audit logs before terminating our company account Let us know if you need any additional diagnostic logs or screenshots.",Cancellation & Refunds,Medium,Email,Enterprise
TKT-12019,Production Kubernetes cluster pods crashing in CrashLoopBackOff with OOMKilled errors Appreciate your prompt attention to this matter.,Technical Issues,High,Web Portal,Enterprise
TKT-12020,"Hey team, Requesting dark mode theme support for the desktop application client Please look into this and advise on next steps as soon as possible.",Technical Issues,Low,Web Portal,SMB
TKT-12021,Help needed: Requesting payment receipt for the previous quarterly subscription cycle Appreciate your prompt attention to this matter.,Billing & Payments,Medium,Email,SMB
TKT-12022,Issue report: Where can I download past PDF invoices from the billing management console [Environment: Production-645] We need resolution before our end-of-day sprint deadline.,Billing & Payments,Low,In-App Chat,Enterprise
TKT-12023,Urgent assistance requested: Where can I find sample Postman collections for testing v3 webhook endpoints This is directly impacting our daily business operations.,Technical Issues,Low,Web Portal,SMB
TKT-12024,"Hi there, Stripe subscription failed automatic renewal due to 3D Secure verification loop Please escalate if necessary.",Billing & Payments,High,Email,SMB
TKT-12025,Issue report: Integration with Jira webhook failing with 401 unauthorized after token rotation Let us know if you need any additional diagnostic logs or screenshots.,Technical Issues,Medium,Email,SMB
TKT-12026,"Good morning, Integration with Jira webhook failing with 401 unauthorized after token rotation [Client ID: #CLI-741] Our team has tried restarting but the issue persists.",Technical Issues,Medium,Email,SMB
TKT-12027,"Hi there, Okta single sign-on redirect loop preventing executive team from accessing platform This is directly impacting our daily business operations.",Account Access,High,Email,SMB
TKT-12028,"Greetings, Dashboard analytics graphs taking over 25 seconds to render on web portal",Technical Issues,Medium,Web Portal,SMB
TKT-12029,"Good morning, Mobile application crashes when toggling push notifications in user settings Please look into this and advise on next steps as soon as possible.",Technical Issues,Medium,In-App Chat,SMB
TKT-12030,If we cancel our subscription do we retain read-only access to historical dashboard data This is directly impacting our daily business operations.,Cancellation & Refunds,Low,Web Portal,SMB
TKT-12031,"Hi there, Which international currencies and payment cards does your platform support Please escalate if necessary.",Billing & Payments,Low,Web Portal,Free Tier
TKT-12032,"Hi there, Is it possible to customize the login screen with our corporate company logo",Account Access,Low,Web Portal,Enterprise
TKT-12033,"Hi there, Need immediate confirmation if enterprise tier complies with HIPAA SOC2 and GDPR requirements for contract signing This is directly impacting our daily business operations.",Product Inquiries,High,Email,Enterprise
TKT-12034,Urgent assistance requested: Invited team member receives invalid invitation token error when clicking registration link Please look into this and advise on next steps as soon as possible.,Account Access,Medium,Email,SMB
TKT-12035,Regarding our account: Corporate credit card charged twice for annual enterprise plan total 4800 dollars reverse charge immediately [Account Ref: ACCT-741] Awaiting your guidance on how to resolve this.,Billing & Payments,High,Web Portal,SMB
TKT-12036,"Hi there, How to change email notification preferences for weekly activity digests Please look into this and advise on next steps as soon as possible.",Account Access,Low,Email,SMB
TKT-12037,"Hey team, Corporate credit card charged twice for annual enterprise plan total 4800 dollars reverse charge immediately Let us know if you need any additional diagnostic logs or screenshots.",Billing & Payments,High,Web Portal,Free Tier
TKT-12038,Regarding our account: How many concurrent API requests are permitted on the standard developer tier plan [Account Ref: ACCT-906] Let us know if you need any additional diagnostic logs or screenshots.,Product Inquiries,Medium,Email,Free Tier
TKT-12039,Help needed: Corporate credit card charged twice for annual enterprise plan total 4800 dollars reverse charge immediately Let us know if you need any additional diagnostic logs or screenshots.,Billing & Payments,High,Web Portal,SMB
TKT-12040,"Greetings, How do we export all our workspace data and audit logs before terminating our company account [Node: k8s-worker-791] Please escalate if necessary.",Cancellation & Refunds,Medium,Web Portal,Enterprise
TKT-12041,"Hello support team, Does your platform have a public status page to monitor system uptime history Awaiting your guidance on how to resolve this.",Product Inquiries,Low,Email,SMB
TKT-12042,"Good morning, Browser tab favicon disappears when navigating between analytics workspaces [Account Ref: ACCT-830] Please look into this and advise on next steps as soon as possible.",Technical Issues,Low,Email,Enterprise
TKT-12043,Support request: Primary REST API endpoint returning 503 Service Unavailable outage affecting all EU users [Environment: Production-592] Thanks for your assistance.,Technical Issues,High,Web Portal,SMB
TKT-12044,"Dear Customer Care, Requesting payment receipt for the previous quarterly subscription cycle [Client ID: #CLI-161] We need resolution before our end-of-day sprint deadline.",Billing & Payments,Medium,Web Portal,Enterprise
TKT-12045,"Hey team, WebSocket connection randomly disconnects every 15 minutes on Firefox browser Please escalate if necessary.",Technical Issues,Medium,Web Portal,Enterprise
TKT-12046,Regarding our account: Are there community webinars or office hours available for new platform users [Account Ref: ACCT-894] Appreciate your prompt attention to this matter.,Product Inquiries,Low,In-App Chat,SMB
TKT-12047,"Dear Customer Care, WebSocket connection randomly disconnects every 15 minutes on Firefox browser [Workspace: WS-398] Awaiting your guidance on how to resolve this.",Technical Issues,Medium,Web Portal,SMB
TKT-12048,"Hello support team, Is there an official public RSS feed for platform uptime and release changelogs Thanks for your assistance.",Technical Issues,Low,Web Portal,Free Tier
TKT-12049,"Dear Customer Care, Is there native integration support for Snowflake data warehouse and dbt models [Account Ref: ACCT-979] This is directly impacting our daily business operations.",Product Inquiries,Medium,Email,SMB
TKT-12050,Attention Support: What are the architectural differences between Business and Enterprise subscription plans [Server Instance: US-East-755] Appreciate your prompt attention to this matter.,Product Inquiries,Medium,Email,SMB
TKT-12051,Regarding our account: Please cancel our monthly recurring addon package before the next billing cycle renews [Node: k8s-worker-587] Please look into this and advise on next steps as soon as possible.,Cancellation & Refunds,Medium,Web Portal,SMB
TKT-12052,Issue report: Is there native integration support for Snowflake data warehouse and dbt models Awaiting your guidance on how to resolve this.,Product Inquiries,Medium,Web Portal,SMB
TKT-12053,If we cancel our subscription do we retain read-only access to historical dashboard data Please escalate if necessary.,Cancellation & Refunds,Low,Email,Enterprise
TKT-12054,"Greetings, Need a formal proforma invoice before finance department can release wire payment Could you please verify this on your backend system?",Billing & Payments,Medium,Email,Enterprise
TKT-12055,"Hi there, Does the platform support automated CSV export via scheduled SFTP server connector Awaiting your guidance on how to resolve this.",Product Inquiries,Medium,Web Portal,SMB
TKT-12056,Help needed: Need to update company billing address and official legal entity name on future receipts We need resolution before our end-of-day sprint deadline.,Billing & Payments,Medium,Web Portal,Enterprise
TKT-12057,Issue report: Urgent pre-sales technical requirement: does your SDK support Python 3.12 in high throughput production We need resolution before our end-of-day sprint deadline.,Product Inquiries,High,Web Portal,SMB
TKT-12058,"Good morning, Which international currencies and payment cards does your platform support Awaiting your guidance on how to resolve this.",Billing & Payments,Low,Web Portal,SMB
TKT-12059,Regarding our account: Enterprise SAML SSO integration broken all company employees unable to sign in [Server Instance: US-East-945] Let us know if you need any additional diagnostic logs or screenshots.,Account Access,High,Web Portal,SMB
TKT-12060,Urgent assistance requested: Where can I download past PDF invoices from the billing management console [Client ID: #CLI-668] This is directly impacting our daily business operations.,Billing & Payments,Low,Email,SMB
TKT-12061,"Dear Customer Care, Critical PostgreSQL database connection pool exhausted all client requests failing with 500 Could you please verify this on your backend system?",Technical Issues,High,Email,SMB
TKT-12062,"Hello support team, Stripe subscription failed automatic renewal due to 3D Secure verification loop [Workspace: WS-278] This is directly impacting our daily business operations.",Billing & Payments,High,Email,Free Tier
TKT-12063,"Hey team, Integration with Jira webhook failing with 401 unauthorized after token rotation [Account Ref: ACCT-351] Our team has tried restarting but the issue persists.",Technical Issues,Medium,In-App Chat,SMB
TKT-12064,"Good morning, Suspected account breach: unauthorized password reset email and unknown IP login detected [Workspace: WS-203] This is directly impacting our daily business operations.",Account Access,High,Email,Enterprise
TKT-12065,What is your standard cancellation notice policy if we decide to pause next quarter [Node: k8s-worker-906],Cancellation & Refunds,Low,Email,SMB
TKT-12066,Urgent assistance requested: Password reset email link never arrives in user inbox or spam junk folder [Server Instance: US-East-478] We need resolution before our end-of-day sprint deadline.,Account Access,Medium,In-App Chat,Free Tier
TKT-12067,"Greetings, User cannot switch between multiple linked organization accounts from dropdown menu Let us know if you need any additional diagnostic logs or screenshots.",Account Access,Medium,Web Portal,Enterprise
TKT-12068,"Hi there, CSV data export times out when file contains more than 10000 rows Our team has tried restarting but the issue persists.",Technical Issues,Medium,Email,SMB
TKT-12069,Regarding our account: Requesting formal price quote for adding 8 additional team seats next quarter [Environment: Production-811] We need resolution before our end-of-day sprint deadline.,Billing & Payments,Low,Web Portal,SMB
TKT-12070,Urgent assistance requested: Data synchronization pipeline halted midway corrupted Kafka consumer offset Please escalate if necessary.,Technical Issues,High,Email,SMB
TKT-12071,"Hello support team, Urgent pre-sales technical requirement: does your SDK support Python 3.12 in high throughput production Please escalate if necessary.",Product Inquiries,High,Email,Enterprise
TKT-12072,"Hey team, Critical zero-day vulnerability patch required immediately on customer ingress controller [Client ID: #CLI-744] Our team has tried restarting but the issue persists.",Technical Issues,High,Web Portal,SMB
TKT-12073,Spelling typo noticed in confirmation tooltip under advanced security settings Our team has tried restarting but the issue persists.,Technical Issues,Low,Web Portal,Enterprise
TKT-12074,Help needed: API response payload missing custom header metadata in staging environment We need resolution before our end-of-day sprint deadline.,Technical Issues,Medium,Web Portal,Free Tier
TKT-12075,Regarding our account: How do we export all our workspace data and audit logs before terminating our company account,Cancellation & Refunds,Medium,Web Portal,Enterprise
TKT-12076,Urgent assistance requested: Critical zero-day vulnerability patch required immediately on customer ingress controller Awaiting your guidance on how to resolve this.,Technical Issues,High,Email,SMB
TKT-12077,Urgent assistance requested: WebSocket connection randomly disconnects every 15 minutes on Firefox browser Appreciate your prompt attention to this matter.,Technical Issues,Medium,Email,Free Tier
TKT-12078,Issue report: Where can I find sample Postman collections for testing v3 webhook endpoints Awaiting your guidance on how to resolve this.,Technical Issues,Low,Email,Enterprise
TKT-12079,Attention Support: Google Workspace OAuth login throws redirect uri mismatch error on new domain,Account Access,Medium,In-App Chat,Enterprise
TKT-12080,Support request: Google Workspace OAuth login throws redirect uri mismatch error on new domain [Server Instance: US-East-562] This is directly impacting our daily business operations.,Account Access,Medium,In-App Chat,SMB
TKT-12081,Attention Support: How many days before the renewal date do we need to submit a formal cancellation request [Environment: Production-685] We need resolution before our end-of-day sprint deadline.,Cancellation & Refunds,Low,Web Portal,Free Tier
TKT-12082,Please cancel our monthly recurring addon package before the next billing cycle renews [Client ID: #CLI-237] Appreciate your prompt attention to this matter.,Cancellation & Refunds,Medium,Web Portal,SMB
TKT-12083,"Hey team, Payment gateway timeout during checkout funds deducted from bank but subscription marked unpaid Awaiting your guidance on how to resolve this.",Billing & Payments,High,Web Portal,Enterprise
TKT-12084,"Greetings, Fraudulent transactions detected on company card linked to this organization account This is directly impacting our daily business operations.",Billing & Payments,High,In-App Chat,SMB
TKT-12085,Urgent assistance requested: API response payload missing custom header metadata in staging environment Let us know if you need any additional diagnostic logs or screenshots.,Technical Issues,Medium,Email,Free Tier
TKT-12086,"Hey team, If we cancel our subscription do we retain read-only access to historical dashboard data [Environment: Production-339] Let us know if you need any additional diagnostic logs or screenshots.",Cancellation & Refunds,Low,Email,SMB
TKT-12087,Support request: Mobile application crashes when toggling push notifications in user settings Please look into this and advise on next steps as soon as possible.,Technical Issues,Medium,Web Portal,Enterprise
TKT-12088,"Hey team, Need immediate confirmation if enterprise tier complies with HIPAA SOC2 and GDPR requirements for contract signing Thanks for your assistance.",Product Inquiries,High,Web Portal,Free Tier
TKT-12089,Regarding our account: Documentation link in developer portal version 2.4 points to outdated 404 page Could you please verify this on your backend system?,Technical Issues,Low,In-App Chat,SMB
TKT-12090,Urgent assistance requested: How to change default payment method from corporate Amex to ACH direct debit We need resolution before our end-of-day sprint deadline.,Billing & Payments,Medium,Web Portal,Free Tier
TKT-12091,"Hey team, Spelling typo noticed in confirmation tooltip under advanced security settings",Technical Issues,Low,Web Portal,SMB
TKT-12092,Issue report: Please cancel our monthly recurring addon package before the next billing cycle renews Please escalate if necessary.,Cancellation & Refunds,Medium,Web Portal,SMB
TKT-12093,Regarding our account: User cannot switch between multiple linked organization accounts from dropdown menu Thanks for your assistance.,Account Access,Medium,Web Portal,Enterprise
TKT-12094,Regarding our account: What is your standard cancellation notice policy if we decide to pause next quarter [Workspace: WS-901] Could you please verify this on your backend system?,Cancellation & Refunds,Low,Web Portal,Free Tier
TKT-12095,Attention Support: Currency conversion charge unexpectedly added to our USD billing statement Please escalate if necessary.,Billing & Payments,Medium,Web Portal,SMB
TKT-12096,Help needed: Organization admin locked out completely root credentials MFA authenticator lost urgent access required,Account Access,High,Web Portal,SMB
TKT-12097,"Dear Customer Care, User cannot switch between multiple linked organization accounts from dropdown menu [Node: k8s-worker-867] Let us know if you need any additional diagnostic logs or screenshots.",Account Access,Medium,In-App Chat,Enterprise
TKT-12098,Help needed: Can one user account belong to multiple independent organizational workspaces We need resolution before our end-of-day sprint deadline.,Account Access,Low,Email,SMB
TKT-12099,Regarding our account: Can we customize the default font size in the rich text markdown editor Awaiting your guidance on how to resolve this.,Technical Issues,Low,Web Portal,Free Tier
TKT-12100,Urgent assistance requested: Invited team member receives invalid invitation token error when clicking registration link [Server Instance: US-East-539] Please look into this and advise on next steps as soon as possible.,Account Access,Medium,Email,SMB
TKT-12101,"Hello support team, How many concurrent API requests are permitted on the standard developer tier plan [Server Instance: US-East-412] Appreciate your prompt attention to this matter.",Product Inquiries,Medium,Web Portal,Enterprise
TKT-12102,Help needed: Cancel subscription immediately and issue full refund of 2200 dollars as promised by sales rep within 24 hours,Cancellation & Refunds,High,Email,SMB
TKT-12103,"Good morning, Need a formal proforma invoice before finance department can release wire payment Let us know if you need any additional diagnostic logs or screenshots.",Billing & Payments,Medium,Web Portal,SMB
TKT-12104,Attention Support: Does your platform have a public status page to monitor system uptime history [Account Ref: ACCT-123] Thanks for your assistance.,Product Inquiries,Low,Web Portal,Free Tier
TKT-12105,Regarding our account: Requesting step by step instructions for configuring Microsoft Authenticator app This is directly impacting our daily business operations.,Account Access,Low,Web Portal,SMB
TKT-12106,Urgent assistance requested: How many days before the renewal date do we need to submit a formal cancellation request Please escalate if necessary.,Cancellation & Refunds,Low,Web Portal,Enterprise
TKT-12107,Attention Support: Currency conversion charge unexpectedly added to our USD billing statement We need resolution before our end-of-day sprint deadline.,Billing & Payments,Medium,Web Portal,Enterprise
TKT-12108,"Hi, Need immediate confirmation if enterprise tier complies with HIPAA SOC2 and GDPR requirements for contract signing [Client ID: #CLI-436] Let us know if you need any additional diagnostic logs or screenshots.",Product Inquiries,High,Email,Enterprise
TKT-12109,Support request: Bank merchant account blocked our checkout payments requesting emergency gateway switch [Client ID: #CLI-791] Could you please verify this on your backend system?,Billing & Payments,High,Web Portal,SMB
TKT-12110,"Dear Customer Care, Legal notice: disputed recurring charge with bank process immediate cancellation and refund This is directly impacting our daily business operations.",Cancellation & Refunds,High,Web Portal,SMB
TKT-12111,Help needed: Where can I access the OpenAPI Swagger documentation and Postman collections [Client ID: #CLI-495] This is directly impacting our daily business operations.,Product Inquiries,Low,Email,SMB
TKT-12112,"Good morning, Data residency question: can our customer database be hosted exclusively in Frankfurt EU region [Account Ref: ACCT-171] We need resolution before our end-of-day sprint deadline.",Product Inquiries,High,Web Portal,Free Tier
TKT-12113,"Hello support team, What native database connectors are supported for the real-time analytics pipeline Appreciate your prompt attention to this matter.",Product Inquiries,Medium,Email,SMB
TKT-12114,Urgent assistance requested: Cannot update primary email address in profile settings page throws permission denied error Let us know if you need any additional diagnostic logs or screenshots.,Account Access,Medium,Web Portal,SMB
TKT-12115,"Dear Customer Care, Need immediate confirmation if enterprise tier complies with HIPAA SOC2 and GDPR requirements for contract signing Thanks for your assistance.",Product Inquiries,High,Web Portal,SMB
TKT-12116,"Hi there, Session timeout is too aggressive disconnecting users after only 5 minutes of inactivity Let us know if you need any additional diagnostic logs or screenshots.",Account Access,Medium,Email,Free Tier
TKT-12117,"Dear Customer Care, Which international currencies and payment cards does your platform support [Node: k8s-worker-780] We need resolution before our end-of-day sprint deadline.",Billing & Payments,Low,In-App Chat,Enterprise
TKT-12118,"Dear Customer Care, Where can I find sample Postman collections for testing v3 webhook endpoints Please escalate if necessary.",Technical Issues,Low,In-App Chat,Enterprise
TKT-12119,"Hey team, Onboarding failed completely platform unusable cancel contract and refund all fees immediately [Server Instance: US-East-556] We need resolution before our end-of-day sprint deadline.",Cancellation & Refunds,High,Email,Free Tier
TKT-12120,"Hi, How to configure local development environment using Docker Compose file Appreciate your prompt attention to this matter.",Technical Issues,Low,Web Portal,SMB
TKT-12121,"Hey team, CSV data export times out when file contains more than 10000 rows",Technical Issues,Medium,Web Portal,Free Tier
TKT-12122,Urgent assistance requested: What native database connectors are supported for the real-time analytics pipeline Could you please verify this on your backend system?,Product Inquiries,Medium,Email,SMB
TKT-12123,Regarding our account: Can we set up custom role-based access permissions for external contractor accounts Our team has tried restarting but the issue persists.,Product Inquiries,Medium,Web Portal,Enterprise
TKT-12124,"Greetings, Cannot update primary email address in profile settings page throws permission denied error Let us know if you need any additional diagnostic logs or screenshots.",Account Access,Medium,Web Portal,Enterprise
TKT-12125,"Dear Customer Care, Okta single sign-on redirect loop preventing executive team from accessing platform [Node: k8s-worker-144] Please escalate if necessary.",Account Access,High,Web Portal,SMB
TKT-12126,Integration with Jira webhook failing with 401 unauthorized after token rotation [Node: k8s-worker-650] Our team has tried restarting but the issue persists.,Technical Issues,Medium,Web Portal,SMB
TKT-12127,Support request: Enterprise SAML SSO integration broken all company employees unable to sign in Please look into this and advise on next steps as soon as possible.,Account Access,High,Web Portal,Free Tier
TKT-12128,Help needed: How to change default payment method from corporate Amex to ACH direct debit Let us know if you need any additional diagnostic logs or screenshots.,Billing & Payments,Medium,Web Portal,SMB
TKT-12129,"Hi there, Google Workspace OAuth login throws redirect uri mismatch error on new domain [Client ID: #CLI-616] Appreciate your prompt attention to this matter.",Account Access,Medium,Email,Enterprise
TKT-12130,Attention Support: Is there an official public RSS feed for platform uptime and release changelogs [Server Instance: US-East-618] Awaiting your guidance on how to resolve this.,Technical Issues,Low,In-App Chat,Enterprise
TKT-12131,Help needed: Corporate credit card charged twice for annual enterprise plan total 4800 dollars reverse charge immediately [Node: k8s-worker-791] This is directly impacting our daily business operations.,Billing & Payments,High,Web Portal,SMB
TKT-12132,Attention Support: Where can I find sample Postman collections for testing v3 webhook endpoints Appreciate your prompt attention to this matter.,Technical Issues,Low,Email,Enterprise
TKT-12133,Attention Support: How to configure local development environment using Docker Compose file [Client ID: #CLI-826] This is directly impacting our daily business operations.,Technical Issues,Low,Web Portal,SMB
TKT-12134,Urgent assistance requested: Requesting detailed itemized breakdown for usage-based API bandwidth overages last month,Billing & Payments,Medium,Web Portal,Enterprise
TKT-12135,Help needed: Automated cron job failed to execute database backup backup disk volume full [Node: k8s-worker-348] Please look into this and advise on next steps as soon as possible.,Technical Issues,High,Web Portal,SMB
TKT-12136,"Dear Customer Care, Automated cron job failed to execute database backup backup disk volume full Awaiting your guidance on how to resolve this.",Technical Issues,High,Email,SMB
TKT-12137,"Dear Customer Care, Please cancel our monthly recurring addon package before the next billing cycle renews This is directly impacting our daily business operations.",Cancellation & Refunds,Medium,Web Portal,SMB
TKT-12138,"Hey team, How many days before the renewal date do we need to submit a formal cancellation request Please look into this and advise on next steps as soon as possible.",Cancellation & Refunds,Low,Web Portal,Enterprise
TKT-12139,"Dear Customer Care, PDF report generation outputting blank pages for charts with dark mode themes Please look into this and advise on next steps as soon as possible.",Technical Issues,Medium,Email,SMB
TKT-12140,Support request: Minor CSS alignment glitch on navigation bar when screen width is below 1200px [Workspace: WS-282] Could you please verify this on your backend system?,Technical Issues,Low,Email,Enterprise
TKT-12141,Issue report: Cannot update primary email address in profile settings page throws permission denied error This is directly impacting our daily business operations.,Account Access,Medium,In-App Chat,Free Tier
TKT-12142,Attention Support: Will our annual subscription automatically renew at the end of this billing cycle Could you please verify this on your backend system?,Billing & Payments,Low,Web Portal,SMB
TKT-12143,"Hi there, How to change default payment method from corporate Amex to ACH direct debit This is directly impacting our daily business operations.",Billing & Payments,Medium,Web Portal,SMB
TKT-12144,"Good morning, Will our annual subscription automatically renew at the end of this billing cycle Please look into this and advise on next steps as soon as possible.",Billing & Payments,Low,Web Portal,Enterprise
TKT-12145,Issue report: WebSocket connection randomly disconnects every 15 minutes on Firefox browser [Account Ref: ACCT-210] Our team has tried restarting but the issue persists.,Technical Issues,Medium,Email,SMB
TKT-12146,Urgent assistance requested: Stripe subscription failed automatic renewal due to 3D Secure verification loop Thanks for your assistance.,Billing & Payments,High,Email,SMB
TKT-12147,"Hi there, SSL TLS certificate expired on production load balancer customers seeing security warning [Workspace: WS-431] We need resolution before our end-of-day sprint deadline.",Technical Issues,High,Email,Enterprise
TKT-12148,"Hello support team, Primary REST API endpoint returning 503 Service Unavailable outage affecting all EU users Let us know if you need any additional diagnostic logs or screenshots.",Technical Issues,High,In-App Chat,Free Tier
TKT-12149,Attention Support: Dashboard analytics graphs taking over 25 seconds to render on web portal We need resolution before our end-of-day sprint deadline.,Technical Issues,Medium,Web Portal,SMB
TKT-12150,Support request: CSV data export times out when file contains more than 10000 rows Could you please verify this on your backend system?,Technical Issues,Medium,Email,Free Tier
TKT-12151,"Hello support team, Is there an official public RSS feed for platform uptime and release changelogs Please look into this and advise on next steps as soon as possible.",Technical Issues,Low,Email,Enterprise
TKT-12152,"Hey team, Unauthorized upgrade charge applied to billing statement without admin approval Please escalate if necessary.",Billing & Payments,High,Web Portal,Enterprise
TKT-12153,Issue report: Password reset email link never arrives in user inbox or spam junk folder Thanks for your assistance.,Account Access,Medium,In-App Chat,Enterprise
TKT-12154,"Dear Customer Care, Legal notice: disputed recurring charge with bank process immediate cancellation and refund Could you please verify this on your backend system?",Cancellation & Refunds,High,Email,SMB
TKT-12155,Urgent assistance requested: Browser tab favicon disappears when navigating between analytics workspaces,Technical Issues,Low,Web Portal,SMB
TKT-12156,Regarding our account: Session timeout is too aggressive disconnecting users after only 5 minutes of inactivity [Node: k8s-worker-879] Our team has tried restarting but the issue persists.,Account Access,Medium,Web Portal,SMB
TKT-12157,Search query indexing delayed by 40 minutes in elasticsearch cluster,Technical Issues,Medium,In-App Chat,Enterprise
TKT-12158,"Hello support team, Is there an official public RSS feed for platform uptime and release changelogs Please escalate if necessary.",Technical Issues,Low,Web Portal,SMB
TKT-12159,Attention Support: GraphQL mutation returns intermittent schema validation error on batch updates Thanks for your assistance.,Technical Issues,Medium,Web Portal,SMB
TKT-12160,"Hi, Does the platform support automated CSV export via scheduled SFTP server connector Please escalate if necessary.",Product Inquiries,Medium,Web Portal,Free Tier
TKT-12161,"Good morning, How do I update my profile avatar picture and display name on the portal This is directly impacting our daily business operations.",Account Access,Low,Web Portal,SMB
TKT-12162,"Hey team, Critical PostgreSQL database connection pool exhausted all client requests failing with 500 We need resolution before our end-of-day sprint deadline.",Technical Issues,High,Web Portal,SMB
TKT-12163,"Good morning, Can we set up custom role-based access permissions for external contractor accounts [Server Instance: US-East-483] Please escalate if necessary.",Product Inquiries,Medium,Email,SMB
TKT-12164,"Hey team, Invited team member receives invalid invitation token error when clicking registration link [Server Instance: US-East-757] We need resolution before our end-of-day sprint deadline.",Account Access,Medium,Email,SMB
TKT-12165,"Good morning, Minor CSS alignment glitch on navigation bar when screen width is below 1200px Please escalate if necessary.",Technical Issues,Low,Web Portal,Enterprise
TKT-12166,Issue report: What native database connectors are supported for the real-time analytics pipeline [Workspace: WS-759] Appreciate your prompt attention to this matter.,Product Inquiries,Medium,Email,SMB
TKT-12167,"Hi, Need to update company billing address and official legal entity name on future receipts Let us know if you need any additional diagnostic logs or screenshots.",Billing & Payments,Medium,Web Portal,SMB
TKT-12168,Regarding our account: Can we configure custom HTTP authorization headers on outgoing webhook payloads [Node: k8s-worker-439] This is directly impacting our daily business operations.,Product Inquiries,Medium,In-App Chat,Enterprise
TKT-12169,"Good morning, Need a formal proforma invoice before finance department can release wire payment We need resolution before our end-of-day sprint deadline.",Billing & Payments,Medium,In-App Chat,Enterprise
TKT-12170,"Good morning, How to generate new personal API access tokens from profile settings tab",Account Access,Low,Web Portal,Free Tier
TKT-12171,"Greetings, How to configure local development environment using Docker Compose file Let us know if you need any additional diagnostic logs or screenshots.",Technical Issues,Low,In-App Chat,SMB
TKT-12172,Help needed: Account erroneously suspended for non-payment despite valid wire transfer confirmation number [Environment: Production-171],Billing & Payments,High,In-App Chat,SMB
TKT-12173,"Hello support team, Integration with Jira webhook failing with 401 unauthorized after token rotation",Technical Issues,Medium,Web Portal,Enterprise
TKT-12174,"Dear Customer Care, Severe memory leak in backend microservice causing Redis node failovers [Account Ref: ACCT-951] Please look into this and advise on next steps as soon as possible.",Technical Issues,High,Email,SMB
TKT-12175,"Good morning, Which international currencies and payment cards does your platform support [Node: k8s-worker-578] Thanks for your assistance.",Billing & Payments,Low,In-App Chat,SMB
TKT-12176,"Dear Customer Care, Mobile application crashes when toggling push notifications in user settings [Server Instance: US-East-720] We need resolution before our end-of-day sprint deadline.",Technical Issues,Medium,Web Portal,SMB
TKT-12177,"Hey team, Cannot update primary email address in profile settings page throws permission denied error Could you please verify this on your backend system?",Account Access,Medium,In-App Chat,Enterprise
TKT-12178,"Hi there, Onboarding failed completely platform unusable cancel contract and refund all fees immediately Appreciate your prompt attention to this matter.",Cancellation & Refunds,High,Web Portal,SMB
TKT-12179,Help needed: Account erroneously suspended for non-payment despite valid wire transfer confirmation number Awaiting your guidance on how to resolve this.,Billing & Payments,High,Email,SMB
TKT-12180,Issue report: API response payload missing custom header metadata in staging environment Let us know if you need any additional diagnostic logs or screenshots.,Technical Issues,Medium,Email,SMB
TKT-12181,Regarding our account: Can we set up custom role-based access permissions for external contractor accounts [Environment: Production-537] Awaiting your guidance on how to resolve this.,Product Inquiries,Medium,Web Portal,Enterprise
TKT-12182,"Hi, Please cancel our monthly recurring addon package before the next billing cycle renews [Environment: Production-413] Our team has tried restarting but the issue persists.",Cancellation & Refunds,Medium,Web Portal,Enterprise
TKT-12183,"Hey team, Requesting payment receipt for the previous quarterly subscription cycle Let us know if you need any additional diagnostic logs or screenshots.",Billing & Payments,Medium,Web Portal,Free Tier
TKT-12184,"Hi there, Inquiry regarding non-profit and educational discount pricing eligibility [Environment: Production-300] Appreciate your prompt attention to this matter.",Billing & Payments,Low,Email,SMB
TKT-12185,"Good morning, Cannot update primary email address in profile settings page throws permission denied error [Account Ref: ACCT-847] This is directly impacting our daily business operations.",Account Access,Medium,Email,SMB
TKT-12186,Urgent assistance requested: How to generate new personal API access tokens from profile settings tab Awaiting your guidance on how to resolve this.,Account Access,Low,Email,SMB
TKT-12187,Attention Support: What is the maximum hard API rate limit per second before enterprise contract deployment tonight Appreciate your prompt attention to this matter.,Product Inquiries,High,Web Portal,SMB
TKT-12188,Support request: Can our enterprise pay via annual purchase order and bank check instead of credit card [Client ID: #CLI-227] Please escalate if necessary.,Billing & Payments,Low,Web Portal,SMB
TKT-12189,"Greetings, Primary administrator deleted by mistake restore account privileges and access immediately [Environment: Production-361] Our team has tried restarting but the issue persists.",Account Access,High,Email,Free Tier
TKT-12190,"Hi, Search query indexing delayed by 40 minutes in elasticsearch cluster Awaiting your guidance on how to resolve this.",Technical Issues,Medium,Email,Enterprise
TKT-12191,Issue report: Is there an official public RSS feed for platform uptime and release changelogs This is directly impacting our daily business operations.,Technical Issues,Low,Web Portal,Enterprise
TKT-12192,Issue report: PDF report generation outputting blank pages for charts with dark mode themes [Client ID: #CLI-932] We need resolution before our end-of-day sprint deadline.,Technical Issues,Medium,Email,SMB
TKT-12193,Support request: Is there an official public RSS feed for platform uptime and release changelogs [Node: k8s-worker-760],Technical Issues,Low,Web Portal,SMB
TKT-12194,"Hey team, Requesting detailed itemized breakdown for usage-based API bandwidth overages last month Please escalate if necessary.",Billing & Payments,Medium,In-App Chat,Free Tier
TKT-12195,"Hey team, Requesting formal price quote for adding 8 additional team seats next quarter We need resolution before our end-of-day sprint deadline.",Billing & Payments,Low,Email,Free Tier
TKT-12196,"Hello support team, WebSocket connection randomly disconnects every 15 minutes on Firefox browser Please look into this and advise on next steps as soon as possible.",Technical Issues,Medium,Web Portal,Free Tier
TKT-12197,Attention Support: PDF report generation outputting blank pages for charts with dark mode themes Please escalate if necessary.,Technical Issues,Medium,Web Portal,SMB
TKT-12198,"Hi, How do I update my profile avatar picture and display name on the portal We need resolution before our end-of-day sprint deadline.",Account Access,Low,Email,Free Tier
TKT-12199,WebSocket connection randomly disconnects every 15 minutes on Firefox browser [Workspace: WS-612] Let us know if you need any additional diagnostic logs or screenshots.,Technical Issues,Medium,Web Portal,Enterprise
TKT-12200,Support request: Google Workspace OAuth login throws redirect uri mismatch error on new domain Let us know if you need any additional diagnostic logs or screenshots.,Account Access,Medium,Email,SMB
TKT-12201,Attention Support: Okta single sign-on redirect loop preventing executive team from accessing platform [Account Ref: ACCT-895] Please look into this and advise on next steps as soon as possible.,Account Access,High,Web Portal,SMB
TKT-12202,Data synchronization pipeline halted midway corrupted Kafka consumer offset [Server Instance: US-East-866] Our team has tried restarting but the issue persists.,Technical Issues,High,Web Portal,SMB
TKT-12203,Issue report: What is the billing cycle date for recurring monthly addon licenses [Server Instance: US-East-935] Could you please verify this on your backend system?,Billing & Payments,Low,Email,SMB
TKT-12204,"Hello support team, What native database connectors are supported for the real-time analytics pipeline [Node: k8s-worker-527] Please look into this and advise on next steps as soon as possible.",Product Inquiries,Medium,Email,SMB
TKT-12205,Attention Support: Third party Zapier integration trigger not firing on new lead creation [Environment: Production-274],Technical Issues,Medium,Web Portal,Free Tier
TKT-12206,Urgent assistance requested: Does the platform support automated CSV export via scheduled SFTP server connector Our team has tried restarting but the issue persists.,Product Inquiries,Medium,Web Portal,Enterprise
TKT-12207,Help needed: How to change default payment method from corporate Amex to ACH direct debit Our team has tried restarting but the issue persists.,Billing & Payments,Medium,Web Portal,SMB
TKT-12208,Help needed: Documentation link in developer portal version 2.4 points to outdated 404 page Please escalate if necessary.,Technical Issues,Low,Web Portal,Free Tier
TKT-12209,"Good morning, Please cancel our monthly recurring addon package before the next billing cycle renews This is directly impacting our daily business operations.",Cancellation & Refunds,Medium,Email,SMB
TKT-12210,Regarding our account: User cannot switch between multiple linked organization accounts from dropdown menu [Environment: Production-551] We need resolution before our end-of-day sprint deadline.,Account Access,Medium,Web Portal,SMB
TKT-12211,Promotional discount code PROMO2024 was not applied during renewal checkout process [Workspace: WS-187],Billing & Payments,Medium,Web Portal,SMB
TKT-12212,"Hi there, SSL TLS certificate expired on production load balancer customers seeing security warning [Client ID: #CLI-699] Could you please verify this on your backend system?",Technical Issues,High,Web Portal,Enterprise
TKT-12213,Help needed: How to configure local development environment using Docker Compose file Awaiting your guidance on how to resolve this.,Technical Issues,Low,Web Portal,SMB
TKT-12214,"Hello support team, Documentation link in developer portal version 2.4 points to outdated 404 page [Client ID: #CLI-781] This is directly impacting our daily business operations.",Technical Issues,Low,Web Portal,SMB
TKT-12215,"Hi there, Need to update company billing address and official legal entity name on future receipts We need resolution before our end-of-day sprint deadline.",Billing & Payments,Medium,Email,Enterprise
TKT-12216,Attention Support: We are downsizing our team and wish to downgrade from Enterprise to Starter plan next month Please escalate if necessary.,Cancellation & Refunds,Medium,Web Portal,SMB
TKT-12217,Help needed: Can our enterprise pay via annual purchase order and bank check instead of credit card Awaiting your guidance on how to resolve this.,Billing & Payments,Low,Web Portal,SMB
TKT-12218,Attention Support: Browser tab favicon disappears when navigating between analytics workspaces Appreciate your prompt attention to this matter.,Technical Issues,Low,Email,Enterprise
TKT-12219,Urgent assistance requested: Search query indexing delayed by 40 minutes in elasticsearch cluster We need resolution before our end-of-day sprint deadline.,Technical Issues,Medium,In-App Chat,Enterprise
TKT-12220,Attention Support: Unauthorized upgrade charge applied to billing statement without admin approval [Workspace: WS-994] Please escalate if necessary.,Billing & Payments,High,Web Portal,SMB
TKT-12221,Regarding our account: Customer requesting partial refund for 10 unused seat licenses from previous quarter [Node: k8s-worker-511] Please look into this and advise on next steps as soon as possible.,Cancellation & Refunds,Medium,Email,SMB
TKT-12222,"Hello support team, WebSocket connection randomly disconnects every 15 minutes on Firefox browser [Account Ref: ACCT-386] Please escalate if necessary.",Technical Issues,Medium,Email,Free Tier
TKT-12223,"Hi, Automated cron job failed to execute database backup backup disk volume full Let us know if you need any additional diagnostic logs or screenshots.",Technical Issues,High,In-App Chat,Free Tier
TKT-12224,Support request: What are the architectural differences between Business and Enterprise subscription plans [Workspace: WS-994] Appreciate your prompt attention to this matter.,Product Inquiries,Medium,Email,SMB
TKT-12225,Regarding our account: Dashboard analytics graphs taking over 25 seconds to render on web portal Appreciate your prompt attention to this matter.,Technical Issues,Medium,Web Portal,Enterprise
TKT-12226,Urgent assistance requested: Promotional discount code PROMO2024 was not applied during renewal checkout process Let us know if you need any additional diagnostic logs or screenshots.,Billing & Payments,Medium,Web Portal,SMB
TKT-12227,Support request: Can you share recommended best practices for structuring multi-team workspaces Please look into this and advise on next steps as soon as possible.,Product Inquiries,Low,Email,Enterprise
TKT-12228,"Greetings, Monthly invoice receipt not being sent to our accounts payable finance email address We need resolution before our end-of-day sprint deadline.",Billing & Payments,Medium,Web Portal,SMB
TKT-12229,"Dear Customer Care, Corporate credit card charged twice for annual enterprise plan total 4800 dollars reverse charge immediately Awaiting your guidance on how to resolve this.",Billing & Payments,High,Web Portal,Free Tier
TKT-12230,"Dear Customer Care, Bank merchant account blocked our checkout payments requesting emergency gateway switch Awaiting your guidance on how to resolve this.",Billing & Payments,High,Web Portal,SMB
TKT-12231,Support request: Inquiry regarding non-profit and educational discount pricing eligibility [Server Instance: US-East-274] Thanks for your assistance.,Billing & Payments,Low,Web Portal,Enterprise
TKT-12232,Issue report: We wish to switch from annual prepayment to monthly billing cycle at the end of term [Node: k8s-worker-129] Please look into this and advise on next steps as soon as possible.,Cancellation & Refunds,Medium,Email,SMB
TKT-12233,Urgent assistance requested: Requesting formal price quote for adding 8 additional team seats next quarter Let us know if you need any additional diagnostic logs or screenshots.,Billing & Payments,Low,Web Portal,Enterprise
TKT-12234,Issue report: How to configure local development environment using Docker Compose file Could you please verify this on your backend system?,Technical Issues,Low,Web Portal,SMB
TKT-12235,"Hi there, We wish to switch from annual prepayment to monthly billing cycle at the end of term [Account Ref: ACCT-748]",Cancellation & Refunds,Medium,Email,SMB
TKT-12236,"Hi there, Requesting payment receipt for the previous quarterly subscription cycle Appreciate your prompt attention to this matter.",Billing & Payments,Medium,Email,Free Tier
TKT-12237,Regarding our account: Where is the account cancellation button located inside the workspace settings panel [Workspace: WS-486] Please escalate if necessary.,Cancellation & Refunds,Low,In-App Chat,SMB
TKT-12238,Regarding our account: What is the billing cycle date for recurring monthly addon licenses [Client ID: #CLI-397] We need resolution before our end-of-day sprint deadline.,Billing & Payments,Low,Web Portal,SMB
TKT-12239,"Hi there, How do I update my profile avatar picture and display name on the portal [Account Ref: ACCT-292] Please look into this and advise on next steps as soon as possible.",Account Access,Low,Web Portal,SMB
TKT-12240,Urgent assistance requested: Can we set up custom role-based access permissions for external contractor accounts Let us know if you need any additional diagnostic logs or screenshots.,Product Inquiries,Medium,Email,SMB
TKT-12241,"Hey team, Need to update company billing address and official legal entity name on future receipts This is directly impacting our daily business operations.",Billing & Payments,Medium,Web Portal,Enterprise
TKT-12242,Please cancel our monthly recurring addon package before the next billing cycle renews Let us know if you need any additional diagnostic logs or screenshots.,Cancellation & Refunds,Medium,Email,SMB
TKT-12243,Regarding our account: Need a formal proforma invoice before finance department can release wire payment Appreciate your prompt attention to this matter.,Billing & Payments,Medium,Web Portal,SMB
TKT-12244,"Dear Customer Care, User cannot switch between multiple linked organization accounts from dropdown menu Thanks for your assistance.",Account Access,Medium,Web Portal,SMB
TKT-12245,"Good morning, Webhook delivery engine completely stalled queue depth exceeding 500000 events Please look into this and advise on next steps as soon as possible.",Technical Issues,High,In-App Chat,SMB
TKT-12246,Google Workspace OAuth login throws redirect uri mismatch error on new domain [Workspace: WS-957] Awaiting your guidance on how to resolve this.,Account Access,Medium,In-App Chat,SMB
TKT-12247,Help needed: Does the platform support automated CSV export via scheduled SFTP server connector,Product Inquiries,Medium,In-App Chat,Free Tier
TKT-12248,"Hey team, Does your enterprise SLA guarantee 99.99 percent uptime with financial penalty clauses Our team has tried restarting but the issue persists.",Product Inquiries,High,Web Portal,Enterprise
TKT-12249,"Greetings, Minor CSS alignment glitch on navigation bar when screen width is below 1200px [Node: k8s-worker-226] Appreciate your prompt attention to this matter.",Technical Issues,Low,Web Portal,Enterprise
TKT-12250,Security incident: multiple unauthorized API requests detected bypassing rate limiter Please escalate if necessary.,Technical Issues,High,Web Portal,SMB
TKT-12251,Help needed: Suspected account breach: unauthorized password reset email and unknown IP login detected Could you please verify this on your backend system?,Account Access,High,Web Portal,SMB
TKT-12252,"Hello support team, PDF report generation outputting blank pages for charts with dark mode themes [Node: k8s-worker-315] Appreciate your prompt attention to this matter.",Technical Issues,Medium,Email,SMB
TKT-12253,Issue report: Urgent pre-sales technical requirement: does your SDK support Python 3.12 in high throughput production This is directly impacting our daily business operations.,Product Inquiries,High,In-App Chat,Free Tier
TKT-12254,If we cancel our subscription do we retain read-only access to historical dashboard data,Cancellation & Refunds,Low,Email,Enterprise
TKT-12255,"Hello support team, Where can I find video walkthrough tutorials for onboarding new engineering staff Thanks for your assistance.",Product Inquiries,Low,Email,SMB
TKT-12256,Support request: How do we export all our workspace data and audit logs before terminating our company account Awaiting your guidance on how to resolve this.,Cancellation & Refunds,Medium,Email,SMB
TKT-12257,Attention Support: Onboarding failed completely platform unusable cancel contract and refund all fees immediately Please look into this and advise on next steps as soon as possible.,Cancellation & Refunds,High,Email,SMB
TKT-12258,"Hey team, Can we configure custom HTTP authorization headers on outgoing webhook payloads We need resolution before our end-of-day sprint deadline.",Product Inquiries,Medium,In-App Chat,Free Tier
TKT-12259,Attention Support: Third party Zapier integration trigger not firing on new lead creation [Account Ref: ACCT-986] Please look into this and advise on next steps as soon as possible.,Technical Issues,Medium,Web Portal,SMB
TKT-12260,"Hello support team, Is it possible to customize the login screen with our corporate company logo Could you please verify this on your backend system?",Account Access,Low,Email,Enterprise
TKT-12261,"Greetings, WebSocket connection randomly disconnects every 15 minutes on Firefox browser Our team has tried restarting but the issue persists.",Technical Issues,Medium,Email,Enterprise
TKT-12262,"Hey team, Can we pause our account for two months during our seasonal business hiatus [Node: k8s-worker-300] Our team has tried restarting but the issue persists.",Cancellation & Refunds,Low,Web Portal,Free Tier
TKT-12263,Urgent assistance requested: Where can I download past PDF invoices from the billing management console [Server Instance: US-East-485] Please escalate if necessary.,Billing & Payments,Low,Web Portal,Enterprise
TKT-12264,Support request: How do we export all our workspace data and audit logs before terminating our company account Our team has tried restarting but the issue persists.,Cancellation & Refunds,Medium,Email,SMB
TKT-12265,Urgent assistance requested: Critical PostgreSQL database connection pool exhausted all client requests failing with 500 [Client ID: #CLI-220] Awaiting your guidance on how to resolve this.,Technical Issues,High,Web Portal,SMB
TKT-12266,Issue report: How to generate new personal API access tokens from profile settings tab [Client ID: #CLI-346] Let us know if you need any additional diagnostic logs or screenshots.,Account Access,Low,Web Portal,Free Tier
TKT-12267,Support request: WebSocket connection randomly disconnects every 15 minutes on Firefox browser Let us know if you need any additional diagnostic logs or screenshots.,Technical Issues,Medium,Web Portal,SMB
TKT-12268,Regarding our account: CSV data export times out when file contains more than 10000 rows Awaiting your guidance on how to resolve this.,Technical Issues,Medium,Email,SMB
TKT-12269,"Hey team, SSL TLS certificate expired on production load balancer customers seeing security warning",Technical Issues,High,Email,Enterprise
TKT-12270,"Hello support team, Need a formal proforma invoice before finance department can release wire payment [Client ID: #CLI-600] Please look into this and advise on next steps as soon as possible.",Billing & Payments,Medium,Email,SMB
TKT-12271,"Good morning, Does your enterprise SLA guarantee 99.99 percent uptime with financial penalty clauses This is directly impacting our daily business operations.",Product Inquiries,High,Web Portal,Enterprise
TKT-12272,Help needed: API response payload missing custom header metadata in staging environment Could you please verify this on your backend system?,Technical Issues,Medium,Web Portal,SMB
TKT-12273,Regarding our account: Password reset email link never arrives in user inbox or spam junk folder [Environment: Production-760] Please escalate if necessary.,Account Access,Medium,Email,SMB
TKT-12274,"Hey team, Currency conversion charge unexpectedly added to our USD billing statement [Workspace: WS-165] Please escalate if necessary.",Billing & Payments,Medium,Web Portal,Enterprise
TKT-12275,Regarding our account: Does your enterprise SLA guarantee 99.99 percent uptime with financial penalty clauses Thanks for your assistance.,Product Inquiries,High,Email,SMB
TKT-12276,Requesting step by step instructions for configuring Microsoft Authenticator app Please escalate if necessary.,Account Access,Low,Web Portal,Enterprise
TKT-12277,Regarding our account: Promotional discount code PROMO2024 was not applied during renewal checkout process We need resolution before our end-of-day sprint deadline.,Billing & Payments,Medium,Email,SMB
TKT-12278,"Dear Customer Care, What is your standard cancellation notice policy if we decide to pause next quarter Please escalate if necessary.",Cancellation & Refunds,Low,In-App Chat,Free Tier
TKT-12279,"Hi, Cancel subscription immediately and issue full refund of 2200 dollars as promised by sales rep within 24 hours Awaiting your guidance on how to resolve this.",Cancellation & Refunds,High,Web Portal,SMB
TKT-12280,"Hello support team, What are the architectural differences between Business and Enterprise subscription plans Our team has tried restarting but the issue persists.",Product Inquiries,Medium,Email,Enterprise
TKT-12281,"Hi there, Feature request: support custom hex color codes in dashboard theme settings [Client ID: #CLI-186] Thanks for your assistance.",Technical Issues,Low,Web Portal,SMB
TKT-12282,"Hi, CSV data export times out when file contains more than 10000 rows Could you please verify this on your backend system?",Technical Issues,Medium,Email,SMB
TKT-12283,"Dear Customer Care, Two factor authentication SMS codes not arriving and recovery emergency codes failing Let us know if you need any additional diagnostic logs or screenshots.",Account Access,High,Email,SMB
TKT-12284,"Hello support team, How to generate new personal API access tokens from profile settings tab [Account Ref: ACCT-901] We need resolution before our end-of-day sprint deadline.",Account Access,Low,Web Portal,Free Tier
TKT-12285,Support request: Need to revoke workspace access for former employee and reassign ownership of dashboards Thanks for your assistance.,Account Access,Medium,Web Portal,Free Tier
TKT-12286,Help needed: Does your enterprise SLA guarantee 99.99 percent uptime with financial penalty clauses Appreciate your prompt attention to this matter.,Product Inquiries,High,Web Portal,Free Tier
TKT-12287,"Greetings, Where is the setting to enable mandatory two factor authentication for all team members Thanks for your assistance.",Account Access,Low,Web Portal,SMB
TKT-12288,Support request: Payment gateway timeout during checkout funds deducted from bank but subscription marked unpaid [Server Instance: US-East-245] This is directly impacting our daily business operations.,Billing & Payments,High,Email,Free Tier
TKT-12289,Monthly invoice receipt not being sent to our accounts payable finance email address We need resolution before our end-of-day sprint deadline.,Billing & Payments,Medium,Email,SMB
TKT-12290,"Hi, Where can I access the OpenAPI Swagger documentation and Postman collections We need resolution before our end-of-day sprint deadline.",Product Inquiries,Low,Web Portal,Free Tier
TKT-12291,"Dear Customer Care, Do you have a public product roadmap for upcoming Q4 feature releases Please escalate if necessary.",Product Inquiries,Low,Email,Free Tier
TKT-12292,"Hey team, Third party Zapier integration trigger not firing on new lead creation Could you please verify this on your backend system?",Technical Issues,Medium,In-App Chat,Enterprise
TKT-12293,Attention Support: Feature request: support custom hex color codes in dashboard theme settings [Workspace: WS-792] Awaiting your guidance on how to resolve this.,Technical Issues,Low,Email,Enterprise
TKT-12294,Issue report: What native database connectors are supported for the real-time analytics pipeline Our team has tried restarting but the issue persists.,Product Inquiries,Medium,Email,Free Tier
TKT-12295,Support request: Payment gateway timeout during checkout funds deducted from bank but subscription marked unpaid Could you please verify this on your backend system?,Billing & Payments,High,Web Portal,SMB
TKT-12296,Support request: How to generate new personal API access tokens from profile settings tab We need resolution before our end-of-day sprint deadline.,Account Access,Low,Email,SMB
TKT-12297,Support request: Does your enterprise SLA guarantee 99.99 percent uptime with financial penalty clauses,Product Inquiries,High,Web Portal,Free Tier
TKT-12298,"Dear Customer Care, API response payload missing custom header metadata in staging environment Let us know if you need any additional diagnostic logs or screenshots.",Technical Issues,Medium,Email,SMB
TKT-12299,Regarding our account: Can we configure custom HTTP authorization headers on outgoing webhook payloads Let us know if you need any additional diagnostic logs or screenshots.,Product Inquiries,Medium,Web Portal,SMB
TKT-12300,"Good morning, Google Workspace OAuth login throws redirect uri mismatch error on new domain [Account Ref: ACCT-212] Please look into this and advise on next steps as soon as possible.",Account Access,Medium,Email,Free Tier
TKT-12301,"Hi, We wish to switch from annual prepayment to monthly billing cycle at the end of term [Node: k8s-worker-191] Let us know if you need any additional diagnostic logs or screenshots.",Cancellation & Refunds,Medium,Web Portal,SMB
TKT-12302,Urgent assistance requested: If we cancel our subscription do we retain read-only access to historical dashboard data [Server Instance: US-East-380] Could you please verify this on your backend system?,Cancellation & Refunds,Low,Web Portal,SMB
TKT-12303,"Hi there, Corporate credit card charged twice for annual enterprise plan total 4800 dollars reverse charge immediately Let us know if you need any additional diagnostic logs or screenshots.",Billing & Payments,High,Web Portal,SMB
TKT-12304,Attention Support: Fraudulent transactions detected on company card linked to this organization account Please look into this and advise on next steps as soon as possible.,Billing & Payments,High,Email,Enterprise
TKT-12305,"Dear Customer Care, Password reset email link never arrives in user inbox or spam junk folder Thanks for your assistance.",Account Access,Medium,Web Portal,SMB
TKT-12306,"Greetings, Mobile application crashes when toggling push notifications in user settings [Workspace: WS-817] Awaiting your guidance on how to resolve this.",Technical Issues,Medium,Web Portal,SMB
TKT-12307,API response payload missing custom header metadata in staging environment Could you please verify this on your backend system?,Technical Issues,Medium,Email,Enterprise
TKT-12308,"Hello support team, Payment gateway timeout during checkout funds deducted from bank but subscription marked unpaid [Environment: Production-285] Our team has tried restarting but the issue persists.",Billing & Payments,High,Email,Enterprise
TKT-12309,Regarding our account: Need to revoke workspace access for former employee and reassign ownership of dashboards,Account Access,Medium,In-App Chat,SMB
TKT-12310,"Hi, Google Workspace OAuth login throws redirect uri mismatch error on new domain Please escalate if necessary.",Account Access,Medium,In-App Chat,SMB
TKT-12311,Help needed: What is the billing cycle date for recurring monthly addon licenses [Client ID: #CLI-803] Please escalate if necessary.,Billing & Payments,Low,Web Portal,Free Tier
TKT-12312,Issue report: Does your enterprise SLA guarantee 99.99 percent uptime with financial penalty clauses Our team has tried restarting but the issue persists.,Product Inquiries,High,Email,Enterprise
TKT-12313,Attention Support: Requesting detailed itemized breakdown for usage-based API bandwidth overages last month Please escalate if necessary.,Billing & Payments,Medium,Email,Enterprise
TKT-12314,Issue report: Minor CSS alignment glitch on navigation bar when screen width is below 1200px,Technical Issues,Low,Web Portal,Enterprise
TKT-12315,Support request: Integration with Jira webhook failing with 401 unauthorized after token rotation Please escalate if necessary.,Technical Issues,Medium,Web Portal,Enterprise
TKT-12316,"Dear Customer Care, Can we pause our account for two months during our seasonal business hiatus Awaiting your guidance on how to resolve this.",Cancellation & Refunds,Low,Web Portal,SMB
TKT-12317,"Hi, Requesting payment receipt for the previous quarterly subscription cycle [Environment: Production-633] Could you please verify this on your backend system?",Billing & Payments,Medium,Web Portal,Enterprise
TKT-12318,Is there native integration support for Snowflake data warehouse and dbt models [Client ID: #CLI-412] We need resolution before our end-of-day sprint deadline.,Product Inquiries,Medium,Web Portal,Free Tier
TKT-12319,Regarding our account: Invited team member receives invalid invitation token error when clicking registration link Appreciate your prompt attention to this matter.,Account Access,Medium,Email,Enterprise
TKT-12320,"Hi there, Is there native integration support for Snowflake data warehouse and dbt models Please look into this and advise on next steps as soon as possible.",Product Inquiries,Medium,Email,Free Tier
TKT-12321,"Dear Customer Care, What is your standard cancellation notice policy if we decide to pause next quarter [Node: k8s-worker-392] Please escalate if necessary.",Cancellation & Refunds,Low,Email,SMB
TKT-12322,Regarding our account: Requesting payment receipt for the previous quarterly subscription cycle This is directly impacting our daily business operations.,Billing & Payments,Medium,In-App Chat,Enterprise
TKT-12323,Help needed: How many days before the renewal date do we need to submit a formal cancellation request Awaiting your guidance on how to resolve this.,Cancellation & Refunds,Low,Web Portal,Enterprise
TKT-12324,Issue report: Third party Zapier integration trigger not firing on new lead creation Please look into this and advise on next steps as soon as possible.,Technical Issues,Medium,Email,Free Tier
TKT-12325,"Good morning, Please confirm that auto-renewal is disabled for our upcoming annual contract renewal This is directly impacting our daily business operations.",Cancellation & Refunds,Medium,Web Portal,Enterprise
TKT-12326,Issue report: Third party Zapier integration trigger not firing on new lead creation [Node: k8s-worker-777] Appreciate your prompt attention to this matter.,Technical Issues,Medium,Email,Enterprise
TKT-12327,"Greetings, Corporate credit card charged twice for annual enterprise plan total 4800 dollars reverse charge immediately Awaiting your guidance on how to resolve this.",Billing & Payments,High,Email,SMB
TKT-12328,"Dear Customer Care, How to change default payment method from corporate Amex to ACH direct debit Please look into this and advise on next steps as soon as possible.",Billing & Payments,Medium,In-App Chat,Enterprise
TKT-12329,"Hi, Requesting formal price quote for adding 8 additional team seats next quarter Appreciate your prompt attention to this matter.",Billing & Payments,Low,Email,Free Tier
TKT-12330,Help needed: Currency conversion charge unexpectedly added to our USD billing statement [Client ID: #CLI-446] Let us know if you need any additional diagnostic logs or screenshots.,Billing & Payments,Medium,Web Portal,SMB
TKT-12331,Fraudulent transactions detected on company card linked to this organization account Thanks for your assistance.,Billing & Payments,High,Email,SMB
TKT-12332,"Hey team, CSV data export times out when file contains more than 10000 rows Could you please verify this on your backend system?",Technical Issues,Medium,Email,Enterprise
TKT-12333,Help needed: Need to update company billing address and official legal entity name on future receipts Please escalate if necessary.,Billing & Payments,Medium,In-App Chat,SMB
TKT-12334,Urgent assistance requested: Dashboard analytics graphs taking over 25 seconds to render on web portal This is directly impacting our daily business operations.,Technical Issues,Medium,In-App Chat,Enterprise
TKT-12335,"Hey team, If we cancel our subscription do we retain read-only access to historical dashboard data [Workspace: WS-839] Appreciate your prompt attention to this matter.",Cancellation & Refunds,Low,Web Portal,Free Tier
TKT-12336,Attention Support: Requesting formal price quote for adding 8 additional team seats next quarter [Environment: Production-603] Appreciate your prompt attention to this matter.,Billing & Payments,Low,Web Portal,SMB
TKT-12337,"Hi there, Can one user account belong to multiple independent organizational workspaces Thanks for your assistance.",Account Access,Low,Web Portal,SMB
TKT-12338,Attention Support: WebSocket connection randomly disconnects every 15 minutes on Firefox browser Please look into this and advise on next steps as soon as possible.,Technical Issues,Medium,Web Portal,SMB
TKT-12339,"Dear Customer Care, Corporate credit card charged twice for annual enterprise plan total 4800 dollars reverse charge immediately [Environment: Production-504]",Billing & Payments,High,Web Portal,Enterprise
TKT-12340,"Hey team, How to update billing email recipient list for monthly summary digests Appreciate your prompt attention to this matter.",Billing & Payments,Low,Web Portal,Free Tier
TKT-12341,"Hi, Does the platform support automated CSV export via scheduled SFTP server connector [Environment: Production-772] Could you please verify this on your backend system?",Product Inquiries,Medium,Email,Free Tier
TKT-12342,"Hello support team, Invited team member receives invalid invitation token error when clicking registration link Appreciate your prompt attention to this matter.",Account Access,Medium,Email,Enterprise
TKT-12343,"Good morning, Session timeout is too aggressive disconnecting users after only 5 minutes of inactivity [Client ID: #CLI-236] Please look into this and advise on next steps as soon as possible.",Account Access,Medium,Web Portal,SMB
TKT-12344,Attention Support: How to change email notification preferences for weekly activity digests Appreciate your prompt attention to this matter.,Account Access,Low,Web Portal,Free Tier
TKT-12345,Support request: Account erroneously suspended for non-payment despite valid wire transfer confirmation number We need resolution before our end-of-day sprint deadline.,Billing & Payments,High,Web Portal,Enterprise
TKT-12346,"Hi there, Monthly invoice receipt not being sent to our accounts payable finance email address Let us know if you need any additional diagnostic logs or screenshots.",Billing & Payments,Medium,Email,SMB
TKT-12347,Regarding our account: Automated cron job failed to execute database backup backup disk volume full,Technical Issues,High,Web Portal,SMB
TKT-12348,Regarding our account: Data synchronization pipeline halted midway corrupted Kafka consumer offset Let us know if you need any additional diagnostic logs or screenshots.,Technical Issues,High,In-App Chat,Free Tier
TKT-12349,"Dear Customer Care, Where can I download past PDF invoices from the billing management console [Client ID: #CLI-885] Our team has tried restarting but the issue persists.",Billing & Payments,Low,Email,Enterprise
TKT-12350,"Good morning, Is there native integration support for Snowflake data warehouse and dbt models This is directly impacting our daily business operations.",Product Inquiries,Medium,Web Portal,SMB
TKT-12351,Help needed: PDF report generation outputting blank pages for charts with dark mode themes [Client ID: #CLI-879] Could you please verify this on your backend system?,Technical Issues,Medium,Web Portal,SMB
TKT-12352,"Good morning, SSL TLS certificate expired on production load balancer customers seeing security warning [Account Ref: ACCT-291] Please escalate if necessary.",Technical Issues,High,Email,SMB
TKT-12353,"Hey team, Does the platform support automated CSV export via scheduled SFTP server connector Please look into this and advise on next steps as soon as possible.",Product Inquiries,Medium,Web Portal,SMB
TKT-12354,"Good morning, Session timeout is too aggressive disconnecting users after only 5 minutes of inactivity",Account Access,Medium,In-App Chat,Enterprise
TKT-12355,Help needed: How many days before the renewal date do we need to submit a formal cancellation request Please look into this and advise on next steps as soon as possible.,Cancellation & Refunds,Low,Email,Free Tier
TKT-12356,"Greetings, Does your enterprise SLA guarantee 99.99 percent uptime with financial penalty clauses [Account Ref: ACCT-744] Our team has tried restarting but the issue persists.",Product Inquiries,High,Web Portal,Enterprise
TKT-12357,"Good morning, Requesting formal price quote for adding 8 additional team seats next quarter [Client ID: #CLI-380] Please look into this and advise on next steps as soon as possible.",Billing & Payments,Low,Web Portal,SMB
TKT-12358,"Dear Customer Care, Can one user account belong to multiple independent organizational workspaces [Server Instance: US-East-193] Let us know if you need any additional diagnostic logs or screenshots.",Account Access,Low,Web Portal,SMB
TKT-12359,Attention Support: Dashboard analytics graphs taking over 25 seconds to render on web portal Let us know if you need any additional diagnostic logs or screenshots.,Technical Issues,Medium,Web Portal,SMB
TKT-12360,"Hi, Cancel subscription immediately and issue full refund of 2200 dollars as promised by sales rep within 24 hours Let us know if you need any additional diagnostic logs or screenshots.",Cancellation & Refunds,High,Web Portal,Enterprise
TKT-12361,"Hi there, Monthly invoice receipt not being sent to our accounts payable finance email address Could you please verify this on your backend system?",Billing & Payments,Medium,Web Portal,Enterprise
TKT-12362,Issue report: Need a formal proforma invoice before finance department can release wire payment [Client ID: #CLI-286] Let us know if you need any additional diagnostic logs or screenshots.,Billing & Payments,Medium,Email,SMB
TKT-12363,"Hello support team, Organization admin locked out completely root credentials MFA authenticator lost urgent access required This is directly impacting our daily business operations.",Account Access,High,Web Portal,Enterprise
TKT-12364,Attention Support: Promotional discount code PROMO2024 was not applied during renewal checkout process [Environment: Production-472] Our team has tried restarting but the issue persists.,Billing & Payments,Medium,In-App Chat,Enterprise
TKT-12365,"Hey team, Where is the setting to enable mandatory two factor authentication for all team members [Client ID: #CLI-799] Please look into this and advise on next steps as soon as possible.",Account Access,Low,Email,Enterprise
TKT-12366,Regarding our account: Critical zero-day vulnerability patch required immediately on customer ingress controller [Node: k8s-worker-929] Our team has tried restarting but the issue persists.,Technical Issues,High,Web Portal,SMB
TKT-12367,Issue report: Data synchronization pipeline halted midway corrupted Kafka consumer offset Please escalate if necessary.,Technical Issues,High,Email,SMB
TKT-12368,"Good morning, Need a formal proforma invoice before finance department can release wire payment [Account Ref: ACCT-493]",Billing & Payments,Medium,Web Portal,Enterprise
TKT-12369,"Hi there, Legal notice: disputed recurring charge with bank process immediate cancellation and refund This is directly impacting our daily business operations.",Cancellation & Refunds,High,Email,SMB
TKT-12370,"Good morning, Fraudulent transactions detected on company card linked to this organization account Awaiting your guidance on how to resolve this.",Billing & Payments,High,Web Portal,Free Tier
TKT-12371,"Hi, Password reset email link never arrives in user inbox or spam junk folder [Node: k8s-worker-585] Please escalate if necessary.",Account Access,Medium,Web Portal,Enterprise
TKT-12372,"Hi, Which international currencies and payment cards does your platform support [Server Instance: US-East-528] Our team has tried restarting but the issue persists.",Billing & Payments,Low,In-App Chat,SMB
TKT-12373,Regarding our account: Can our enterprise pay via annual purchase order and bank check instead of credit card Thanks for your assistance.,Billing & Payments,Low,Web Portal,SMB
TKT-12374,Help needed: Is there an official public RSS feed for platform uptime and release changelogs,Technical Issues,Low,Email,Free Tier
TKT-12375,"Hi there, What is the maximum hard API rate limit per second before enterprise contract deployment tonight Awaiting your guidance on how to resolve this.",Product Inquiries,High,Email,Free Tier
TKT-12376,"Dear Customer Care, Corporate credit card charged twice for annual enterprise plan total 4800 dollars reverse charge immediately [Server Instance: US-East-396] Please escalate if necessary.",Billing & Payments,High,Web Portal,SMB
TKT-12377,"Greetings, Need to update company billing address and official legal entity name on future receipts This is directly impacting our daily business operations.",Billing & Payments,Medium,Web Portal,Free Tier
TKT-12378,Issue report: Severe memory leak in backend microservice causing Redis node failovers Let us know if you need any additional diagnostic logs or screenshots.,Technical Issues,High,Web Portal,SMB
TKT-12379,Third party Zapier integration trigger not firing on new lead creation Thanks for your assistance.,Technical Issues,Medium,Web Portal,SMB
TKT-12380,Help needed: Does the platform support automated CSV export via scheduled SFTP server connector Thanks for your assistance.,Product Inquiries,Medium,Email,SMB
TKT-12381,Attention Support: Requesting dark mode theme support for the desktop application client [Server Instance: US-East-103] Please escalate if necessary.,Technical Issues,Low,Email,Enterprise
TKT-12382,"Greetings, Primary REST API endpoint returning 503 Service Unavailable outage affecting all EU users We need resolution before our end-of-day sprint deadline.",Technical Issues,High,Web Portal,SMB
TKT-12383,Regarding our account: Where can I download past PDF invoices from the billing management console Thanks for your assistance.,Billing & Payments,Low,Email,SMB
TKT-12384,Issue report: Okta single sign-on redirect loop preventing executive team from accessing platform [Server Instance: US-East-403] Thanks for your assistance.,Account Access,High,Web Portal,SMB
TKT-12385,"Hi, Security incident: multiple unauthorized API requests detected bypassing rate limiter [Client ID: #CLI-646] Please look into this and advise on next steps as soon as possible.",Technical Issues,High,In-App Chat,SMB
TKT-12386,"Dear Customer Care, Can we configure custom HTTP authorization headers on outgoing webhook payloads Could you please verify this on your backend system?",Product Inquiries,Medium,Web Portal,Free Tier
TKT-12387,Support request: Corporate credit card charged twice for annual enterprise plan total 4800 dollars reverse charge immediately We need resolution before our end-of-day sprint deadline.,Billing & Payments,High,Web Portal,SMB
TKT-12388,"Hi, Integration with Jira webhook failing with 401 unauthorized after token rotation [Workspace: WS-747] Please look into this and advise on next steps as soon as possible.",Technical Issues,Medium,Web Portal,Free Tier
TKT-12389,Urgent assistance requested: API response payload missing custom header metadata in staging environment [Node: k8s-worker-662] Appreciate your prompt attention to this matter.,Technical Issues,Medium,In-App Chat,Enterprise
TKT-12390,Issue report: If we cancel our subscription do we retain read-only access to historical dashboard data Our team has tried restarting but the issue persists.,Cancellation & Refunds,Low,In-App Chat,Enterprise
TKT-12391,"Hey team, Requesting step by step instructions for configuring Microsoft Authenticator app Appreciate your prompt attention to this matter.",Account Access,Low,In-App Chat,Enterprise
TKT-12392,Is there native integration support for Snowflake data warehouse and dbt models This is directly impacting our daily business operations.,Product Inquiries,Medium,Web Portal,SMB
TKT-12393,Issue report: Does the platform support automated CSV export via scheduled SFTP server connector [Client ID: #CLI-650] Could you please verify this on your backend system?,Product Inquiries,Medium,Email,Free Tier
TKT-12394,Issue report: Promotional discount code PROMO2024 was not applied during renewal checkout process Let us know if you need any additional diagnostic logs or screenshots.,Billing & Payments,Medium,Web Portal,SMB
TKT-12395,Where is the setting to enable mandatory two factor authentication for all team members,Account Access,Low,Email,SMB
TKT-12396,"Good morning, Critical zero-day vulnerability patch required immediately on customer ingress controller [Workspace: WS-308] Awaiting your guidance on how to resolve this.",Technical Issues,High,Email,Enterprise
TKT-12397,Support request: API response payload missing custom header metadata in staging environment [Server Instance: US-East-847] Let us know if you need any additional diagnostic logs or screenshots.,Technical Issues,Medium,Web Portal,Enterprise
TKT-12398,Urgent assistance requested: Currency conversion charge unexpectedly added to our USD billing statement Our team has tried restarting but the issue persists.,Billing & Payments,Medium,In-App Chat,SMB
TKT-12399,Help needed: Will our annual subscription automatically renew at the end of this billing cycle Our team has tried restarting but the issue persists.,Billing & Payments,Low,Email,Enterprise
TKT-12400,"Good morning, WebSocket connection randomly disconnects every 15 minutes on Firefox browser Please escalate if necessary.",Technical Issues,Medium,Email,SMB
TKT-12401,"Dear Customer Care, Is there native integration support for Snowflake data warehouse and dbt models [Workspace: WS-266]",Product Inquiries,Medium,In-App Chat,SMB
TKT-12402,Feature request: support custom hex color codes in dashboard theme settings Let us know if you need any additional diagnostic logs or screenshots.,Technical Issues,Low,Web Portal,SMB
TKT-12403,"Hi there, Please cancel our monthly recurring addon package before the next billing cycle renews [Server Instance: US-East-565] Our team has tried restarting but the issue persists.",Cancellation & Refunds,Medium,Email,SMB
TKT-12404,"Hi there, Currency conversion charge unexpectedly added to our USD billing statement [Client ID: #CLI-717] Thanks for your assistance.",Billing & Payments,Medium,Email,SMB
TKT-12405,Attention Support: Organization admin locked out completely root credentials MFA authenticator lost urgent access required [Client ID: #CLI-881] Let us know if you need any additional diagnostic logs or screenshots.,Account Access,High,Web Portal,SMB
TKT-12406,"Dear Customer Care, Need to update company billing address and official legal entity name on future receipts We need resolution before our end-of-day sprint deadline.",Billing & Payments,Medium,Email,SMB
TKT-12407,"Dear Customer Care, Can our enterprise pay via annual purchase order and bank check instead of credit card",Billing & Payments,Low,Web Portal,Free Tier
TKT-12408,Regarding our account: Production Kubernetes cluster pods crashing in CrashLoopBackOff with OOMKilled errors Please look into this and advise on next steps as soon as possible.,Technical Issues,High,In-App Chat,Enterprise
TKT-12409,Urgent assistance requested: Does your platform have a public status page to monitor system uptime history [Environment: Production-877] Please look into this and advise on next steps as soon as possible.,Product Inquiries,Low,In-App Chat,Free Tier
TKT-12410,Inquiry regarding non-profit and educational discount pricing eligibility [Environment: Production-258] Our team has tried restarting but the issue persists.,Billing & Payments,Low,Web Portal,SMB
TKT-12411,"Hello support team, Does the platform support automated CSV export via scheduled SFTP server connector Thanks for your assistance.",Product Inquiries,Medium,Email,SMB
TKT-12412,"Hi, How to generate new personal API access tokens from profile settings tab [Client ID: #CLI-205] Please look into this and advise on next steps as soon as possible.",Account Access,Low,Web Portal,SMB
TKT-12413,"Hey team, How many concurrent API requests are permitted on the standard developer tier plan Please look into this and advise on next steps as soon as possible.",Product Inquiries,Medium,Web Portal,SMB
TKT-12414,"Dear Customer Care, Unauthorized upgrade charge applied to billing statement without admin approval This is directly impacting our daily business operations.",Billing & Payments,High,Email,SMB
TKT-12415,"Good morning, What is your standard cancellation notice policy if we decide to pause next quarter Let us know if you need any additional diagnostic logs or screenshots.",Cancellation & Refunds,Low,Email,Enterprise
TKT-12416,Support request: Stripe subscription failed automatic renewal due to 3D Secure verification loop [Node: k8s-worker-493] Could you please verify this on your backend system?,Billing & Payments,High,In-App Chat,Enterprise
TKT-12417,Help needed: Promotional discount code PROMO2024 was not applied during renewal checkout process Our team has tried restarting but the issue persists.,Billing & Payments,Medium,Web Portal,Enterprise
TKT-12418,"Hi there, Suspected account breach: unauthorized password reset email and unknown IP login detected Could you please verify this on your backend system?",Account Access,High,Web Portal,SMB
TKT-12419,Urgent assistance requested: How many concurrent API requests are permitted on the standard developer tier plan Please look into this and advise on next steps as soon as possible.,Product Inquiries,Medium,Web Portal,SMB
TKT-12420,"Hello support team, Will our annual subscription automatically renew at the end of this billing cycle [Environment: Production-643] Please escalate if necessary.",Billing & Payments,Low,Web Portal,SMB
TKT-12421,"Greetings, If we cancel our subscription do we retain read-only access to historical dashboard data Our team has tried restarting but the issue persists.",Cancellation & Refunds,Low,Web Portal,Enterprise
TKT-12422,Support request: Suspected account breach: unauthorized password reset email and unknown IP login detected [Workspace: WS-456],Account Access,High,Email,SMB
TKT-12423,Regarding our account: Need to revoke workspace access for former employee and reassign ownership of dashboards Please look into this and advise on next steps as soon as possible.,Account Access,Medium,Email,Enterprise
TKT-12424,Regarding our account: WebSocket connection randomly disconnects every 15 minutes on Firefox browser [Server Instance: US-East-499],Technical Issues,Medium,Web Portal,SMB
TKT-12425,Issue report: How do we export all our workspace data and audit logs before terminating our company account Awaiting your guidance on how to resolve this.,Cancellation & Refunds,Medium,Email,Enterprise
TKT-12426,"Dear Customer Care, Can our enterprise pay via annual purchase order and bank check instead of credit card [Server Instance: US-East-286] Please look into this and advise on next steps as soon as possible.",Billing & Payments,Low,Web Portal,SMB
TKT-12427,Urgent assistance requested: What is the billing cycle date for recurring monthly addon licenses Appreciate your prompt attention to this matter.,Billing & Payments,Low,Web Portal,Enterprise
TKT-12428,Issue report: GraphQL mutation returns intermittent schema validation error on batch updates Let us know if you need any additional diagnostic logs or screenshots.,Technical Issues,Medium,Web Portal,Free Tier
TKT-12429,Urgent assistance requested: Session timeout is too aggressive disconnecting users after only 5 minutes of inactivity Our team has tried restarting but the issue persists.,Account Access,Medium,Email,Enterprise
TKT-12430,Attention Support: Which international currencies and payment cards does your platform support Let us know if you need any additional diagnostic logs or screenshots.,Billing & Payments,Low,Email,Free Tier
TKT-12431,"Hi, Does your enterprise SLA guarantee 99.99 percent uptime with financial penalty clauses Awaiting your guidance on how to resolve this.",Product Inquiries,High,Web Portal,Enterprise
TKT-12432,"Hi, Currency conversion charge unexpectedly added to our USD billing statement Please escalate if necessary.",Billing & Payments,Medium,In-App Chat,SMB
TKT-12433,Issue report: Service uptime breached SLA contract below 95 percent demanding contract cancellation and full penalty refund [Client ID: #CLI-308] Please look into this and advise on next steps as soon as possible.,Cancellation & Refunds,High,Web Portal,SMB
TKT-12434,Urgent assistance requested: Need to update company billing address and official legal entity name on future receipts Thanks for your assistance.,Billing & Payments,Medium,Web Portal,Enterprise
TKT-12435,"Hi there, Requesting detailed itemized breakdown for usage-based API bandwidth overages last month This is directly impacting our daily business operations.",Billing & Payments,Medium,Email,SMB
TKT-12436,Need a formal proforma invoice before finance department can release wire payment [Server Instance: US-East-955] Our team has tried restarting but the issue persists.,Billing & Payments,Medium,Web Portal,SMB
TKT-12437,"Hi, Does your platform have a public status page to monitor system uptime history [Server Instance: US-East-157] Let us know if you need any additional diagnostic logs or screenshots.",Product Inquiries,Low,Email,Enterprise
TKT-12438,Attention Support: Requesting detailed itemized breakdown for usage-based API bandwidth overages last month This is directly impacting our daily business operations.,Billing & Payments,Medium,Web Portal,SMB
TKT-12439,Urgent assistance requested: Primary administrator deleted by mistake restore account privileges and access immediately This is directly impacting our daily business operations.,Account Access,High,Email,Enterprise
TKT-12440,"Hi there, Browser tab favicon disappears when navigating between analytics workspaces Awaiting your guidance on how to resolve this.",Technical Issues,Low,In-App Chat,Enterprise
TKT-12441,"Hello support team, Account erroneously suspended for non-payment despite valid wire transfer confirmation number Our team has tried restarting but the issue persists.",Billing & Payments,High,Web Portal,Free Tier
TKT-12442,"Good morning, We are downsizing our team and wish to downgrade from Enterprise to Starter plan next month [Environment: Production-253] Please look into this and advise on next steps as soon as possible.",Cancellation & Refunds,Medium,Web Portal,SMB
TKT-12443,Help needed: Requesting formal price quote for adding 8 additional team seats next quarter Our team has tried restarting but the issue persists.,Billing & Payments,Low,In-App Chat,SMB
TKT-12444,Help needed: Monthly invoice receipt not being sent to our accounts payable finance email address Let us know if you need any additional diagnostic logs or screenshots.,Billing & Payments,Medium,Web Portal,Free Tier
TKT-12445,Regarding our account: Requesting payment receipt for the previous quarterly subscription cycle,Billing & Payments,Medium,Web Portal,Free Tier
TKT-12446,"Hi there, Spelling typo noticed in confirmation tooltip under advanced security settings [Node: k8s-worker-132] Our team has tried restarting but the issue persists.",Technical Issues,Low,In-App Chat,Free Tier
TKT-12447,"Hi, Account erroneously suspended for non-payment despite valid wire transfer confirmation number [Environment: Production-796] Our team has tried restarting but the issue persists.",Billing & Payments,High,Web Portal,SMB
TKT-12448,"Hi, GraphQL mutation returns intermittent schema validation error on batch updates Could you please verify this on your backend system?",Technical Issues,Medium,Web Portal,Free Tier
TKT-12449,"Hey team, Third party Zapier integration trigger not firing on new lead creation We need resolution before our end-of-day sprint deadline.",Technical Issues,Medium,Email,SMB
TKT-12450,Issue report: Please cancel our monthly recurring addon package before the next billing cycle renews We need resolution before our end-of-day sprint deadline.,Cancellation & Refunds,Medium,Email,Enterprise
TKT-12451,"Good morning, Dashboard analytics graphs taking over 25 seconds to render on web portal [Node: k8s-worker-672] Let us know if you need any additional diagnostic logs or screenshots.",Technical Issues,Medium,Web Portal,Enterprise
TKT-12452,Webhook delivery engine completely stalled queue depth exceeding 500000 events Please look into this and advise on next steps as soon as possible.,Technical Issues,High,In-App Chat,Enterprise
TKT-12453,Help needed: What is the maximum hard API rate limit per second before enterprise contract deployment tonight Appreciate your prompt attention to this matter.,Product Inquiries,High,In-App Chat,Free Tier
TKT-12454,Invited team member receives invalid invitation token error when clicking registration link [Workspace: WS-762] Let us know if you need any additional diagnostic logs or screenshots.,Account Access,Medium,Web Portal,Free Tier
TKT-12455,"Good morning, Can you share recommended best practices for structuring multi-team workspaces [Client ID: #CLI-471] Could you please verify this on your backend system?",Product Inquiries,Low,Email,SMB
TKT-12456,Regarding our account: Please confirm that auto-renewal is disabled for our upcoming annual contract renewal [Workspace: WS-266] Appreciate your prompt attention to this matter.,Cancellation & Refunds,Medium,Email,Enterprise
TKT-12457,"Hi there, Legal notice: disputed recurring charge with bank process immediate cancellation and refund [Client ID: #CLI-874] Please look into this and advise on next steps as soon as possible.",Cancellation & Refunds,High,Web Portal,SMB
TKT-12458,"Good morning, Can we configure custom HTTP authorization headers on outgoing webhook payloads [Client ID: #CLI-346] Thanks for your assistance.",Product Inquiries,Medium,Web Portal,Enterprise
TKT-12459,"Hi there, Do you have a public product roadmap for upcoming Q4 feature releases Please escalate if necessary.",Product Inquiries,Low,Email,SMB
TKT-12460,Regarding our account: Please confirm that auto-renewal is disabled for our upcoming annual contract renewal [Workspace: WS-195] Awaiting your guidance on how to resolve this.,Cancellation & Refunds,Medium,Email,SMB
TKT-12461,"Hello support team, Can our enterprise pay via annual purchase order and bank check instead of credit card Appreciate your prompt attention to this matter.",Billing & Payments,Low,Email,SMB
TKT-12462,"Hi, SSL TLS certificate expired on production load balancer customers seeing security warning [Environment: Production-843] We need resolution before our end-of-day sprint deadline.",Technical Issues,High,Email,Enterprise
TKT-12463,"Dear Customer Care, Search query indexing delayed by 40 minutes in elasticsearch cluster [Environment: Production-859]",Technical Issues,Medium,Email,SMB
TKT-12464,"Hi, Will our annual subscription automatically renew at the end of this billing cycle [Environment: Production-588] Our team has tried restarting but the issue persists.",Billing & Payments,Low,In-App Chat,Free Tier
TKT-12465,Google Workspace OAuth login throws redirect uri mismatch error on new domain [Server Instance: US-East-798] This is directly impacting our daily business operations.,Account Access,Medium,In-App Chat,Enterprise
TKT-12466,"Hi there, GraphQL mutation returns intermittent schema validation error on batch updates [Node: k8s-worker-337]",Technical Issues,Medium,Web Portal,Free Tier
TKT-12467,Issue report: User cannot switch between multiple linked organization accounts from dropdown menu Our team has tried restarting but the issue persists.,Account Access,Medium,Web Portal,SMB
TKT-12468,Help needed: Data residency question: can our customer database be hosted exclusively in Frankfurt EU region [Workspace: WS-738] Our team has tried restarting but the issue persists.,Product Inquiries,High,Web Portal,Enterprise
TKT-12469,"Hello support team, What is the billing cycle date for recurring monthly addon licenses",Billing & Payments,Low,Email,SMB
TKT-12470,"Greetings, Can one user account belong to multiple independent organizational workspaces [Server Instance: US-East-680] Please escalate if necessary.",Account Access,Low,Web Portal,Enterprise
TKT-12471,Help needed: We wish to switch from annual prepayment to monthly billing cycle at the end of term Please look into this and advise on next steps as soon as possible.,Cancellation & Refunds,Medium,In-App Chat,SMB
TKT-12472,Regarding our account: Suspected account breach: unauthorized password reset email and unknown IP login detected Could you please verify this on your backend system?,Account Access,High,Web Portal,SMB
TKT-12473,Help needed: Payment gateway timeout during checkout funds deducted from bank but subscription marked unpaid Please look into this and advise on next steps as soon as possible.,Billing & Payments,High,Web Portal,Enterprise
TKT-12474,"Hey team, Cannot update primary email address in profile settings page throws permission denied error [Account Ref: ACCT-472] Our team has tried restarting but the issue persists.",Account Access,Medium,Web Portal,Enterprise
TKT-12475,"Hi there, Search query indexing delayed by 40 minutes in elasticsearch cluster [Environment: Production-364] Please look into this and advise on next steps as soon as possible.",Technical Issues,Medium,Web Portal,SMB
TKT-12476,"Hey team, GraphQL mutation returns intermittent schema validation error on batch updates Awaiting your guidance on how to resolve this.",Technical Issues,Medium,In-App Chat,SMB
TKT-12477,"Hi there, Feature request: support custom hex color codes in dashboard theme settings Please escalate if necessary.",Technical Issues,Low,Web Portal,Free Tier
TKT-12478,Need to revoke workspace access for former employee and reassign ownership of dashboards Could you please verify this on your backend system?,Account Access,Medium,In-App Chat,Enterprise
TKT-12479,"Greetings, User cannot switch between multiple linked organization accounts from dropdown menu [Workspace: WS-624]",Account Access,Medium,Web Portal,Enterprise
TKT-12480,Urgent assistance requested: API response payload missing custom header metadata in staging environment [Environment: Production-618] Appreciate your prompt attention to this matter.,Technical Issues,Medium,Email,SMB
TKT-12481,"Hey team, GraphQL mutation returns intermittent schema validation error on batch updates [Node: k8s-worker-158]",Technical Issues,Medium,In-App Chat,SMB
TKT-12482,Regarding our account: How to generate new personal API access tokens from profile settings tab We need resolution before our end-of-day sprint deadline.,Account Access,Low,Email,SMB
TKT-12483,"Hello support team, How many concurrent API requests are permitted on the standard developer tier plan Our team has tried restarting but the issue persists.",Product Inquiries,Medium,In-App Chat,Enterprise
TKT-12484,"Hi there, Can we set up custom role-based access permissions for external contractor accounts We need resolution before our end-of-day sprint deadline.",Product Inquiries,Medium,Web Portal,Enterprise
TKT-12485,Support request: Can we pause our account for two months during our seasonal business hiatus [Environment: Production-757] Please look into this and advise on next steps as soon as possible.,Cancellation & Refunds,Low,Email,SMB
TKT-12486,"Hi there, Requesting payment receipt for the previous quarterly subscription cycle [Client ID: #CLI-506] Please look into this and advise on next steps as soon as possible.",Billing & Payments,Medium,In-App Chat,Enterprise
TKT-12487,"Good morning, Currency conversion charge unexpectedly added to our USD billing statement [Workspace: WS-450] Let us know if you need any additional diagnostic logs or screenshots.",Billing & Payments,Medium,Web Portal,SMB
TKT-12488,"Good morning, Bank merchant account blocked our checkout payments requesting emergency gateway switch [Environment: Production-139] Awaiting your guidance on how to resolve this.",Billing & Payments,High,Email,Enterprise
TKT-12489,"Dear Customer Care, Critical zero-day vulnerability patch required immediately on customer ingress controller [Server Instance: US-East-427] Awaiting your guidance on how to resolve this.",Technical Issues,High,Email,SMB
TKT-12490,"Hello support team, Requesting step by step instructions for configuring Microsoft Authenticator app Please escalate if necessary.",Account Access,Low,Email,SMB
TKT-12491,Regarding our account: Need to update company billing address and official legal entity name on future receipts Appreciate your prompt attention to this matter.,Billing & Payments,Medium,Email,SMB
TKT-12492,"Good morning, Can you share recommended best practices for structuring multi-team workspaces [Client ID: #CLI-876] This is directly impacting our daily business operations.",Product Inquiries,Low,Web Portal,Enterprise
TKT-12493,Attention Support: Session timeout is too aggressive disconnecting users after only 5 minutes of inactivity [Server Instance: US-East-185] Could you please verify this on your backend system?,Account Access,Medium,Web Portal,Free Tier
TKT-12494,"Hi there, Feature request: support custom hex color codes in dashboard theme settings Could you please verify this on your backend system?",Technical Issues,Low,Email,SMB
TKT-12495,Security incident: multiple unauthorized API requests detected bypassing rate limiter Awaiting your guidance on how to resolve this.,Technical Issues,High,Email,Enterprise
TKT-12496,Support request: How to change default payment method from corporate Amex to ACH direct debit [Client ID: #CLI-194] Could you please verify this on your backend system?,Billing & Payments,Medium,Web Portal,Enterprise
TKT-12497,Urgent assistance requested: What is the maximum hard API rate limit per second before enterprise contract deployment tonight [Workspace: WS-529] Could you please verify this on your backend system?,Product Inquiries,High,Web Portal,SMB
TKT-12498,Help needed: How do we export all our workspace data and audit logs before terminating our company account Thanks for your assistance.,Cancellation & Refunds,Medium,Web Portal,SMB
TKT-12499,Issue report: How many days before the renewal date do we need to submit a formal cancellation request Let us know if you need any additional diagnostic logs or screenshots.,Cancellation & Refunds,Low,Email,SMB
TKT-12500,Regarding our account: Requesting step by step instructions for configuring Microsoft Authenticator app [Node: k8s-worker-783] Please escalate if necessary.,Account Access,Low,In-App Chat,Enterprise
TKT-12501,"Greetings, API response payload missing custom header metadata in staging environment [Node: k8s-worker-860] Our team has tried restarting but the issue persists.",Technical Issues,Medium,Email,SMB
TKT-12502,"Hello support team, Search query indexing delayed by 40 minutes in elasticsearch cluster Our team has tried restarting but the issue persists.",Technical Issues,Medium,Email,SMB
TKT-12503,Help needed: Does the platform support automated CSV export via scheduled SFTP server connector [Node: k8s-worker-516] Appreciate your prompt attention to this matter.,Product Inquiries,Medium,Email,SMB
TKT-12504,"Hi, Can we configure custom HTTP authorization headers on outgoing webhook payloads This is directly impacting our daily business operations.",Product Inquiries,Medium,Email,Enterprise
TKT-12505,Support request: Suspected account breach: unauthorized password reset email and unknown IP login detected Awaiting your guidance on how to resolve this.,Account Access,High,Web Portal,SMB
TKT-12506,"Hi there, Browser tab favicon disappears when navigating between analytics workspaces [Server Instance: US-East-530] This is directly impacting our daily business operations.",Technical Issues,Low,Web Portal,SMB
TKT-12507,Regarding our account: Legal notice: disputed recurring charge with bank process immediate cancellation and refund Our team has tried restarting but the issue persists.,Cancellation & Refunds,High,Email,Enterprise
TKT-12508,"Hello support team, Legal notice: disputed recurring charge with bank process immediate cancellation and refund Appreciate your prompt attention to this matter.",Cancellation & Refunds,High,Email,SMB
TKT-12509,"Hey team, Need immediate confirmation if enterprise tier complies with HIPAA SOC2 and GDPR requirements for contract signing Could you please verify this on your backend system?",Product Inquiries,High,Email,SMB
TKT-12510,"Hi there, Is it possible to customize the login screen with our corporate company logo Awaiting your guidance on how to resolve this.",Account Access,Low,Email,Enterprise
TKT-12511,Attention Support: Requesting payment receipt for the previous quarterly subscription cycle Let us know if you need any additional diagnostic logs or screenshots.,Billing & Payments,Medium,Web Portal,SMB
TKT-12512,"Hi, Currency conversion charge unexpectedly added to our USD billing statement [Server Instance: US-East-569] Appreciate your prompt attention to this matter.",Billing & Payments,Medium,In-App Chat,Enterprise
TKT-12513,Support request: Currency conversion charge unexpectedly added to our USD billing statement Could you please verify this on your backend system?,Billing & Payments,Medium,Web Portal,SMB
TKT-12514,"Hi there, What is your standard cancellation notice policy if we decide to pause next quarter [Client ID: #CLI-731] Please look into this and advise on next steps as soon as possible.",Cancellation & Refunds,Low,Web Portal,Enterprise
TKT-12515,"Hi there, Unauthorized upgrade charge applied to billing statement without admin approval Awaiting your guidance on how to resolve this.",Billing & Payments,High,Email,Enterprise
TKT-12516,"Hi, Two factor authentication SMS codes not arriving and recovery emergency codes failing Please look into this and advise on next steps as soon as possible.",Account Access,High,Web Portal,SMB
TKT-12517,Support request: Where can I download past PDF invoices from the billing management console Could you please verify this on your backend system?,Billing & Payments,Low,In-App Chat,SMB
TKT-12518,"Good morning, How to configure local development environment using Docker Compose file Awaiting your guidance on how to resolve this.",Technical Issues,Low,In-App Chat,Free Tier
TKT-12519,"Good morning, Documentation link in developer portal version 2.4 points to outdated 404 page Awaiting your guidance on how to resolve this.",Technical Issues,Low,Web Portal,SMB
TKT-12520,Regarding our account: Subscription auto-renewed without mandatory 30-day notice demanding immediate full refund and cancellation Awaiting your guidance on how to resolve this.,Cancellation & Refunds,High,In-App Chat,SMB
TKT-12521,Issue report: We wish to switch from annual prepayment to monthly billing cycle at the end of term [Workspace: WS-900] Let us know if you need any additional diagnostic logs or screenshots.,Cancellation & Refunds,Medium,In-App Chat,Enterprise
TKT-12522,"Hi, Cannot update primary email address in profile settings page throws permission denied error [Node: k8s-worker-370] Could you please verify this on your backend system?",Account Access,Medium,Web Portal,Enterprise
TKT-12523,Enterprise SAML SSO integration broken all company employees unable to sign in Let us know if you need any additional diagnostic logs or screenshots.,Account Access,High,Email,Enterprise
TKT-12524,Attention Support: Cancel subscription immediately and issue full refund of 2200 dollars as promised by sales rep within 24 hours [Server Instance: US-East-909] This is directly impacting our daily business operations.,Cancellation & Refunds,High,Web Portal,Enterprise
TKT-12525,Stripe subscription failed automatic renewal due to 3D Secure verification loop Thanks for your assistance.,Billing & Payments,High,Web Portal,Free Tier
TKT-12526,Urgent assistance requested: Google Workspace OAuth login throws redirect uri mismatch error on new domain [Account Ref: ACCT-540] Appreciate your prompt attention to this matter.,Account Access,Medium,Web Portal,SMB
TKT-12527,"Hi, How to configure local development environment using Docker Compose file [Node: k8s-worker-502] Let us know if you need any additional diagnostic logs or screenshots.",Technical Issues,Low,Web Portal,SMB
TKT-12528,Regarding our account: Where can I download past PDF invoices from the billing management console Please escalate if necessary.,Billing & Payments,Low,Web Portal,SMB
TKT-12529,Issue report: Requesting dark mode theme support for the desktop application client Our team has tried restarting but the issue persists.,Technical Issues,Low,In-App Chat,SMB
TKT-12530,"Hi, How to update billing email recipient list for monthly summary digests Our team has tried restarting but the issue persists.",Billing & Payments,Low,Email,SMB
TKT-12531,Issue report: Password reset email link never arrives in user inbox or spam junk folder Our team has tried restarting but the issue persists.,Account Access,Medium,Web Portal,Free Tier
TKT-12532,Unauthorized upgrade charge applied to billing statement without admin approval,Billing & Payments,High,Email,SMB
TKT-12533,"Dear Customer Care, Third party Zapier integration trigger not firing on new lead creation [Client ID: #CLI-126] Appreciate your prompt attention to this matter.",Technical Issues,Medium,In-App Chat,Free Tier
TKT-12534,"Hello support team, WebSocket connection randomly disconnects every 15 minutes on Firefox browser Please escalate if necessary.",Technical Issues,Medium,Email,SMB
TKT-12535,"Greetings, Password reset email link never arrives in user inbox or spam junk folder [Node: k8s-worker-233] Let us know if you need any additional diagnostic logs or screenshots.",Account Access,Medium,Web Portal,Free Tier
TKT-12536,Support request: Requesting payment receipt for the previous quarterly subscription cycle,Billing & Payments,Medium,In-App Chat,SMB
TKT-12537,"Good morning, WebSocket connection randomly disconnects every 15 minutes on Firefox browser",Technical Issues,Medium,Email,SMB
TKT-12538,"Good morning, Do you have a public product roadmap for upcoming Q4 feature releases Thanks for your assistance.",Product Inquiries,Low,Web Portal,Free Tier
TKT-12539,Regarding our account: Onboarding failed completely platform unusable cancel contract and refund all fees immediately Could you please verify this on your backend system?,Cancellation & Refunds,High,Web Portal,Free Tier
TKT-12540,"Hi there, Do you have a public product roadmap for upcoming Q4 feature releases Our team has tried restarting but the issue persists.",Product Inquiries,Low,In-App Chat,SMB
TKT-12541,"Greetings, Session timeout is too aggressive disconnecting users after only 5 minutes of inactivity [Account Ref: ACCT-225] Please look into this and advise on next steps as soon as possible.",Account Access,Medium,Web Portal,SMB
TKT-12542,"Dear Customer Care, Promotional discount code PROMO2024 was not applied during renewal checkout process [Server Instance: US-East-195] Could you please verify this on your backend system?",Billing & Payments,Medium,Email,SMB
TKT-12543,Help needed: CSV data export times out when file contains more than 10000 rows Appreciate your prompt attention to this matter.,Technical Issues,Medium,Web Portal,Enterprise
TKT-12544,Attention Support: Service uptime breached SLA contract below 95 percent demanding contract cancellation and full penalty refund Please look into this and advise on next steps as soon as possible.,Cancellation & Refunds,High,Web Portal,SMB
TKT-12545,"Hi there, Are there community webinars or office hours available for new platform users We need resolution before our end-of-day sprint deadline.",Product Inquiries,Low,Web Portal,Enterprise
TKT-12546,Urgent assistance requested: Can we pause our account for two months during our seasonal business hiatus,Cancellation & Refunds,Low,Email,Enterprise
TKT-12547,"Dear Customer Care, Requesting detailed itemized breakdown for usage-based API bandwidth overages last month [Server Instance: US-East-775] Could you please verify this on your backend system?",Billing & Payments,Medium,Web Portal,SMB
TKT-12548,Support request: Google Workspace OAuth login throws redirect uri mismatch error on new domain Please escalate if necessary.,Account Access,Medium,Email,Free Tier
TKT-12549,Urgent assistance requested: Will our annual subscription automatically renew at the end of this billing cycle Appreciate your prompt attention to this matter.,Billing & Payments,Low,Web Portal,Free Tier
TKT-12550,"Greetings, Webhook delivery engine completely stalled queue depth exceeding 500000 events [Account Ref: ACCT-859] Thanks for your assistance.",Technical Issues,High,Email,SMB
TKT-12551,"Hi there, Customer requesting partial refund for 10 unused seat licenses from previous quarter We need resolution before our end-of-day sprint deadline.",Cancellation & Refunds,Medium,Web Portal,SMB
TKT-12552,"Hi, Need to update company billing address and official legal entity name on future receipts Thanks for your assistance.",Billing & Payments,Medium,Email,SMB
TKT-12553,Where can I find video walkthrough tutorials for onboarding new engineering staff [Server Instance: US-East-130] Appreciate your prompt attention to this matter.,Product Inquiries,Low,Web Portal,SMB
TKT-12554,"Dear Customer Care, Need a formal proforma invoice before finance department can release wire payment [Node: k8s-worker-229] We need resolution before our end-of-day sprint deadline.",Billing & Payments,Medium,Web Portal,Free Tier
TKT-12555,"Hey team, Do you have a public product roadmap for upcoming Q4 feature releases [Client ID: #CLI-456] Awaiting your guidance on how to resolve this.",Product Inquiries,Low,Email,Free Tier
TKT-12556,"Hi, Is there native integration support for Snowflake data warehouse and dbt models [Node: k8s-worker-928]",Product Inquiries,Medium,Web Portal,SMB
TKT-12557,"Hey team, How to change default payment method from corporate Amex to ACH direct debit [Node: k8s-worker-387] Our team has tried restarting but the issue persists.",Billing & Payments,Medium,In-App Chat,Free Tier
TKT-12558,"Hi there, PDF report generation outputting blank pages for charts with dark mode themes Please escalate if necessary.",Technical Issues,Medium,Web Portal,SMB
TKT-12559,"Hey team, How many concurrent API requests are permitted on the standard developer tier plan Our team has tried restarting but the issue persists.",Product Inquiries,Medium,Email,Free Tier
TKT-12560,Attention Support: What is the maximum hard API rate limit per second before enterprise contract deployment tonight Awaiting your guidance on how to resolve this.,Product Inquiries,High,Email,SMB
TKT-12561,Critical: tax invoice missing mandatory VAT GST identification number audit deadline today Appreciate your prompt attention to this matter.,Billing & Payments,High,Web Portal,SMB
TKT-12562,Attention Support: API response payload missing custom header metadata in staging environment [Workspace: WS-482] Let us know if you need any additional diagnostic logs or screenshots.,Technical Issues,Medium,Email,Enterprise
TKT-12563,Help needed: Documentation link in developer portal version 2.4 points to outdated 404 page Our team has tried restarting but the issue persists.,Technical Issues,Low,Web Portal,Free Tier
TKT-12564,"Hey team, Google Workspace OAuth login throws redirect uri mismatch error on new domain Please escalate if necessary.",Account Access,Medium,Web Portal,Enterprise
TKT-12565,Urgent assistance requested: Two factor authentication SMS codes not arriving and recovery emergency codes failing [Server Instance: US-East-928] Let us know if you need any additional diagnostic logs or screenshots.,Account Access,High,Email,SMB
TKT-12566,Attention Support: Stripe subscription failed automatic renewal due to 3D Secure verification loop Our team has tried restarting but the issue persists.,Billing & Payments,High,Web Portal,Enterprise
TKT-12567,"Good morning, What are the architectural differences between Business and Enterprise subscription plans",Product Inquiries,Medium,Email,SMB
TKT-12568,Regarding our account: Requesting detailed itemized breakdown for usage-based API bandwidth overages last month [Workspace: WS-804] Appreciate your prompt attention to this matter.,Billing & Payments,Medium,Email,Enterprise
TKT-12569,Issue report: Dashboard analytics graphs taking over 25 seconds to render on web portal [Account Ref: ACCT-914] Appreciate your prompt attention to this matter.,Technical Issues,Medium,Web Portal,SMB
TKT-12570,"Good morning, Need to revoke workspace access for former employee and reassign ownership of dashboards [Workspace: WS-716] Thanks for your assistance.",Account Access,Medium,Email,SMB
TKT-12571,"Hi, Where can I find video walkthrough tutorials for onboarding new engineering staff [Workspace: WS-833] We need resolution before our end-of-day sprint deadline.",Product Inquiries,Low,Email,SMB
TKT-12572,Regarding our account: How many concurrent API requests are permitted on the standard developer tier plan [Node: k8s-worker-531],Product Inquiries,Medium,Web Portal,SMB
TKT-12573,Regarding our account: Okta single sign-on redirect loop preventing executive team from accessing platform [Workspace: WS-302] Let us know if you need any additional diagnostic logs or screenshots.,Account Access,High,In-App Chat,Enterprise
TKT-12574,"Hello support team, Where can I find video walkthrough tutorials for onboarding new engineering staff Awaiting your guidance on how to resolve this.",Product Inquiries,Low,In-App Chat,Enterprise
TKT-12575,Attention Support: Need to revoke workspace access for former employee and reassign ownership of dashboards [Server Instance: US-East-715] Please look into this and advise on next steps as soon as possible.,Account Access,Medium,Web Portal,Enterprise
TKT-12576,"Greetings, Need to revoke workspace access for former employee and reassign ownership of dashboards [Client ID: #CLI-391] Let us know if you need any additional diagnostic logs or screenshots.",Account Access,Medium,Web Portal,SMB
TKT-12577,Support request: Is there a free trial period available for testing the advanced analytics add-on module Please escalate if necessary.,Product Inquiries,Low,In-App Chat,SMB
TKT-12578,"Hey team, Can we pause our account for two months during our seasonal business hiatus Our team has tried restarting but the issue persists.",Cancellation & Refunds,Low,Web Portal,Enterprise
TKT-12579,"Hello support team, Currency conversion charge unexpectedly added to our USD billing statement Thanks for your assistance.",Billing & Payments,Medium,Email,SMB
TKT-12580,Urgent assistance requested: What are the architectural differences between Business and Enterprise subscription plans [Environment: Production-197],Product Inquiries,Medium,Web Portal,Free Tier
TKT-12581,Issue report: What is the billing cycle date for recurring monthly addon licenses [Workspace: WS-509] Could you please verify this on your backend system?,Billing & Payments,Low,Web Portal,Free Tier
TKT-12582,"Hi, Critical PostgreSQL database connection pool exhausted all client requests failing with 500 Appreciate your prompt attention to this matter.",Technical Issues,High,Web Portal,SMB
TKT-12583,Attention Support: What are the architectural differences between Business and Enterprise subscription plans Could you please verify this on your backend system?,Product Inquiries,Medium,In-App Chat,SMB
TKT-12584,Help needed: How to change email notification preferences for weekly activity digests,Account Access,Low,Web Portal,SMB
TKT-12585,What is your standard cancellation notice policy if we decide to pause next quarter Appreciate your prompt attention to this matter.,Cancellation & Refunds,Low,In-App Chat,Free Tier
TKT-12586,"Hello support team, Documentation link in developer portal version 2.4 points to outdated 404 page [Client ID: #CLI-242] We need resolution before our end-of-day sprint deadline.",Technical Issues,Low,Web Portal,Free Tier
TKT-12587,Urgent assistance requested: Promotional discount code PROMO2024 was not applied during renewal checkout process [Client ID: #CLI-295] Let us know if you need any additional diagnostic logs or screenshots.,Billing & Payments,Medium,Email,SMB
TKT-12588,Is there an official public RSS feed for platform uptime and release changelogs Thanks for your assistance.,Technical Issues,Low,Email,Enterprise
TKT-12589,Is there native integration support for Snowflake data warehouse and dbt models [Client ID: #CLI-213] This is directly impacting our daily business operations.,Product Inquiries,Medium,Web Portal,Enterprise
TKT-12590,"Hey team, Is there a free trial period available for testing the advanced analytics add-on module [Node: k8s-worker-727] Please look into this and advise on next steps as soon as possible.",Product Inquiries,Low,Email,SMB
TKT-12591,"Hey team, PDF report generation outputting blank pages for charts with dark mode themes Our team has tried restarting but the issue persists.",Technical Issues,Medium,Web Portal,Enterprise
TKT-12592,Help needed: Requesting step by step instructions for configuring Microsoft Authenticator app [Server Instance: US-East-871] Please look into this and advise on next steps as soon as possible.,Account Access,Low,Web Portal,Enterprise
TKT-12593,Requesting step by step instructions for configuring Microsoft Authenticator app Let us know if you need any additional diagnostic logs or screenshots.,Account Access,Low,Email,Free Tier
TKT-12594,Help needed: API response payload missing custom header metadata in staging environment,Technical Issues,Medium,Web Portal,SMB
TKT-12595,Urgent assistance requested: If we cancel our subscription do we retain read-only access to historical dashboard data [Workspace: WS-884] Awaiting your guidance on how to resolve this.,Cancellation & Refunds,Low,Web Portal,Enterprise
TKT-12596,Issue report: Monthly invoice receipt not being sent to our accounts payable finance email address Please look into this and advise on next steps as soon as possible.,Billing & Payments,Medium,Email,Free Tier
TKT-12597,Support request: Please cancel our monthly recurring addon package before the next billing cycle renews,Cancellation & Refunds,Medium,Email,SMB
TKT-12598,Issue report: Integration with Jira webhook failing with 401 unauthorized after token rotation [Environment: Production-161] Please look into this and advise on next steps as soon as possible.,Technical Issues,Medium,Email,SMB
TKT-12599,"Hello support team, Integration with Jira webhook failing with 401 unauthorized after token rotation [Environment: Production-292]",Technical Issues,Medium,Web Portal,Free Tier
TKT-12600,"Hi there, Inquiry regarding non-profit and educational discount pricing eligibility [Account Ref: ACCT-879] Appreciate your prompt attention to this matter.",Billing & Payments,Low,Email,Enterprise
TKT-12601,"Hi, Requesting step by step instructions for configuring Microsoft Authenticator app Appreciate your prompt attention to this matter.",Account Access,Low,Web Portal,Free Tier
TKT-12602,Issue report: Security incident: multiple unauthorized API requests detected bypassing rate limiter Awaiting your guidance on how to resolve this.,Technical Issues,High,In-App Chat,Free Tier
TKT-12603,"Hi there, Please confirm that auto-renewal is disabled for our upcoming annual contract renewal [Workspace: WS-494] Our team has tried restarting but the issue persists.",Cancellation & Refunds,Medium,In-App Chat,Free Tier
TKT-12604,What native database connectors are supported for the real-time analytics pipeline Please escalate if necessary.,Product Inquiries,Medium,Web Portal,Free Tier
TKT-12605,"Good morning, Currency conversion charge unexpectedly added to our USD billing statement [Server Instance: US-East-802] Please look into this and advise on next steps as soon as possible.",Billing & Payments,Medium,Web Portal,SMB
TKT-12606,Critical: tax invoice missing mandatory VAT GST identification number audit deadline today Please escalate if necessary.,Billing & Payments,High,In-App Chat,SMB
TKT-12607,Help needed: Suspected account breach: unauthorized password reset email and unknown IP login detected Please look into this and advise on next steps as soon as possible.,Account Access,High,Web Portal,Enterprise
TKT-12608,"Hello support team, Suspected account breach: unauthorized password reset email and unknown IP login detected [Client ID: #CLI-587] Awaiting your guidance on how to resolve this.",Account Access,High,In-App Chat,Enterprise
TKT-12609,Help needed: Critical zero-day vulnerability patch required immediately on customer ingress controller [Account Ref: ACCT-186] Appreciate your prompt attention to this matter.,Technical Issues,High,Web Portal,SMB
TKT-12610,Attention Support: Can we configure custom HTTP authorization headers on outgoing webhook payloads [Account Ref: ACCT-541] We need resolution before our end-of-day sprint deadline.,Product Inquiries,Medium,Web Portal,Enterprise
TKT-12611,"Hello support team, How to update billing email recipient list for monthly summary digests [Client ID: #CLI-150] Awaiting your guidance on how to resolve this.",Billing & Payments,Low,Web Portal,SMB
TKT-12612,Issue report: Currency conversion charge unexpectedly added to our USD billing statement [Server Instance: US-East-512] Let us know if you need any additional diagnostic logs or screenshots.,Billing & Payments,Medium,Web Portal,Enterprise
TKT-12613,"Greetings, Does the platform support automated CSV export via scheduled SFTP server connector Could you please verify this on your backend system?",Product Inquiries,Medium,Email,Enterprise
TKT-12614,"Hi, Onboarding failed completely platform unusable cancel contract and refund all fees immediately [Client ID: #CLI-761] Let us know if you need any additional diagnostic logs or screenshots.",Cancellation & Refunds,High,In-App Chat,Free Tier
TKT-12615,"Hi there, Please cancel our monthly recurring addon package before the next billing cycle renews [Client ID: #CLI-689] We need resolution before our end-of-day sprint deadline.",Cancellation & Refunds,Medium,Email,SMB
TKT-12616,"Good morning, Spelling typo noticed in confirmation tooltip under advanced security settings Please escalate if necessary.",Technical Issues,Low,Web Portal,SMB
TKT-12617,Attention Support: Invited team member receives invalid invitation token error when clicking registration link [Node: k8s-worker-943] Let us know if you need any additional diagnostic logs or screenshots.,Account Access,Medium,Email,Enterprise
TKT-12618,"Hey team, Session timeout is too aggressive disconnecting users after only 5 minutes of inactivity [Server Instance: US-East-455] Awaiting your guidance on how to resolve this.",Account Access,Medium,In-App Chat,SMB
TKT-12619,Issue report: Subscription auto-renewed without mandatory 30-day notice demanding immediate full refund and cancellation [Client ID: #CLI-196] Please escalate if necessary.,Cancellation & Refunds,High,Web Portal,Enterprise
TKT-12620,"Hi, WebSocket connection randomly disconnects every 15 minutes on Firefox browser Please escalate if necessary.",Technical Issues,Medium,Email,Enterprise
TKT-12621,Can our enterprise pay via annual purchase order and bank check instead of credit card [Node: k8s-worker-171] We need resolution before our end-of-day sprint deadline.,Billing & Payments,Low,Email,SMB
TKT-12622,"Dear Customer Care, Requesting detailed itemized breakdown for usage-based API bandwidth overages last month Appreciate your prompt attention to this matter.",Billing & Payments,Medium,Web Portal,SMB
TKT-12623,"Hello support team, Can we configure custom HTTP authorization headers on outgoing webhook payloads Our team has tried restarting but the issue persists.",Product Inquiries,Medium,Web Portal,Enterprise
TKT-12624,"Dear Customer Care, What are the architectural differences between Business and Enterprise subscription plans",Product Inquiries,Medium,Web Portal,Enterprise
TKT-12625,"Greetings, Minor CSS alignment glitch on navigation bar when screen width is below 1200px Appreciate your prompt attention to this matter.",Technical Issues,Low,Web Portal,SMB
TKT-12626,Is there a free trial period available for testing the advanced analytics add-on module This is directly impacting our daily business operations.,Product Inquiries,Low,Web Portal,Enterprise
TKT-12627,"Hey team, CSV data export times out when file contains more than 10000 rows Appreciate your prompt attention to this matter.",Technical Issues,Medium,Web Portal,SMB
TKT-12628,"Hi, How to update billing email recipient list for monthly summary digests Could you please verify this on your backend system?",Billing & Payments,Low,Web Portal,SMB
TKT-12629,Urgent assistance requested: Enterprise SAML SSO integration broken all company employees unable to sign in [Workspace: WS-408] Awaiting your guidance on how to resolve this.,Account Access,High,Email,SMB
TKT-12630,Urgent assistance requested: Session timeout is too aggressive disconnecting users after only 5 minutes of inactivity Thanks for your assistance.,Account Access,Medium,Web Portal,SMB
TKT-12631,"Hi there, Requesting payment receipt for the previous quarterly subscription cycle Could you please verify this on your backend system?",Billing & Payments,Medium,Web Portal,Enterprise
TKT-12632,"Dear Customer Care, Production Kubernetes cluster pods crashing in CrashLoopBackOff with OOMKilled errors Let us know if you need any additional diagnostic logs or screenshots.",Technical Issues,High,Web Portal,SMB
TKT-12633,Urgent assistance requested: Urgent pre-sales technical requirement: does your SDK support Python 3.12 in high throughput production [Account Ref: ACCT-858] Awaiting your guidance on how to resolve this.,Product Inquiries,High,In-App Chat,SMB
TKT-12634,Attention Support: What happens to our stored data and uploaded files after account closure [Client ID: #CLI-298] Appreciate your prompt attention to this matter.,Cancellation & Refunds,Low,Email,Enterprise
TKT-12635,Support request: SSL TLS certificate expired on production load balancer customers seeing security warning Please look into this and advise on next steps as soon as possible.,Technical Issues,High,Email,SMB
TKT-12636,Support request: Is there native integration support for Snowflake data warehouse and dbt models Thanks for your assistance.,Product Inquiries,Medium,Email,Enterprise
TKT-12637,"Hi, GraphQL mutation returns intermittent schema validation error on batch updates [Node: k8s-worker-457] Our team has tried restarting but the issue persists.",Technical Issues,Medium,Web Portal,SMB
TKT-12638,Attention Support: Data residency question: can our customer database be hosted exclusively in Frankfurt EU region Please escalate if necessary.,Product Inquiries,High,Web Portal,Free Tier
TKT-12639,"Hey team, Spelling typo noticed in confirmation tooltip under advanced security settings [Account Ref: ACCT-818] We need resolution before our end-of-day sprint deadline.",Technical Issues,Low,In-App Chat,Enterprise
TKT-12640,Need a formal proforma invoice before finance department can release wire payment [Environment: Production-680] Please escalate if necessary.,Billing & Payments,Medium,Email,SMB
TKT-12641,Regarding our account: Is it possible to customize the login screen with our corporate company logo [Client ID: #CLI-610] Appreciate your prompt attention to this matter.,Account Access,Low,Web Portal,Free Tier
TKT-12642,"Hey team, Where is the account cancellation button located inside the workspace settings panel Please escalate if necessary.",Cancellation & Refunds,Low,Web Portal,SMB
TKT-12643,"Hey team, Account erroneously suspended for non-payment despite valid wire transfer confirmation number [Workspace: WS-115] Awaiting your guidance on how to resolve this.",Billing & Payments,High,In-App Chat,Enterprise
TKT-12644,"Hello support team, Invited team member receives invalid invitation token error when clicking registration link [Account Ref: ACCT-226] We need resolution before our end-of-day sprint deadline.",Account Access,Medium,Web Portal,Free Tier
TKT-12645,Help needed: What are the architectural differences between Business and Enterprise subscription plans [Workspace: WS-776] Could you please verify this on your backend system?,Product Inquiries,Medium,Web Portal,Enterprise
TKT-12646,"Hello support team, Need to update company billing address and official legal entity name on future receipts [Workspace: WS-904] Could you please verify this on your backend system?",Billing & Payments,Medium,Email,Free Tier
TKT-12647,"Hi, Is it possible to customize the login screen with our corporate company logo",Account Access,Low,Email,SMB
TKT-12648,"Dear Customer Care, How many concurrent API requests are permitted on the standard developer tier plan Please look into this and advise on next steps as soon as possible.",Product Inquiries,Medium,In-App Chat,Enterprise
TKT-12649,Issue report: Feature request: support custom hex color codes in dashboard theme settings We need resolution before our end-of-day sprint deadline.,Technical Issues,Low,Email,Free Tier
TKT-12650,"Hey team, Cancel subscription immediately and issue full refund of 2200 dollars as promised by sales rep within 24 hours [Workspace: WS-354] We need resolution before our end-of-day sprint deadline.",Cancellation & Refunds,High,Email,SMB
TKT-12651,Support request: Is it possible to customize the login screen with our corporate company logo,Account Access,Low,Web Portal,SMB
TKT-12652,"Hi there, Primary administrator deleted by mistake restore account privileges and access immediately Could you please verify this on your backend system?",Account Access,High,Email,SMB
TKT-12653,"Hey team, Please confirm that auto-renewal is disabled for our upcoming annual contract renewal Our team has tried restarting but the issue persists.",Cancellation & Refunds,Medium,Web Portal,SMB
TKT-12654,Regarding our account: Is there an official public RSS feed for platform uptime and release changelogs [Server Instance: US-East-356] Please escalate if necessary.,Technical Issues,Low,Web Portal,SMB
TKT-12655,Attention Support: Cannot update primary email address in profile settings page throws permission denied error [Workspace: WS-187] Thanks for your assistance.,Account Access,Medium,Web Portal,SMB
TKT-12656,"Greetings, Need to revoke workspace access for former employee and reassign ownership of dashboards",Account Access,Medium,In-App Chat,SMB
TKT-12657,Attention Support: Requesting detailed itemized breakdown for usage-based API bandwidth overages last month [Account Ref: ACCT-552] Let us know if you need any additional diagnostic logs or screenshots.,Billing & Payments,Medium,Web Portal,Free Tier
TKT-12658,"Hi, Stripe subscription failed automatic renewal due to 3D Secure verification loop",Billing & Payments,High,Web Portal,SMB
TKT-12659,Urgent assistance requested: Requesting payment receipt for the previous quarterly subscription cycle Let us know if you need any additional diagnostic logs or screenshots.,Billing & Payments,Medium,Web Portal,Enterprise
TKT-12660,Help needed: What is the maximum hard API rate limit per second before enterprise contract deployment tonight This is directly impacting our daily business operations.,Product Inquiries,High,In-App Chat,Enterprise
TKT-12661,Regarding our account: What are the architectural differences between Business and Enterprise subscription plans [Server Instance: US-East-729] Let us know if you need any additional diagnostic logs or screenshots.,Product Inquiries,Medium,Email,Enterprise
TKT-12662,Regarding our account: Security incident: multiple unauthorized API requests detected bypassing rate limiter We need resolution before our end-of-day sprint deadline.,Technical Issues,High,Web Portal,SMB
TKT-12663,"Dear Customer Care, Need a formal proforma invoice before finance department can release wire payment Please escalate if necessary.",Billing & Payments,Medium,Email,SMB
TKT-12664,"Hey team, Google Workspace OAuth login throws redirect uri mismatch error on new domain This is directly impacting our daily business operations.",Account Access,Medium,Web Portal,SMB
TKT-12665,"Dear Customer Care, What is the maximum hard API rate limit per second before enterprise contract deployment tonight Let us know if you need any additional diagnostic logs or screenshots.",Product Inquiries,High,Web Portal,SMB
TKT-12666,Regarding our account: Where can I find sample Postman collections for testing v3 webhook endpoints Thanks for your assistance.,Technical Issues,Low,In-App Chat,Enterprise
TKT-12667,"Hi there, Dashboard analytics graphs taking over 25 seconds to render on web portal [Node: k8s-worker-209] This is directly impacting our daily business operations.",Technical Issues,Medium,Email,Enterprise
TKT-12668,"Greetings, Need to revoke workspace access for former employee and reassign ownership of dashboards Please look into this and advise on next steps as soon as possible.",Account Access,Medium,Web Portal,Enterprise
TKT-12669,Issue report: What are the architectural differences between Business and Enterprise subscription plans Please escalate if necessary.,Product Inquiries,Medium,Email,Free Tier
TKT-12670,Issue report: Is there native integration support for Snowflake data warehouse and dbt models This is directly impacting our daily business operations.,Product Inquiries,Medium,Web Portal,SMB
TKT-12671,"Hi, Account erroneously suspended for non-payment despite valid wire transfer confirmation number [Node: k8s-worker-755] Awaiting your guidance on how to resolve this.",Billing & Payments,High,In-App Chat,Enterprise
TKT-12672,"Hey team, Primary REST API endpoint returning 503 Service Unavailable outage affecting all EU users [Client ID: #CLI-924]",Technical Issues,High,Email,SMB
TKT-12673,"Greetings, Requesting payment receipt for the previous quarterly subscription cycle [Client ID: #CLI-256] We need resolution before our end-of-day sprint deadline.",Billing & Payments,Medium,Web Portal,SMB
TKT-12674,"Hi there, Browser tab favicon disappears when navigating between analytics workspaces [Server Instance: US-East-206] Thanks for your assistance.",Technical Issues,Low,Web Portal,Free Tier
TKT-12675,"Hello support team, Where can I find sample Postman collections for testing v3 webhook endpoints Thanks for your assistance.",Technical Issues,Low,Web Portal,Enterprise
TKT-12676,"Hi there, Is there a free trial period available for testing the advanced analytics add-on module Could you please verify this on your backend system?",Product Inquiries,Low,Web Portal,SMB
TKT-12677,Can one user account belong to multiple independent organizational workspaces We need resolution before our end-of-day sprint deadline.,Account Access,Low,Web Portal,SMB
TKT-12678,Monthly invoice receipt not being sent to our accounts payable finance email address Please escalate if necessary.,Billing & Payments,Medium,In-App Chat,Enterprise
TKT-12679,"Hi there, API response payload missing custom header metadata in staging environment [Client ID: #CLI-289] Let us know if you need any additional diagnostic logs or screenshots.",Technical Issues,Medium,Email,Enterprise
TKT-12680,Requesting formal price quote for adding 8 additional team seats next quarter [Account Ref: ACCT-859],Billing & Payments,Low,Web Portal,SMB
TKT-12681,"Hi, Is there native integration support for Snowflake data warehouse and dbt models We need resolution before our end-of-day sprint deadline.",Product Inquiries,Medium,In-App Chat,SMB
TKT-12682,"Hey team, Monthly invoice receipt not being sent to our accounts payable finance email address [Account Ref: ACCT-604]",Billing & Payments,Medium,Email,SMB
TKT-12683,Support request: Can we configure custom HTTP authorization headers on outgoing webhook payloads Could you please verify this on your backend system?,Product Inquiries,Medium,Web Portal,Enterprise
TKT-12684,Help needed: Critical PostgreSQL database connection pool exhausted all client requests failing with 500 Let us know if you need any additional diagnostic logs or screenshots.,Technical Issues,High,In-App Chat,SMB
TKT-12685,"Hello support team, Cannot update primary email address in profile settings page throws permission denied error Could you please verify this on your backend system?",Account Access,Medium,Email,SMB
TKT-12686,Attention Support: How many concurrent API requests are permitted on the standard developer tier plan This is directly impacting our daily business operations.,Product Inquiries,Medium,In-App Chat,SMB
TKT-12687,Support request: Dashboard analytics graphs taking over 25 seconds to render on web portal,Technical Issues,Medium,Email,Enterprise
TKT-12688,Help needed: Google Workspace OAuth login throws redirect uri mismatch error on new domain This is directly impacting our daily business operations.,Account Access,Medium,Web Portal,Free Tier
TKT-12689,"Dear Customer Care, Where is the setting to enable mandatory two factor authentication for all team members Awaiting your guidance on how to resolve this.",Account Access,Low,Email,SMB
TKT-12690,"Hey team, Requesting payment receipt for the previous quarterly subscription cycle This is directly impacting our daily business operations.",Billing & Payments,Medium,In-App Chat,Enterprise
TKT-12691,"Hi, Do you have a public product roadmap for upcoming Q4 feature releases [Node: k8s-worker-637] Thanks for your assistance.",Product Inquiries,Low,Email,Free Tier
TKT-12692,"Hi, What is the billing cycle date for recurring monthly addon licenses [Server Instance: US-East-460] Please look into this and advise on next steps as soon as possible.",Billing & Payments,Low,Email,Enterprise
TKT-12693,Issue report: We wish to switch from annual prepayment to monthly billing cycle at the end of term [Node: k8s-worker-979] Please escalate if necessary.,Cancellation & Refunds,Medium,Web Portal,SMB
TKT-12694,"Hey team, WebSocket connection randomly disconnects every 15 minutes on Firefox browser [Environment: Production-169]",Technical Issues,Medium,Email,Enterprise
TKT-12695,Attention Support: Automated cron job failed to execute database backup backup disk volume full Awaiting your guidance on how to resolve this.,Technical Issues,High,Web Portal,SMB
TKT-12696,"Greetings, Where can I find video walkthrough tutorials for onboarding new engineering staff Thanks for your assistance.",Product Inquiries,Low,Email,Enterprise
TKT-12697,"Hey team, Where is the account cancellation button located inside the workspace settings panel Our team has tried restarting but the issue persists.",Cancellation & Refunds,Low,Email,SMB
TKT-12698,"Greetings, Where is the account cancellation button located inside the workspace settings panel Appreciate your prompt attention to this matter.",Cancellation & Refunds,Low,Web Portal,SMB
TKT-12699,"Hi there, PDF report generation outputting blank pages for charts with dark mode themes [Node: k8s-worker-262] This is directly impacting our daily business operations.",Technical Issues,Medium,Web Portal,Enterprise
TKT-12700,"Hi there, Severe memory leak in backend microservice causing Redis node failovers [Node: k8s-worker-587]",Technical Issues,High,Email,Free Tier
TKT-12701,Regarding our account: Customer requesting partial refund for 10 unused seat licenses from previous quarter We need resolution before our end-of-day sprint deadline.,Cancellation & Refunds,Medium,Email,Free Tier
TKT-12702,"Hi there, How to configure local development environment using Docker Compose file Our team has tried restarting but the issue persists.",Technical Issues,Low,Email,Enterprise
TKT-12703,Regarding our account: Can you share recommended best practices for structuring multi-team workspaces Let us know if you need any additional diagnostic logs or screenshots.,Product Inquiries,Low,Web Portal,Enterprise
TKT-12704,"Greetings, Dashboard analytics graphs taking over 25 seconds to render on web portal [Node: k8s-worker-174] Could you please verify this on your backend system?",Technical Issues,Medium,Email,SMB
TKT-12705,Regarding our account: Where can I find sample Postman collections for testing v3 webhook endpoints Appreciate your prompt attention to this matter.,Technical Issues,Low,Web Portal,Enterprise
TKT-12706,"Dear Customer Care, Need to update company billing address and official legal entity name on future receipts [Environment: Production-486] Appreciate your prompt attention to this matter.",Billing & Payments,Medium,Web Portal,Enterprise
TKT-12707,Support request: Feature request: support custom hex color codes in dashboard theme settings Please escalate if necessary.,Technical Issues,Low,In-App Chat,SMB
TKT-12708,"Hey team, How to change default payment method from corporate Amex to ACH direct debit Awaiting your guidance on how to resolve this.",Billing & Payments,Medium,Email,SMB
TKT-12709,"Good morning, Customer requesting partial refund for 10 unused seat licenses from previous quarter We need resolution before our end-of-day sprint deadline.",Cancellation & Refunds,Medium,Web Portal,SMB
TKT-12710,Can we pause our account for two months during our seasonal business hiatus Thanks for your assistance.,Cancellation & Refunds,Low,Web Portal,SMB
TKT-12711,"Hi there, How to change default payment method from corporate Amex to ACH direct debit [Node: k8s-worker-198] Please escalate if necessary.",Billing & Payments,Medium,Email,Free Tier
TKT-12712,"Hello support team, Where can I find video walkthrough tutorials for onboarding new engineering staff Our team has tried restarting but the issue persists.",Product Inquiries,Low,Web Portal,Free Tier
TKT-12713,Urgent assistance requested: Need immediate confirmation if enterprise tier complies with HIPAA SOC2 and GDPR requirements for contract signing Our team has tried restarting but the issue persists.,Product Inquiries,High,Email,SMB
TKT-12714,"Good morning, Requesting payment receipt for the previous quarterly subscription cycle We need resolution before our end-of-day sprint deadline.",Billing & Payments,Medium,Email,Enterprise
TKT-12715,"Hi, GraphQL mutation returns intermittent schema validation error on batch updates Appreciate your prompt attention to this matter.",Technical Issues,Medium,Email,Free Tier
TKT-12716,Attention Support: What native database connectors are supported for the real-time analytics pipeline,Product Inquiries,Medium,Email,Enterprise
TKT-12717,"Greetings, Promotional discount code PROMO2024 was not applied during renewal checkout process [Account Ref: ACCT-405] Please look into this and advise on next steps as soon as possible.",Billing & Payments,Medium,Web Portal,SMB
TKT-12718,"Hi there, What are the architectural differences between Business and Enterprise subscription plans [Account Ref: ACCT-653] Awaiting your guidance on how to resolve this.",Product Inquiries,Medium,Web Portal,Free Tier
TKT-12719,"Hello support team, Can we configure custom HTTP authorization headers on outgoing webhook payloads We need resolution before our end-of-day sprint deadline.",Product Inquiries,Medium,Web Portal,SMB
TKT-12720,Enterprise SAML SSO integration broken all company employees unable to sign in Could you please verify this on your backend system?,Account Access,High,Web Portal,Free Tier
TKT-12721,"Hi there, Where is the setting to enable mandatory two factor authentication for all team members Our team has tried restarting but the issue persists.",Account Access,Low,Email,Free Tier
TKT-12722,"Hi, Documentation link in developer portal version 2.4 points to outdated 404 page [Account Ref: ACCT-725] Please escalate if necessary.",Technical Issues,Low,Web Portal,SMB
TKT-12723,Attention Support: Monthly invoice receipt not being sent to our accounts payable finance email address [Node: k8s-worker-213] Please escalate if necessary.,Billing & Payments,Medium,In-App Chat,Free Tier
TKT-12724,Urgent assistance requested: Need to update company billing address and official legal entity name on future receipts [Workspace: WS-883] Let us know if you need any additional diagnostic logs or screenshots.,Billing & Payments,Medium,Email,SMB
TKT-12725,"Dear Customer Care, Cancel subscription immediately and issue full refund of 2200 dollars as promised by sales rep within 24 hours We need resolution before our end-of-day sprint deadline.",Cancellation & Refunds,High,Email,SMB
TKT-12726,Regarding our account: Search query indexing delayed by 40 minutes in elasticsearch cluster,Technical Issues,Medium,Email,SMB
TKT-12727,"Good morning, Need to update company billing address and official legal entity name on future receipts [Account Ref: ACCT-724] Awaiting your guidance on how to resolve this.",Billing & Payments,Medium,Web Portal,Enterprise
TKT-12728,Urgent assistance requested: Corporate credit card charged twice for annual enterprise plan total 4800 dollars reverse charge immediately Please look into this and advise on next steps as soon as possible.,Billing & Payments,High,Email,SMB
TKT-12729,Issue report: Please confirm that auto-renewal is disabled for our upcoming annual contract renewal Please escalate if necessary.,Cancellation & Refunds,Medium,In-App Chat,SMB
TKT-12730,Help needed: Requesting step by step instructions for configuring Microsoft Authenticator app [Client ID: #CLI-206] Our team has tried restarting but the issue persists.,Account Access,Low,Email,Enterprise
TKT-12731,Help needed: Is there a free trial period available for testing the advanced analytics add-on module [Workspace: WS-541] Thanks for your assistance.,Product Inquiries,Low,Email,SMB
TKT-12732,"Hey team, How to change email notification preferences for weekly activity digests [Client ID: #CLI-126] We need resolution before our end-of-day sprint deadline.",Account Access,Low,Web Portal,SMB
TKT-12733,Support request: Okta single sign-on redirect loop preventing executive team from accessing platform This is directly impacting our daily business operations.,Account Access,High,Web Portal,SMB
TKT-12734,Issue report: What native database connectors are supported for the real-time analytics pipeline Let us know if you need any additional diagnostic logs or screenshots.,Product Inquiries,Medium,Web Portal,Free Tier
TKT-12735,Help needed: CSV data export times out when file contains more than 10000 rows Please look into this and advise on next steps as soon as possible.,Technical Issues,Medium,Email,SMB
TKT-12736,Urgent assistance requested: If we cancel our subscription do we retain read-only access to historical dashboard data [Client ID: #CLI-343] We need resolution before our end-of-day sprint deadline.,Cancellation & Refunds,Low,Email,Enterprise
TKT-12737,"Hi there, Integration with Jira webhook failing with 401 unauthorized after token rotation [Environment: Production-865] Please escalate if necessary.",Technical Issues,Medium,Web Portal,SMB
TKT-12738,"Greetings, Two factor authentication SMS codes not arriving and recovery emergency codes failing This is directly impacting our daily business operations.",Account Access,High,Email,Enterprise
TKT-12739,Need to update company billing address and official legal entity name on future receipts We need resolution before our end-of-day sprint deadline.,Billing & Payments,Medium,Web Portal,SMB
TKT-12740,"Hello support team, CSV data export times out when file contains more than 10000 rows Our team has tried restarting but the issue persists.",Technical Issues,Medium,Email,Free Tier
TKT-12741,"Hello support team, Monthly invoice receipt not being sent to our accounts payable finance email address [Node: k8s-worker-350] Appreciate your prompt attention to this matter.",Billing & Payments,Medium,Email,Free Tier
TKT-12742,"Hi there, Is there native integration support for Snowflake data warehouse and dbt models [Workspace: WS-656]",Product Inquiries,Medium,Web Portal,SMB
TKT-12743,Help needed: Integration with Jira webhook failing with 401 unauthorized after token rotation Appreciate your prompt attention to this matter.,Technical Issues,Medium,Email,Free Tier
TKT-12744,Help needed: How to change default payment method from corporate Amex to ACH direct debit Could you please verify this on your backend system?,Billing & Payments,Medium,Web Portal,Free Tier
TKT-12745,"Hey team, Third party Zapier integration trigger not firing on new lead creation [Workspace: WS-426]",Technical Issues,Medium,Web Portal,SMB
TKT-12746,"Hello support team, Promotional discount code PROMO2024 was not applied during renewal checkout process Appreciate your prompt attention to this matter.",Billing & Payments,Medium,Web Portal,Free Tier
TKT-12747,"Greetings, How to generate new personal API access tokens from profile settings tab [Server Instance: US-East-240] Awaiting your guidance on how to resolve this.",Account Access,Low,In-App Chat,Free Tier
TKT-12748,"Hey team, Which international currencies and payment cards does your platform support [Workspace: WS-842] Thanks for your assistance.",Billing & Payments,Low,Web Portal,SMB
TKT-12749,"Hello support team, Please cancel our monthly recurring addon package before the next billing cycle renews We need resolution before our end-of-day sprint deadline.",Cancellation & Refunds,Medium,Web Portal,SMB
TKT-12750,Regarding our account: Session timeout is too aggressive disconnecting users after only 5 minutes of inactivity Awaiting your guidance on how to resolve this.,Account Access,Medium,Email,Free Tier
TKT-12751,Help needed: Organization admin locked out completely root credentials MFA authenticator lost urgent access required [Account Ref: ACCT-493] This is directly impacting our daily business operations.,Account Access,High,In-App Chat,Enterprise
TKT-12752,Security incident: multiple unauthorized API requests detected bypassing rate limiter [Account Ref: ACCT-493] Please look into this and advise on next steps as soon as possible.,Technical Issues,High,Email,Enterprise
TKT-12753,"Hello support team, GraphQL mutation returns intermittent schema validation error on batch updates Let us know if you need any additional diagnostic logs or screenshots.",Technical Issues,Medium,Web Portal,SMB
TKT-12754,"Good morning, Is there a free trial period available for testing the advanced analytics add-on module We need resolution before our end-of-day sprint deadline.",Product Inquiries,Low,Web Portal,Enterprise
TKT-12755,"Hi, Onboarding failed completely platform unusable cancel contract and refund all fees immediately This is directly impacting our daily business operations.",Cancellation & Refunds,High,In-App Chat,Enterprise
TKT-12756,"Hi, We are downsizing our team and wish to downgrade from Enterprise to Starter plan next month Appreciate your prompt attention to this matter.",Cancellation & Refunds,Medium,Web Portal,SMB
TKT-12757,Regarding our account: Google Workspace OAuth login throws redirect uri mismatch error on new domain Appreciate your prompt attention to this matter.,Account Access,Medium,Email,SMB
TKT-12758,Regarding our account: Security incident: multiple unauthorized API requests detected bypassing rate limiter [Client ID: #CLI-449] Please escalate if necessary.,Technical Issues,High,Web Portal,Enterprise
TKT-12759,Okta single sign-on redirect loop preventing executive team from accessing platform Please escalate if necessary.,Account Access,High,Web Portal,Enterprise
TKT-12760,Regarding our account: Primary administrator deleted by mistake restore account privileges and access immediately This is directly impacting our daily business operations.,Account Access,High,Web Portal,Enterprise
TKT-12761,Attention Support: Legal notice: disputed recurring charge with bank process immediate cancellation and refund [Account Ref: ACCT-574],Cancellation & Refunds,High,Email,Enterprise
TKT-12762,"Greetings, PDF report generation outputting blank pages for charts with dark mode themes Please escalate if necessary.",Technical Issues,Medium,Web Portal,Free Tier
TKT-12763,"Dear Customer Care, If we cancel our subscription do we retain read-only access to historical dashboard data Let us know if you need any additional diagnostic logs or screenshots.",Cancellation & Refunds,Low,Email,SMB
TKT-12764,"Dear Customer Care, Which international currencies and payment cards does your platform support [Node: k8s-worker-380] This is directly impacting our daily business operations.",Billing & Payments,Low,Email,SMB
TKT-12765,"Good morning, Critical PostgreSQL database connection pool exhausted all client requests failing with 500 [Account Ref: ACCT-504] Thanks for your assistance.",Technical Issues,High,In-App Chat,SMB
TKT-12766,"Greetings, Corporate credit card charged twice for annual enterprise plan total 4800 dollars reverse charge immediately Could you please verify this on your backend system?",Billing & Payments,High,Email,Enterprise
TKT-12767,Regarding our account: Data residency question: can our customer database be hosted exclusively in Frankfurt EU region,Product Inquiries,High,In-App Chat,SMB
TKT-12768,"Hello support team, API response payload missing custom header metadata in staging environment [Node: k8s-worker-428] Please look into this and advise on next steps as soon as possible.",Technical Issues,Medium,Web Portal,Enterprise
TKT-12769,"Hey team, Can we set up custom role-based access permissions for external contractor accounts Our team has tried restarting but the issue persists.",Product Inquiries,Medium,Web Portal,Enterprise
TKT-12770,Help needed: Where can I download past PDF invoices from the billing management console This is directly impacting our daily business operations.,Billing & Payments,Low,Web Portal,Free Tier
TKT-12771,Help needed: Subscription auto-renewed without mandatory 30-day notice demanding immediate full refund and cancellation,Cancellation & Refunds,High,Web Portal,Free Tier
TKT-12772,Attention Support: Fraudulent transactions detected on company card linked to this organization account This is directly impacting our daily business operations.,Billing & Payments,High,Web Portal,SMB
TKT-12773,"Hey team, Need immediate confirmation if enterprise tier complies with HIPAA SOC2 and GDPR requirements for contract signing Please escalate if necessary.",Product Inquiries,High,Web Portal,Free Tier
TKT-12774,Help needed: What are the architectural differences between Business and Enterprise subscription plans [Workspace: WS-365] Our team has tried restarting but the issue persists.,Product Inquiries,Medium,Email,SMB
TKT-12775,Help needed: Can we set up custom role-based access permissions for external contractor accounts [Server Instance: US-East-250] Our team has tried restarting but the issue persists.,Product Inquiries,Medium,Web Portal,SMB
TKT-12776,"Good morning, Where can I download past PDF invoices from the billing management console Please look into this and advise on next steps as soon as possible.",Billing & Payments,Low,Web Portal,Free Tier
TKT-12777,Support request: Please cancel our monthly recurring addon package before the next billing cycle renews Thanks for your assistance.,Cancellation & Refunds,Medium,Email,SMB
TKT-12778,"Hello support team, Does the platform support automated CSV export via scheduled SFTP server connector Could you please verify this on your backend system?",Product Inquiries,Medium,Web Portal,Enterprise
TKT-12779,Support request: Where can I download past PDF invoices from the billing management console Appreciate your prompt attention to this matter.,Billing & Payments,Low,Email,SMB
TKT-12780,"Greetings, Need to update company billing address and official legal entity name on future receipts [Client ID: #CLI-619] We need resolution before our end-of-day sprint deadline.",Billing & Payments,Medium,Web Portal,Free Tier
TKT-12781,"Hi there, How do we export all our workspace data and audit logs before terminating our company account [Server Instance: US-East-433] Thanks for your assistance.",Cancellation & Refunds,Medium,Web Portal,Enterprise
TKT-12782,Urgent assistance requested: Google Workspace OAuth login throws redirect uri mismatch error on new domain,Account Access,Medium,Email,Enterprise
TKT-12783,Attention Support: Is there native integration support for Snowflake data warehouse and dbt models [Workspace: WS-721] Could you please verify this on your backend system?,Product Inquiries,Medium,Web Portal,SMB
TKT-12784,Urgent assistance requested: Search query indexing delayed by 40 minutes in elasticsearch cluster Let us know if you need any additional diagnostic logs or screenshots.,Technical Issues,Medium,In-App Chat,SMB
TKT-12785,Help needed: Can we configure custom HTTP authorization headers on outgoing webhook payloads Could you please verify this on your backend system?,Product Inquiries,Medium,Web Portal,SMB
TKT-12786,Urgent assistance requested: Requesting detailed itemized breakdown for usage-based API bandwidth overages last month [Server Instance: US-East-705] This is directly impacting our daily business operations.,Billing & Payments,Medium,Web Portal,SMB
TKT-12787,"Hi there, Production Kubernetes cluster pods crashing in CrashLoopBackOff with OOMKilled errors [Workspace: WS-623] Please escalate if necessary.",Technical Issues,High,Web Portal,SMB
TKT-12788,Urgent assistance requested: Is there native integration support for Snowflake data warehouse and dbt models We need resolution before our end-of-day sprint deadline.,Product Inquiries,Medium,Email,Enterprise
TKT-12789,"Hello support team, Please confirm that auto-renewal is disabled for our upcoming annual contract renewal",Cancellation & Refunds,Medium,Email,SMB
TKT-12790,Regarding our account: PDF report generation outputting blank pages for charts with dark mode themes [Client ID: #CLI-329],Technical Issues,Medium,Web Portal,SMB
TKT-12791,"Hi, API response payload missing custom header metadata in staging environment Please escalate if necessary.",Technical Issues,Medium,In-App Chat,SMB
TKT-12792,Attention Support: Is there native integration support for Snowflake data warehouse and dbt models Thanks for your assistance.,Product Inquiries,Medium,Web Portal,Free Tier
TKT-12793,Regarding our account: Where is the account cancellation button located inside the workspace settings panel This is directly impacting our daily business operations.,Cancellation & Refunds,Low,Web Portal,SMB
TKT-12794,"Hi, Third party Zapier integration trigger not firing on new lead creation [Server Instance: US-East-956] Awaiting your guidance on how to resolve this.",Technical Issues,Medium,Web Portal,Free Tier
TKT-12795,"Hey team, Please confirm that auto-renewal is disabled for our upcoming annual contract renewal [Workspace: WS-336] We need resolution before our end-of-day sprint deadline.",Cancellation & Refunds,Medium,Web Portal,Free Tier
TKT-12796,"Hi, Subscription auto-renewed without mandatory 30-day notice demanding immediate full refund and cancellation [Workspace: WS-769] Thanks for your assistance.",Cancellation & Refunds,High,Web Portal,SMB
TKT-12797,"Greetings, Can we pause our account for two months during our seasonal business hiatus We need resolution before our end-of-day sprint deadline.",Cancellation & Refunds,Low,Web Portal,Enterprise
TKT-12798,"Good morning, Invited team member receives invalid invitation token error when clicking registration link Please escalate if necessary.",Account Access,Medium,Email,Enterprise
TKT-12799,"Hi, WebSocket connection randomly disconnects every 15 minutes on Firefox browser We need resolution before our end-of-day sprint deadline.",Technical Issues,Medium,Web Portal,Free Tier
TKT-12800,Support request: SSL TLS certificate expired on production load balancer customers seeing security warning Please escalate if necessary.,Technical Issues,High,In-App Chat,SMB
TKT-12801,"Hey team, Two factor authentication SMS codes not arriving and recovery emergency codes failing [Client ID: #CLI-183] Could you please verify this on your backend system?",Account Access,High,Email,SMB
TKT-12802,Attention Support: What is the billing cycle date for recurring monthly addon licenses Thanks for your assistance.,Billing & Payments,Low,Email,SMB
TKT-12803,"Dear Customer Care, Integration with Jira webhook failing with 401 unauthorized after token rotation [Client ID: #CLI-528] Awaiting your guidance on how to resolve this.",Technical Issues,Medium,Web Portal,SMB
TKT-12804,Regarding our account: Can we configure custom HTTP authorization headers on outgoing webhook payloads Thanks for your assistance.,Product Inquiries,Medium,In-App Chat,Enterprise
TKT-12805,Issue report: Inquiry regarding non-profit and educational discount pricing eligibility [Client ID: #CLI-953] Please look into this and advise on next steps as soon as possible.,Billing & Payments,Low,Email,SMB
TKT-12806,"Hello support team, PDF report generation outputting blank pages for charts with dark mode themes Our team has tried restarting but the issue persists.",Technical Issues,Medium,Web Portal,Free Tier
TKT-12807,Urgent assistance requested: Invited team member receives invalid invitation token error when clicking registration link Our team has tried restarting but the issue persists.,Account Access,Medium,Email,Free Tier
TKT-12808,"Good morning, Legal notice: disputed recurring charge with bank process immediate cancellation and refund [Workspace: WS-705] Could you please verify this on your backend system?",Cancellation & Refunds,High,Web Portal,SMB
TKT-12809,"Greetings, API response payload missing custom header metadata in staging environment Please look into this and advise on next steps as soon as possible.",Technical Issues,Medium,In-App Chat,SMB
TKT-12810,"Hi there, What are the architectural differences between Business and Enterprise subscription plans Appreciate your prompt attention to this matter.",Product Inquiries,Medium,Web Portal,Enterprise
TKT-12811,Support request: How to change email notification preferences for weekly activity digests Awaiting your guidance on how to resolve this.,Account Access,Low,Email,Enterprise
TKT-12812,"Dear Customer Care, How to generate new personal API access tokens from profile settings tab Please escalate if necessary.",Account Access,Low,Web Portal,Free Tier
TKT-12813,"Greetings, Legal notice: disputed recurring charge with bank process immediate cancellation and refund Appreciate your prompt attention to this matter.",Cancellation & Refunds,High,In-App Chat,Enterprise
TKT-12814,Attention Support: Inquiry regarding non-profit and educational discount pricing eligibility Appreciate your prompt attention to this matter.,Billing & Payments,Low,In-App Chat,SMB
TKT-12815,Issue report: Requesting step by step instructions for configuring Microsoft Authenticator app [Client ID: #CLI-337] Please escalate if necessary.,Account Access,Low,Email,Enterprise
TKT-12816,Help needed: Can we configure custom HTTP authorization headers on outgoing webhook payloads [Account Ref: ACCT-637] Appreciate your prompt attention to this matter.,Product Inquiries,Medium,Web Portal,SMB
TKT-12817,"Hey team, What is the billing cycle date for recurring monthly addon licenses Appreciate your prompt attention to this matter.",Billing & Payments,Low,Email,Free Tier
TKT-12818,"Dear Customer Care, Feature request: support custom hex color codes in dashboard theme settings This is directly impacting our daily business operations.",Technical Issues,Low,Email,SMB
TKT-12819,Issue report: Session timeout is too aggressive disconnecting users after only 5 minutes of inactivity We need resolution before our end-of-day sprint deadline.,Account Access,Medium,In-App Chat,Free Tier
TKT-12820,"Greetings, Spelling typo noticed in confirmation tooltip under advanced security settings [Workspace: WS-391] Please escalate if necessary.",Technical Issues,Low,Web Portal,Enterprise
TKT-12821,"Hi there, Does the platform support automated CSV export via scheduled SFTP server connector [Environment: Production-329] Could you please verify this on your backend system?",Product Inquiries,Medium,Email,Enterprise
TKT-12822,"Hey team, WebSocket connection randomly disconnects every 15 minutes on Firefox browser Could you please verify this on your backend system?",Technical Issues,Medium,Web Portal,SMB
TKT-12823,"Good morning, CSV data export times out when file contains more than 10000 rows [Client ID: #CLI-311]",Technical Issues,Medium,Web Portal,Enterprise
TKT-12824,Does your enterprise SLA guarantee 99.99 percent uptime with financial penalty clauses Thanks for your assistance.,Product Inquiries,High,Email,Free Tier
TKT-12825,"Greetings, How do I update my profile avatar picture and display name on the portal This is directly impacting our daily business operations.",Account Access,Low,Web Portal,Enterprise
TKT-12826,"Hi, Where is the account cancellation button located inside the workspace settings panel [Client ID: #CLI-478] We need resolution before our end-of-day sprint deadline.",Cancellation & Refunds,Low,Email,SMB
TKT-12827,"Hey team, Fraudulent transactions detected on company card linked to this organization account Please escalate if necessary.",Billing & Payments,High,Email,SMB
TKT-12828,"Hi, Inquiry regarding non-profit and educational discount pricing eligibility Our team has tried restarting but the issue persists.",Billing & Payments,Low,Web Portal,Enterprise
TKT-12829,"Hi there, Do you have a public product roadmap for upcoming Q4 feature releases Please look into this and advise on next steps as soon as possible.",Product Inquiries,Low,Email,Enterprise
TKT-12830,Help needed: PDF report generation outputting blank pages for charts with dark mode themes [Server Instance: US-East-385] Could you please verify this on your backend system?,Technical Issues,Medium,Web Portal,Free Tier
TKT-12831,Support request: What happens to our stored data and uploaded files after account closure Please look into this and advise on next steps as soon as possible.,Cancellation & Refunds,Low,Web Portal,SMB
TKT-12832,Issue report: Payment gateway timeout during checkout funds deducted from bank but subscription marked unpaid We need resolution before our end-of-day sprint deadline.,Billing & Payments,High,Web Portal,SMB
TKT-12833,"Dear Customer Care, Subscription auto-renewed without mandatory 30-day notice demanding immediate full refund and cancellation [Environment: Production-745] Thanks for your assistance.",Cancellation & Refunds,High,Web Portal,Free Tier
TKT-12834,Support request: Can we customize the default font size in the rich text markdown editor Please look into this and advise on next steps as soon as possible.,Technical Issues,Low,Web Portal,Enterprise
TKT-12835,"Hello support team, Subscription auto-renewed without mandatory 30-day notice demanding immediate full refund and cancellation [Node: k8s-worker-913] Let us know if you need any additional diagnostic logs or screenshots.",Cancellation & Refunds,High,Email,Enterprise
TKT-12836,Urgent assistance requested: Critical zero-day vulnerability patch required immediately on customer ingress controller We need resolution before our end-of-day sprint deadline.,Technical Issues,High,Web Portal,Enterprise
TKT-12837,Is there native integration support for Snowflake data warehouse and dbt models [Node: k8s-worker-742],Product Inquiries,Medium,Web Portal,SMB
TKT-12838,"Good morning, What is your standard cancellation notice policy if we decide to pause next quarter Our team has tried restarting but the issue persists.",Cancellation & Refunds,Low,Email,Free Tier
TKT-12839,Support request: How to change default payment method from corporate Amex to ACH direct debit [Server Instance: US-East-596] We need resolution before our end-of-day sprint deadline.,Billing & Payments,Medium,Email,SMB
TKT-12840,Issue report: Requesting detailed itemized breakdown for usage-based API bandwidth overages last month [Server Instance: US-East-750] Awaiting your guidance on how to resolve this.,Billing & Payments,Medium,In-App Chat,Free Tier
TKT-12841,"Hi, Will our annual subscription automatically renew at the end of this billing cycle [Client ID: #CLI-602] We need resolution before our end-of-day sprint deadline.",Billing & Payments,Low,Web Portal,Enterprise
TKT-12842,Issue report: How to change default payment method from corporate Amex to ACH direct debit [Node: k8s-worker-369] Our team has tried restarting but the issue persists.,Billing & Payments,Medium,Web Portal,Free Tier
TKT-12843,Support request: Currency conversion charge unexpectedly added to our USD billing statement [Workspace: WS-595] Please escalate if necessary.,Billing & Payments,Medium,Web Portal,Enterprise
TKT-12844,Support request: Please confirm that auto-renewal is disabled for our upcoming annual contract renewal Our team has tried restarting but the issue persists.,Cancellation & Refunds,Medium,In-App Chat,Free Tier
TKT-12845,"Hey team, How to change default payment method from corporate Amex to ACH direct debit",Billing & Payments,Medium,In-App Chat,Free Tier
TKT-12846,Support request: Is it possible to customize the login screen with our corporate company logo Let us know if you need any additional diagnostic logs or screenshots.,Account Access,Low,Email,SMB
TKT-12847,Help needed: Requesting step by step instructions for configuring Microsoft Authenticator app [Client ID: #CLI-873] Could you please verify this on your backend system?,Account Access,Low,Email,Enterprise
TKT-12848,Attention Support: Critical: tax invoice missing mandatory VAT GST identification number audit deadline today [Node: k8s-worker-535] Awaiting your guidance on how to resolve this.,Billing & Payments,High,Web Portal,Free Tier
TKT-12849,"Dear Customer Care, Critical PostgreSQL database connection pool exhausted all client requests failing with 500 Awaiting your guidance on how to resolve this.",Technical Issues,High,Web Portal,SMB
TKT-12850,"Hi there, Okta single sign-on redirect loop preventing executive team from accessing platform Appreciate your prompt attention to this matter.",Account Access,High,Web Portal,Enterprise
TKT-12851,Regarding our account: Requesting detailed itemized breakdown for usage-based API bandwidth overages last month Awaiting your guidance on how to resolve this.,Billing & Payments,Medium,In-App Chat,SMB
TKT-12852,"Greetings, Where can I find sample Postman collections for testing v3 webhook endpoints Let us know if you need any additional diagnostic logs or screenshots.",Technical Issues,Low,Web Portal,SMB
TKT-12853,"Hey team, Dashboard analytics graphs taking over 25 seconds to render on web portal Could you please verify this on your backend system?",Technical Issues,Medium,Email,Free Tier
TKT-12854,"Hello support team, PDF report generation outputting blank pages for charts with dark mode themes Thanks for your assistance.",Technical Issues,Medium,Web Portal,Free Tier
TKT-12855,Support request: Subscription auto-renewed without mandatory 30-day notice demanding immediate full refund and cancellation Appreciate your prompt attention to this matter.,Cancellation & Refunds,High,Web Portal,SMB
TKT-12856,Attention Support: GraphQL mutation returns intermittent schema validation error on batch updates [Client ID: #CLI-374] Let us know if you need any additional diagnostic logs or screenshots.,Technical Issues,Medium,Web Portal,SMB
TKT-12857,Issue report: Can we pause our account for two months during our seasonal business hiatus [Client ID: #CLI-415] We need resolution before our end-of-day sprint deadline.,Cancellation & Refunds,Low,Web Portal,SMB
TKT-12858,Attention Support: What is the maximum hard API rate limit per second before enterprise contract deployment tonight We need resolution before our end-of-day sprint deadline.,Product Inquiries,High,Email,SMB
TKT-12859,"Greetings, CSV data export times out when file contains more than 10000 rows [Account Ref: ACCT-652] Please escalate if necessary.",Technical Issues,Medium,Web Portal,SMB
TKT-12860,Issue report: Minor CSS alignment glitch on navigation bar when screen width is below 1200px This is directly impacting our daily business operations.,Technical Issues,Low,Web Portal,SMB
TKT-12861,"Hi there, Can we customize the default font size in the rich text markdown editor [Server Instance: US-East-470]",Technical Issues,Low,Web Portal,Enterprise
TKT-12862,"Good morning, Two factor authentication SMS codes not arriving and recovery emergency codes failing Our team has tried restarting but the issue persists.",Account Access,High,Web Portal,SMB
TKT-12863,What is the billing cycle date for recurring monthly addon licenses [Server Instance: US-East-482] We need resolution before our end-of-day sprint deadline.,Billing & Payments,Low,Email,SMB
TKT-12864,Attention Support: Need to revoke workspace access for former employee and reassign ownership of dashboards We need resolution before our end-of-day sprint deadline.,Account Access,Medium,Web Portal,SMB
TKT-12865,"Hi there, Does your enterprise SLA guarantee 99.99 percent uptime with financial penalty clauses Thanks for your assistance.",Product Inquiries,High,Web Portal,Enterprise
TKT-12866,"Hello support team, Automated cron job failed to execute database backup backup disk volume full [Client ID: #CLI-335] Our team has tried restarting but the issue persists.",Technical Issues,High,Email,Free Tier
TKT-12867,Support request: Currency conversion charge unexpectedly added to our USD billing statement [Node: k8s-worker-997] Let us know if you need any additional diagnostic logs or screenshots.,Billing & Payments,Medium,Email,Free Tier
TKT-12868,Customer requesting partial refund for 10 unused seat licenses from previous quarter [Account Ref: ACCT-839] Please look into this and advise on next steps as soon as possible.,Cancellation & Refunds,Medium,Email,Enterprise
TKT-12869,Regarding our account: Session timeout is too aggressive disconnecting users after only 5 minutes of inactivity [Node: k8s-worker-950] Let us know if you need any additional diagnostic logs or screenshots.,Account Access,Medium,Web Portal,SMB
TKT-12870,"Greetings, Critical zero-day vulnerability patch required immediately on customer ingress controller [Account Ref: ACCT-911] Our team has tried restarting but the issue persists.",Technical Issues,High,Web Portal,Enterprise
TKT-12871,"Good morning, SSL TLS certificate expired on production load balancer customers seeing security warning Please escalate if necessary.",Technical Issues,High,Web Portal,Enterprise
TKT-12872,Attention Support: Customer requesting partial refund for 10 unused seat licenses from previous quarter Thanks for your assistance.,Cancellation & Refunds,Medium,Web Portal,SMB
TKT-12873,"Hey team, Can we configure custom HTTP authorization headers on outgoing webhook payloads [Workspace: WS-771] Awaiting your guidance on how to resolve this.",Product Inquiries,Medium,Web Portal,SMB
TKT-12874,Help needed: Requesting step by step instructions for configuring Microsoft Authenticator app [Client ID: #CLI-327] Let us know if you need any additional diagnostic logs or screenshots.,Account Access,Low,Email,Free Tier
TKT-12875,"Hi, What native database connectors are supported for the real-time analytics pipeline Could you please verify this on your backend system?",Product Inquiries,Medium,Web Portal,SMB
TKT-12876,"Hi, Does your enterprise SLA guarantee 99.99 percent uptime with financial penalty clauses We need resolution before our end-of-day sprint deadline.",Product Inquiries,High,In-App Chat,Enterprise
TKT-12877,Issue report: Inquiry regarding non-profit and educational discount pricing eligibility Let us know if you need any additional diagnostic logs or screenshots.,Billing & Payments,Low,Web Portal,SMB
TKT-12878,"Hello support team, API response payload missing custom header metadata in staging environment Let us know if you need any additional diagnostic logs or screenshots.",Technical Issues,Medium,Web Portal,Free Tier
TKT-12879,Urgent assistance requested: Onboarding failed completely platform unusable cancel contract and refund all fees immediately Awaiting your guidance on how to resolve this.,Cancellation & Refunds,High,Email,Enterprise
TKT-12880,Urgent assistance requested: Security incident: multiple unauthorized API requests detected bypassing rate limiter Our team has tried restarting but the issue persists.,Technical Issues,High,In-App Chat,Free Tier
TKT-12881,"Hi there, Critical PostgreSQL database connection pool exhausted all client requests failing with 500 [Environment: Production-707] Thanks for your assistance.",Technical Issues,High,Web Portal,SMB
TKT-12882,"Hi there, Suspected account breach: unauthorized password reset email and unknown IP login detected Our team has tried restarting but the issue persists.",Account Access,High,Email,SMB
TKT-12883,Regarding our account: Where can I download past PDF invoices from the billing management console [Workspace: WS-858] Awaiting your guidance on how to resolve this.,Billing & Payments,Low,Email,Enterprise
TKT-12884,How to update billing email recipient list for monthly summary digests [Node: k8s-worker-678] Our team has tried restarting but the issue persists.,Billing & Payments,Low,Web Portal,Enterprise
TKT-12885,What is the billing cycle date for recurring monthly addon licenses [Server Instance: US-East-873] This is directly impacting our daily business operations.,Billing & Payments,Low,Email,Free Tier
TKT-12886,Regarding our account: Two factor authentication SMS codes not arriving and recovery emergency codes failing Awaiting your guidance on how to resolve this.,Account Access,High,Email,SMB
TKT-12887,Support request: Data synchronization pipeline halted midway corrupted Kafka consumer offset [Node: k8s-worker-594] We need resolution before our end-of-day sprint deadline.,Technical Issues,High,Web Portal,SMB
TKT-12888,"Hi, Please confirm that auto-renewal is disabled for our upcoming annual contract renewal Please look into this and advise on next steps as soon as possible.",Cancellation & Refunds,Medium,In-App Chat,Enterprise
TKT-12889,Issue report: Can we pause our account for two months during our seasonal business hiatus Please look into this and advise on next steps as soon as possible.,Cancellation & Refunds,Low,Web Portal,Free Tier
TKT-12890,"Dear Customer Care, Where can I download past PDF invoices from the billing management console Thanks for your assistance.",Billing & Payments,Low,In-App Chat,SMB
TKT-12891,"Good morning, Suspected account breach: unauthorized password reset email and unknown IP login detected Awaiting your guidance on how to resolve this.",Account Access,High,Email,SMB
TKT-12892,"Hello support team, Is there a free trial period available for testing the advanced analytics add-on module Let us know if you need any additional diagnostic logs or screenshots.",Product Inquiries,Low,In-App Chat,Enterprise
TKT-12893,Regarding our account: Are there community webinars or office hours available for new platform users Thanks for your assistance.,Product Inquiries,Low,Email,Enterprise
TKT-12894,Attention Support: Critical zero-day vulnerability patch required immediately on customer ingress controller [Client ID: #CLI-545] Let us know if you need any additional diagnostic logs or screenshots.,Technical Issues,High,Email,SMB
TKT-12895,Issue report: Customer requesting partial refund for 10 unused seat licenses from previous quarter [Workspace: WS-729],Cancellation & Refunds,Medium,Web Portal,SMB
TKT-12896,"Greetings, Do you have a public product roadmap for upcoming Q4 feature releases [Workspace: WS-635]",Product Inquiries,Low,Email,SMB
TKT-12897,"Good morning, How to generate new personal API access tokens from profile settings tab Please escalate if necessary.",Account Access,Low,Web Portal,Enterprise
TKT-12898,"Hi, Data synchronization pipeline halted midway corrupted Kafka consumer offset [Environment: Production-315] Please escalate if necessary.",Technical Issues,High,Email,Enterprise
TKT-12899,Issue report: Search query indexing delayed by 40 minutes in elasticsearch cluster [Node: k8s-worker-949] Our team has tried restarting but the issue persists.,Technical Issues,Medium,Email,SMB
TKT-12900,"Hello support team, Primary administrator deleted by mistake restore account privileges and access immediately Appreciate your prompt attention to this matter.",Account Access,High,Web Portal,SMB
TKT-12901,"Hey team, Minor CSS alignment glitch on navigation bar when screen width is below 1200px [Client ID: #CLI-650] We need resolution before our end-of-day sprint deadline.",Technical Issues,Low,Email,Enterprise
TKT-12902,Urgent assistance requested: Where can I find sample Postman collections for testing v3 webhook endpoints [Environment: Production-708] Please look into this and advise on next steps as soon as possible.,Technical Issues,Low,Email,SMB
TKT-12903,"Hi there, Can one user account belong to multiple independent organizational workspaces Appreciate your prompt attention to this matter.",Account Access,Low,Email,SMB
TKT-12904,Urgent assistance requested: Fraudulent transactions detected on company card linked to this organization account [Server Instance: US-East-381],Billing & Payments,High,In-App Chat,SMB
TKT-12905,Spelling typo noticed in confirmation tooltip under advanced security settings Let us know if you need any additional diagnostic logs or screenshots.,Technical Issues,Low,In-App Chat,Free Tier
TKT-12906,Urgent assistance requested: Do you have a public product roadmap for upcoming Q4 feature releases Please escalate if necessary.,Product Inquiries,Low,Web Portal,Free Tier
TKT-12907,"Hi there, How to configure local development environment using Docker Compose file [Node: k8s-worker-321] Please escalate if necessary.",Technical Issues,Low,Web Portal,Free Tier
TKT-12908,"Dear Customer Care, Security incident: multiple unauthorized API requests detected bypassing rate limiter Could you please verify this on your backend system?",Technical Issues,High,Web Portal,Enterprise
TKT-12909,Regarding our account: Cannot update primary email address in profile settings page throws permission denied error Thanks for your assistance.,Account Access,Medium,Web Portal,Enterprise
TKT-12910,Urgent assistance requested: Unauthorized upgrade charge applied to billing statement without admin approval Please escalate if necessary.,Billing & Payments,High,Email,SMB
TKT-12911,"Greetings, API response payload missing custom header metadata in staging environment Could you please verify this on your backend system?",Technical Issues,Medium,Web Portal,Enterprise
TKT-12912,Support request: Browser tab favicon disappears when navigating between analytics workspaces [Client ID: #CLI-902] Awaiting your guidance on how to resolve this.,Technical Issues,Low,In-App Chat,Free Tier
TKT-12913,"Good morning, How to change default payment method from corporate Amex to ACH direct debit Please look into this and advise on next steps as soon as possible.",Billing & Payments,Medium,Email,SMB
TKT-12914,"Dear Customer Care, Legal notice: disputed recurring charge with bank process immediate cancellation and refund [Client ID: #CLI-431] Our team has tried restarting but the issue persists.",Cancellation & Refunds,High,Web Portal,SMB
TKT-12915,"Hello support team, Is there a free trial period available for testing the advanced analytics add-on module Our team has tried restarting but the issue persists.",Product Inquiries,Low,Email,Free Tier
TKT-12916,Attention Support: Inquiry regarding non-profit and educational discount pricing eligibility,Billing & Payments,Low,In-App Chat,Free Tier
TKT-12917,"Hi, Critical: tax invoice missing mandatory VAT GST identification number audit deadline today [Environment: Production-486] Please look into this and advise on next steps as soon as possible.",Billing & Payments,High,Email,SMB
TKT-12918,Issue report: What is the maximum hard API rate limit per second before enterprise contract deployment tonight Awaiting your guidance on how to resolve this.,Product Inquiries,High,Web Portal,SMB
TKT-12919,Urgent assistance requested: Third party Zapier integration trigger not firing on new lead creation [Account Ref: ACCT-962] Thanks for your assistance.,Technical Issues,Medium,Web Portal,SMB
TKT-12920,"Dear Customer Care, How to configure local development environment using Docker Compose file",Technical Issues,Low,Web Portal,Free Tier
TKT-12921,Requesting detailed itemized breakdown for usage-based API bandwidth overages last month Let us know if you need any additional diagnostic logs or screenshots.,Billing & Payments,Medium,Web Portal,Enterprise
TKT-12922,Issue report: Primary administrator deleted by mistake restore account privileges and access immediately Could you please verify this on your backend system?,Account Access,High,Web Portal,SMB
TKT-12923,Attention Support: Critical zero-day vulnerability patch required immediately on customer ingress controller [Client ID: #CLI-986],Technical Issues,High,Email,Free Tier
TKT-12924,Data synchronization pipeline halted midway corrupted Kafka consumer offset Awaiting your guidance on how to resolve this.,Technical Issues,High,In-App Chat,Enterprise
TKT-12925,Issue report: Subscription auto-renewed without mandatory 30-day notice demanding immediate full refund and cancellation [Account Ref: ACCT-997] Let us know if you need any additional diagnostic logs or screenshots.,Cancellation & Refunds,High,In-App Chat,SMB
TKT-12926,Attention Support: Please cancel our monthly recurring addon package before the next billing cycle renews [Node: k8s-worker-110] Appreciate your prompt attention to this matter.,Cancellation & Refunds,Medium,Email,Enterprise
TKT-12927,"Greetings, How do I update my profile avatar picture and display name on the portal [Workspace: WS-359] Could you please verify this on your backend system?",Account Access,Low,Web Portal,Free Tier
TKT-12928,"Greetings, Where can I download past PDF invoices from the billing management console [Workspace: WS-757] Could you please verify this on your backend system?",Billing & Payments,Low,In-App Chat,SMB
TKT-12929,Attention Support: Can we pause our account for two months during our seasonal business hiatus This is directly impacting our daily business operations.,Cancellation & Refunds,Low,Web Portal,SMB
TKT-12930,"Hey team, Spelling typo noticed in confirmation tooltip under advanced security settings [Account Ref: ACCT-943]",Technical Issues,Low,Web Portal,Enterprise
TKT-12931,Need to update company billing address and official legal entity name on future receipts Awaiting your guidance on how to resolve this.,Billing & Payments,Medium,In-App Chat,Free Tier
TKT-12932,Help needed: Bank merchant account blocked our checkout payments requesting emergency gateway switch Our team has tried restarting but the issue persists.,Billing & Payments,High,Email,SMB
TKT-12933,"Hello support team, Promotional discount code PROMO2024 was not applied during renewal checkout process [Node: k8s-worker-256] Appreciate your prompt attention to this matter.",Billing & Payments,Medium,Email,SMB
TKT-12934,Issue report: Is there native integration support for Snowflake data warehouse and dbt models Our team has tried restarting but the issue persists.,Product Inquiries,Medium,In-App Chat,SMB
TKT-12935,"Hello support team, Organization admin locked out completely root credentials MFA authenticator lost urgent access required Awaiting your guidance on how to resolve this.",Account Access,High,Email,SMB
TKT-12936,Urgent assistance requested: What are the architectural differences between Business and Enterprise subscription plans Please look into this and advise on next steps as soon as possible.,Product Inquiries,Medium,Email,Enterprise
TKT-12937,Can our enterprise pay via annual purchase order and bank check instead of credit card We need resolution before our end-of-day sprint deadline.,Billing & Payments,Low,Email,Enterprise
TKT-12938,Issue report: Where is the setting to enable mandatory two factor authentication for all team members Our team has tried restarting but the issue persists.,Account Access,Low,Email,SMB
TKT-12939,Issue report: How many concurrent API requests are permitted on the standard developer tier plan Appreciate your prompt attention to this matter.,Product Inquiries,Medium,Web Portal,SMB
TKT-12940,Attention Support: What happens to our stored data and uploaded files after account closure Let us know if you need any additional diagnostic logs or screenshots.,Cancellation & Refunds,Low,Email,SMB
TKT-12941,"Hello support team, We wish to switch from annual prepayment to monthly billing cycle at the end of term [Account Ref: ACCT-251] Please look into this and advise on next steps as soon as possible.",Cancellation & Refunds,Medium,Web Portal,Free Tier
TKT-12942,"Hey team, Is there native integration support for Snowflake data warehouse and dbt models [Client ID: #CLI-382] Please look into this and advise on next steps as soon as possible.",Product Inquiries,Medium,Web Portal,SMB
TKT-12943,"Good morning, Browser tab favicon disappears when navigating between analytics workspaces Thanks for your assistance.",Technical Issues,Low,Web Portal,Free Tier
TKT-12944,Urgent assistance requested: Documentation link in developer portal version 2.4 points to outdated 404 page Awaiting your guidance on how to resolve this.,Technical Issues,Low,Email,SMB
TKT-12945,"Greetings, Critical PostgreSQL database connection pool exhausted all client requests failing with 500 [Client ID: #CLI-286] Awaiting your guidance on how to resolve this.",Technical Issues,High,Web Portal,Enterprise
TKT-12946,"Hi there, Session timeout is too aggressive disconnecting users after only 5 minutes of inactivity [Node: k8s-worker-120] Our team has tried restarting but the issue persists.",Account Access,Medium,Email,SMB
TKT-12947,Regarding our account: WebSocket connection randomly disconnects every 15 minutes on Firefox browser [Workspace: WS-571] This is directly impacting our daily business operations.,Technical Issues,Medium,Web Portal,Free Tier
TKT-12948,Issue report: Organization admin locked out completely root credentials MFA authenticator lost urgent access required [Node: k8s-worker-757] We need resolution before our end-of-day sprint deadline.,Account Access,High,Web Portal,Free Tier
TKT-12949,"Good morning, Can we set up custom role-based access permissions for external contractor accounts [Environment: Production-822] Our team has tried restarting but the issue persists.",Product Inquiries,Medium,Web Portal,Enterprise
TKT-12950,"Dear Customer Care, If we cancel our subscription do we retain read-only access to historical dashboard data [Workspace: WS-523] Could you please verify this on your backend system?",Cancellation & Refunds,Low,Web Portal,Free Tier
TKT-12951,Does the platform support automated CSV export via scheduled SFTP server connector [Server Instance: US-East-281] We need resolution before our end-of-day sprint deadline.,Product Inquiries,Medium,Web Portal,Enterprise
TKT-12952,"Hey team, Spelling typo noticed in confirmation tooltip under advanced security settings [Environment: Production-463] Awaiting your guidance on how to resolve this.",Technical Issues,Low,Web Portal,Free Tier
TKT-12953,Urgent assistance requested: Legal notice: disputed recurring charge with bank process immediate cancellation and refund Appreciate your prompt attention to this matter.,Cancellation & Refunds,High,Web Portal,Free Tier
TKT-12954,Help needed: Where can I access the OpenAPI Swagger documentation and Postman collections,Product Inquiries,Low,Web Portal,SMB
TKT-12955,"Hello support team, Can one user account belong to multiple independent organizational workspaces Please escalate if necessary.",Account Access,Low,Web Portal,Free Tier
TKT-12956,"Greetings, Can we customize the default font size in the rich text markdown editor We need resolution before our end-of-day sprint deadline.",Technical Issues,Low,Email,SMB
TKT-12957,Urgent assistance requested: Invited team member receives invalid invitation token error when clicking registration link,Account Access,Medium,Web Portal,Enterprise
TKT-12958,"Good morning, Mobile application crashes when toggling push notifications in user settings Appreciate your prompt attention to this matter.",Technical Issues,Medium,Email,SMB
TKT-12959,"Hi, Can we customize the default font size in the rich text markdown editor [Server Instance: US-East-364] Could you please verify this on your backend system?",Technical Issues,Low,Email,Free Tier
TKT-12960,Help needed: Suspected account breach: unauthorized password reset email and unknown IP login detected [Client ID: #CLI-629] Could you please verify this on your backend system?,Account Access,High,Web Portal,SMB
TKT-12961,Help needed: Primary REST API endpoint returning 503 Service Unavailable outage affecting all EU users Our team has tried restarting but the issue persists.,Technical Issues,High,Web Portal,Enterprise
TKT-12962,Urgent assistance requested: Need a formal proforma invoice before finance department can release wire payment Please escalate if necessary.,Billing & Payments,Medium,Web Portal,SMB
TKT-12963,"Hello support team, Google Workspace OAuth login throws redirect uri mismatch error on new domain Appreciate your prompt attention to this matter.",Account Access,Medium,Web Portal,Enterprise
TKT-12964,Stripe subscription failed automatic renewal due to 3D Secure verification loop [Environment: Production-442] This is directly impacting our daily business operations.,Billing & Payments,High,Web Portal,SMB
TKT-12965,Support request: Enterprise SAML SSO integration broken all company employees unable to sign in [Workspace: WS-413] Please look into this and advise on next steps as soon as possible.,Account Access,High,Web Portal,SMB
TKT-12966,Help needed: Where can I find video walkthrough tutorials for onboarding new engineering staff [Client ID: #CLI-549] Thanks for your assistance.,Product Inquiries,Low,Email,SMB
TKT-12967,"Greetings, Inquiry regarding non-profit and educational discount pricing eligibility Please escalate if necessary.",Billing & Payments,Low,Web Portal,Free Tier
TKT-12968,Attention Support: Session timeout is too aggressive disconnecting users after only 5 minutes of inactivity Awaiting your guidance on how to resolve this.,Account Access,Medium,Web Portal,SMB
TKT-12969,Issue report: Critical: tax invoice missing mandatory VAT GST identification number audit deadline today Appreciate your prompt attention to this matter.,Billing & Payments,High,Web Portal,Free Tier
TKT-12970,Support request: Invited team member receives invalid invitation token error when clicking registration link [Server Instance: US-East-881] Let us know if you need any additional diagnostic logs or screenshots.,Account Access,Medium,Web Portal,SMB
TKT-12971,"Hi there, Google Workspace OAuth login throws redirect uri mismatch error on new domain Let us know if you need any additional diagnostic logs or screenshots.",Account Access,Medium,Email,SMB
TKT-12972,"Greetings, Enterprise SAML SSO integration broken all company employees unable to sign in Let us know if you need any additional diagnostic logs or screenshots.",Account Access,High,In-App Chat,SMB
TKT-12973,"Hi, Requesting detailed itemized breakdown for usage-based API bandwidth overages last month Our team has tried restarting but the issue persists.",Billing & Payments,Medium,Email,Enterprise
TKT-12974,"Greetings, How to change default payment method from corporate Amex to ACH direct debit [Workspace: WS-907] Our team has tried restarting but the issue persists.",Billing & Payments,Medium,Web Portal,SMB
TKT-12975,"Hi there, Minor CSS alignment glitch on navigation bar when screen width is below 1200px Could you please verify this on your backend system?",Technical Issues,Low,Web Portal,Enterprise
TKT-12976,Regarding our account: Please cancel our monthly recurring addon package before the next billing cycle renews Appreciate your prompt attention to this matter.,Cancellation & Refunds,Medium,Web Portal,Enterprise
TKT-12977,Help needed: Cannot update primary email address in profile settings page throws permission denied error This is directly impacting our daily business operations.,Account Access,Medium,In-App Chat,Free Tier
TKT-12978,"Dear Customer Care, Cannot update primary email address in profile settings page throws permission denied error [Server Instance: US-East-341] Could you please verify this on your backend system?",Account Access,Medium,Web Portal,SMB
TKT-12979,Attention Support: Integration with Jira webhook failing with 401 unauthorized after token rotation Please look into this and advise on next steps as soon as possible.,Technical Issues,Medium,Web Portal,Enterprise
TKT-12980,Support request: WebSocket connection randomly disconnects every 15 minutes on Firefox browser Thanks for your assistance.,Technical Issues,Medium,Email,SMB
TKT-12981,"Hello support team, Stripe subscription failed automatic renewal due to 3D Secure verification loop [Client ID: #CLI-582] Awaiting your guidance on how to resolve this.",Billing & Payments,High,Email,Enterprise
TKT-12982,Support request: Requesting step by step instructions for configuring Microsoft Authenticator app Let us know if you need any additional diagnostic logs or screenshots.,Account Access,Low,Web Portal,Enterprise
TKT-12983,Support request: Inquiry regarding non-profit and educational discount pricing eligibility Let us know if you need any additional diagnostic logs or screenshots.,Billing & Payments,Low,Email,Free Tier
TKT-12984,Regarding our account: Which international currencies and payment cards does your platform support Please look into this and advise on next steps as soon as possible.,Billing & Payments,Low,Web Portal,Enterprise
TKT-12985,Regarding our account: Do you have a public product roadmap for upcoming Q4 feature releases Our team has tried restarting but the issue persists.,Product Inquiries,Low,Web Portal,Enterprise
TKT-12986,"Hey team, Data synchronization pipeline halted midway corrupted Kafka consumer offset",Technical Issues,High,Web Portal,Free Tier
TKT-12987,"Greetings, How to change email notification preferences for weekly activity digests Let us know if you need any additional diagnostic logs or screenshots.",Account Access,Low,Email,SMB
TKT-12988,"Good morning, Need to update company billing address and official legal entity name on future receipts [Server Instance: US-East-477] Please escalate if necessary.",Billing & Payments,Medium,Email,Free Tier
TKT-12989,Urgent assistance requested: Customer requesting partial refund for 10 unused seat licenses from previous quarter Thanks for your assistance.,Cancellation & Refunds,Medium,Email,Enterprise
TKT-12990,"Greetings, How many concurrent API requests are permitted on the standard developer tier plan Let us know if you need any additional diagnostic logs or screenshots.",Product Inquiries,Medium,Web Portal,SMB
TKT-12991,"Good morning, Okta single sign-on redirect loop preventing executive team from accessing platform Our team has tried restarting but the issue persists.",Account Access,High,In-App Chat,Enterprise
TKT-12992,"Good morning, What is your standard cancellation notice policy if we decide to pause next quarter Could you please verify this on your backend system?",Cancellation & Refunds,Low,Web Portal,SMB
TKT-12993,Attention Support: Can we configure custom HTTP authorization headers on outgoing webhook payloads [Server Instance: US-East-391],Product Inquiries,Medium,Email,SMB
TKT-12994,Attention Support: Can our enterprise pay via annual purchase order and bank check instead of credit card,Billing & Payments,Low,Web Portal,SMB
TKT-12995,"Hey team, Where can I download past PDF invoices from the billing management console [Environment: Production-798] Let us know if you need any additional diagnostic logs or screenshots.",Billing & Payments,Low,Email,Enterprise
TKT-12996,Critical zero-day vulnerability patch required immediately on customer ingress controller Please look into this and advise on next steps as soon as possible.,Technical Issues,High,Web Portal,SMB
TKT-12997,Urgent assistance requested: We are downsizing our team and wish to downgrade from Enterprise to Starter plan next month,Cancellation & Refunds,Medium,Web Portal,Free Tier
TKT-12998,Regarding our account: Currency conversion charge unexpectedly added to our USD billing statement [Server Instance: US-East-688] This is directly impacting our daily business operations.,Billing & Payments,Medium,Web Portal,SMB
TKT-12999,Attention Support: Please confirm that auto-renewal is disabled for our upcoming annual contract renewal,Cancellation & Refunds,Medium,Web Portal,SMB
TKT-13000,Support request: How do we export all our workspace data and audit logs before terminating our company account,Cancellation & Refunds,Medium,Email,Free Tier
TKT-13001,"Hey team, Minor CSS alignment glitch on navigation bar when screen width is below 1200px [Node: k8s-worker-218] Let us know if you need any additional diagnostic logs or screenshots.",Technical Issues,Low,Email,SMB
TKT-13002,"Hi, Requesting payment receipt for the previous quarterly subscription cycle Appreciate your prompt attention to this matter.",Billing & Payments,Medium,Email,Enterprise
TKT-13003,Regarding our account: Documentation link in developer portal version 2.4 points to outdated 404 page Our team has tried restarting but the issue persists.,Technical Issues,Low,Web Portal,Free Tier
TKT-13004,Regarding our account: Third party Zapier integration trigger not firing on new lead creation Let us know if you need any additional diagnostic logs or screenshots.,Technical Issues,Medium,Web Portal,SMB
TKT-13005,"Dear Customer Care, Need immediate confirmation if enterprise tier complies with HIPAA SOC2 and GDPR requirements for contract signing [Node: k8s-worker-704] This is directly impacting our daily business operations.",Product Inquiries,High,In-App Chat,Enterprise
TKT-13006,"Good morning, Where is the setting to enable mandatory two factor authentication for all team members Thanks for your assistance.",Account Access,Low,In-App Chat,Free Tier
TKT-13007,Attention Support: Bank merchant account blocked our checkout payments requesting emergency gateway switch This is directly impacting our daily business operations.,Billing & Payments,High,Web Portal,SMB
TKT-13008,"Hi there, Need immediate confirmation if enterprise tier complies with HIPAA SOC2 and GDPR requirements for contract signing Awaiting your guidance on how to resolve this.",Product Inquiries,High,Email,SMB
TKT-13009,"Greetings, Need to update company billing address and official legal entity name on future receipts",Billing & Payments,Medium,Web Portal,Free Tier
TKT-13010,Urgent assistance requested: Requesting dark mode theme support for the desktop application client [Client ID: #CLI-655],Technical Issues,Low,Web Portal,Enterprise
TKT-13011,"Dear Customer Care, Where is the setting to enable mandatory two factor authentication for all team members Could you please verify this on your backend system?",Account Access,Low,Web Portal,SMB
TKT-13012,Help needed: Organization admin locked out completely root credentials MFA authenticator lost urgent access required [Client ID: #CLI-710] Appreciate your prompt attention to this matter.,Account Access,High,Email,SMB
TKT-13013,Urgent assistance requested: CSV data export times out when file contains more than 10000 rows This is directly impacting our daily business operations.,Technical Issues,Medium,Email,SMB
TKT-13014,"Good morning, Primary administrator deleted by mistake restore account privileges and access immediately [Client ID: #CLI-229] Our team has tried restarting but the issue persists.",Account Access,High,Email,Enterprise
TKT-13015,"Dear Customer Care, Is there native integration support for Snowflake data warehouse and dbt models",Product Inquiries,Medium,Web Portal,Free Tier
TKT-13016,Urgent assistance requested: Mobile application crashes when toggling push notifications in user settings Awaiting your guidance on how to resolve this.,Technical Issues,Medium,Web Portal,Enterprise
TKT-13017,How many days before the renewal date do we need to submit a formal cancellation request Thanks for your assistance.,Cancellation & Refunds,Low,Web Portal,SMB
TKT-13018,Attention Support: Promotional discount code PROMO2024 was not applied during renewal checkout process Thanks for your assistance.,Billing & Payments,Medium,Web Portal,Enterprise
TKT-13019,Urgent assistance requested: What are the architectural differences between Business and Enterprise subscription plans,Product Inquiries,Medium,In-App Chat,Enterprise
TKT-13020,Attention Support: How to change email notification preferences for weekly activity digests [Node: k8s-worker-363] This is directly impacting our daily business operations.,Account Access,Low,Email,Free Tier
TKT-13021,"Hi there, Primary administrator deleted by mistake restore account privileges and access immediately We need resolution before our end-of-day sprint deadline.",Account Access,High,Email,Enterprise
TKT-13022,"Greetings, Can we configure custom HTTP authorization headers on outgoing webhook payloads Thanks for your assistance.",Product Inquiries,Medium,Web Portal,Enterprise
TKT-13023,Issue report: Service uptime breached SLA contract below 95 percent demanding contract cancellation and full penalty refund This is directly impacting our daily business operations.,Cancellation & Refunds,High,Web Portal,Enterprise
TKT-13024,"Good morning, Can we pause our account for two months during our seasonal business hiatus [Node: k8s-worker-896] Let us know if you need any additional diagnostic logs or screenshots.",Cancellation & Refunds,Low,Email,Free Tier
TKT-13025,"Hey team, Feature request: support custom hex color codes in dashboard theme settings Thanks for your assistance.",Technical Issues,Low,Web Portal,Enterprise
TKT-13026,Attention Support: API response payload missing custom header metadata in staging environment Our team has tried restarting but the issue persists.,Technical Issues,Medium,Email,SMB
TKT-13027,"Hello support team, Customer requesting partial refund for 10 unused seat licenses from previous quarter [Environment: Production-772] Let us know if you need any additional diagnostic logs or screenshots.",Cancellation & Refunds,Medium,Web Portal,SMB
TKT-13028,"Hey team, Can one user account belong to multiple independent organizational workspaces Could you please verify this on your backend system?",Account Access,Low,Web Portal,SMB
TKT-13029,"Hi there, Search query indexing delayed by 40 minutes in elasticsearch cluster [Node: k8s-worker-432] We need resolution before our end-of-day sprint deadline.",Technical Issues,Medium,In-App Chat,Enterprise
TKT-13030,"Hi there, Please cancel our monthly recurring addon package before the next billing cycle renews [Node: k8s-worker-723] Please escalate if necessary.",Cancellation & Refunds,Medium,Web Portal,Free Tier
TKT-13031,"Greetings, Requesting payment receipt for the previous quarterly subscription cycle Let us know if you need any additional diagnostic logs or screenshots.",Billing & Payments,Medium,Web Portal,Enterprise
TKT-13032,"Hello support team, Legal notice: disputed recurring charge with bank process immediate cancellation and refund [Workspace: WS-942] Appreciate your prompt attention to this matter.",Cancellation & Refunds,High,Web Portal,Enterprise
TKT-13033,"Dear Customer Care, Inquiry regarding non-profit and educational discount pricing eligibility Awaiting your guidance on how to resolve this.",Billing & Payments,Low,Email,SMB
TKT-13034,"Good morning, Can you share recommended best practices for structuring multi-team workspaces Thanks for your assistance.",Product Inquiries,Low,Web Portal,Free Tier
TKT-13035,"Hey team, Unauthorized upgrade charge applied to billing statement without admin approval [Account Ref: ACCT-180] Let us know if you need any additional diagnostic logs or screenshots.",Billing & Payments,High,Web Portal,SMB
TKT-13036,"Hi, Requesting payment receipt for the previous quarterly subscription cycle [Node: k8s-worker-642] Appreciate your prompt attention to this matter.",Billing & Payments,Medium,Web Portal,SMB
TKT-13037,"Hey team, If we cancel our subscription do we retain read-only access to historical dashboard data Could you please verify this on your backend system?",Cancellation & Refunds,Low,Web Portal,Enterprise
TKT-13038,Support request: Automated cron job failed to execute database backup backup disk volume full [Account Ref: ACCT-698] Awaiting your guidance on how to resolve this.,Technical Issues,High,Email,SMB
TKT-13039,"Greetings, Cannot update primary email address in profile settings page throws permission denied error Appreciate your prompt attention to this matter.",Account Access,Medium,Web Portal,SMB
TKT-13040,Regarding our account: Invited team member receives invalid invitation token error when clicking registration link This is directly impacting our daily business operations.,Account Access,Medium,Web Portal,SMB
TKT-13041,"Hi, Security incident: multiple unauthorized API requests detected bypassing rate limiter Awaiting your guidance on how to resolve this.",Technical Issues,High,Email,Free Tier
TKT-13042,"Hi, SSL TLS certificate expired on production load balancer customers seeing security warning Our team has tried restarting but the issue persists.",Technical Issues,High,Email,Enterprise
TKT-13043,"Hi there, Payment gateway timeout during checkout funds deducted from bank but subscription marked unpaid [Client ID: #CLI-684] Let us know if you need any additional diagnostic logs or screenshots.",Billing & Payments,High,Web Portal,SMB
TKT-13044,"Dear Customer Care, Data residency question: can our customer database be hosted exclusively in Frankfurt EU region Our team has tried restarting but the issue persists.",Product Inquiries,High,Web Portal,Enterprise
TKT-13045,Attention Support: Cannot update primary email address in profile settings page throws permission denied error [Workspace: WS-745] Please escalate if necessary.,Account Access,Medium,Email,Free Tier
TKT-13046,Support request: Need immediate confirmation if enterprise tier complies with HIPAA SOC2 and GDPR requirements for contract signing,Product Inquiries,High,Web Portal,SMB
TKT-13047,"Hi, How to update billing email recipient list for monthly summary digests Thanks for your assistance.",Billing & Payments,Low,Email,Free Tier
TKT-13048,"Hey team, Inquiry regarding non-profit and educational discount pricing eligibility [Server Instance: US-East-509] Awaiting your guidance on how to resolve this.",Billing & Payments,Low,Web Portal,SMB
TKT-13049,"Hello support team, Can we configure custom HTTP authorization headers on outgoing webhook payloads Thanks for your assistance.",Product Inquiries,Medium,Web Portal,Free Tier
TKT-13050,Support request: Requesting payment receipt for the previous quarterly subscription cycle Our team has tried restarting but the issue persists.,Billing & Payments,Medium,Web Portal,Free Tier
TKT-13051,Attention Support: Password reset email link never arrives in user inbox or spam junk folder Please escalate if necessary.,Account Access,Medium,Web Portal,SMB
TKT-13052,Attention Support: SSL TLS certificate expired on production load balancer customers seeing security warning We need resolution before our end-of-day sprint deadline.,Technical Issues,High,Email,Enterprise
TKT-13053,"Good morning, API response payload missing custom header metadata in staging environment Our team has tried restarting but the issue persists.",Technical Issues,Medium,Web Portal,SMB
TKT-13054,"Hi there, Third party Zapier integration trigger not firing on new lead creation Please escalate if necessary.",Technical Issues,Medium,Email,SMB
TKT-13055,"Hello support team, SSL TLS certificate expired on production load balancer customers seeing security warning Appreciate your prompt attention to this matter.",Technical Issues,High,Web Portal,SMB
TKT-13056,"Greetings, Service uptime breached SLA contract below 95 percent demanding contract cancellation and full penalty refund",Cancellation & Refunds,High,Web Portal,Enterprise
TKT-13057,Urgent assistance requested: Password reset email link never arrives in user inbox or spam junk folder This is directly impacting our daily business operations.,Account Access,Medium,Email,Free Tier
TKT-13058,"Hi, Unauthorized upgrade charge applied to billing statement without admin approval Thanks for your assistance.",Billing & Payments,High,Web Portal,SMB
TKT-13059,"Dear Customer Care, User cannot switch between multiple linked organization accounts from dropdown menu Awaiting your guidance on how to resolve this.",Account Access,Medium,Email,SMB
TKT-13060,"Dear Customer Care, Please cancel our monthly recurring addon package before the next billing cycle renews Awaiting your guidance on how to resolve this.",Cancellation & Refunds,Medium,Email,Enterprise
TKT-13061,Urgent assistance requested: Can one user account belong to multiple independent organizational workspaces [Client ID: #CLI-311] Our team has tried restarting but the issue persists.,Account Access,Low,Web Portal,SMB
TKT-13062,Help needed: Does your enterprise SLA guarantee 99.99 percent uptime with financial penalty clauses [Account Ref: ACCT-554] Awaiting your guidance on how to resolve this.,Product Inquiries,High,Email,Enterprise
TKT-13063,Regarding our account: How many days before the renewal date do we need to submit a formal cancellation request Our team has tried restarting but the issue persists.,Cancellation & Refunds,Low,Web Portal,Enterprise
TKT-13064,Support request: Google Workspace OAuth login throws redirect uri mismatch error on new domain Please look into this and advise on next steps as soon as possible.,Account Access,Medium,Web Portal,SMB
TKT-13065,Stripe subscription failed automatic renewal due to 3D Secure verification loop [Node: k8s-worker-171] Our team has tried restarting but the issue persists.,Billing & Payments,High,Email,Free Tier
TKT-13066,Issue report: Is there a free trial period available for testing the advanced analytics add-on module This is directly impacting our daily business operations.,Product Inquiries,Low,Web Portal,Enterprise
TKT-13067,"Hi there, Can we pause our account for two months during our seasonal business hiatus Let us know if you need any additional diagnostic logs or screenshots.",Cancellation & Refunds,Low,In-App Chat,SMB
TKT-13068,Issue report: Promotional discount code PROMO2024 was not applied during renewal checkout process Please escalate if necessary.,Billing & Payments,Medium,Web Portal,Enterprise
TKT-13069,Issue report: Google Workspace OAuth login throws redirect uri mismatch error on new domain This is directly impacting our daily business operations.,Account Access,Medium,Email,SMB
TKT-13070,"Hey team, Dashboard analytics graphs taking over 25 seconds to render on web portal Let us know if you need any additional diagnostic logs or screenshots.",Technical Issues,Medium,Web Portal,SMB
TKT-13071,Regarding our account: Is there native integration support for Snowflake data warehouse and dbt models This is directly impacting our daily business operations.,Product Inquiries,Medium,Email,Free Tier
TKT-13072,"Hi, Are there community webinars or office hours available for new platform users",Product Inquiries,Low,Web Portal,Enterprise
TKT-13073,Regarding our account: PDF report generation outputting blank pages for charts with dark mode themes [Workspace: WS-876] Please look into this and advise on next steps as soon as possible.,Technical Issues,Medium,In-App Chat,SMB
TKT-13074,Regarding our account: Webhook delivery engine completely stalled queue depth exceeding 500000 events Please look into this and advise on next steps as soon as possible.,Technical Issues,High,Web Portal,SMB
TKT-13075,Attention Support: Do you have a public product roadmap for upcoming Q4 feature releases [Server Instance: US-East-914],Product Inquiries,Low,In-App Chat,Enterprise
TKT-13076,"Good morning, Requesting payment receipt for the previous quarterly subscription cycle [Node: k8s-worker-810] Could you please verify this on your backend system?",Billing & Payments,Medium,Web Portal,Free Tier
TKT-13077,Urgent assistance requested: Critical: tax invoice missing mandatory VAT GST identification number audit deadline today Could you please verify this on your backend system?,Billing & Payments,High,Web Portal,SMB
TKT-13078,Regarding our account: Enterprise SAML SSO integration broken all company employees unable to sign in Awaiting your guidance on how to resolve this.,Account Access,High,Email,Free Tier
TKT-13079,"Greetings, Can our enterprise pay via annual purchase order and bank check instead of credit card This is directly impacting our daily business operations.",Billing & Payments,Low,Web Portal,SMB
TKT-13080,"Hi, Where can I find video walkthrough tutorials for onboarding new engineering staff [Workspace: WS-677] Could you please verify this on your backend system?",Product Inquiries,Low,Web Portal,SMB
TKT-13081,Issue report: Data synchronization pipeline halted midway corrupted Kafka consumer offset [Node: k8s-worker-262] Could you please verify this on your backend system?,Technical Issues,High,Email,Free Tier
TKT-13082,Help needed: Critical: tax invoice missing mandatory VAT GST identification number audit deadline today Awaiting your guidance on how to resolve this.,Billing & Payments,High,Web Portal,SMB
TKT-13083,Issue report: Account erroneously suspended for non-payment despite valid wire transfer confirmation number [Workspace: WS-979] Our team has tried restarting but the issue persists.,Billing & Payments,High,Email,Enterprise
TKT-13084,"Hey team, How to change email notification preferences for weekly activity digests [Server Instance: US-East-697]",Account Access,Low,Web Portal,SMB
TKT-13085,"Dear Customer Care, Need to revoke workspace access for former employee and reassign ownership of dashboards [Workspace: WS-838] Please escalate if necessary.",Account Access,Medium,Web Portal,SMB
TKT-13086,Issue report: Where can I access the OpenAPI Swagger documentation and Postman collections Thanks for your assistance.,Product Inquiries,Low,Web Portal,Enterprise
TKT-13087,"Dear Customer Care, Webhook delivery engine completely stalled queue depth exceeding 500000 events Appreciate your prompt attention to this matter.",Technical Issues,High,Email,Enterprise
TKT-13088,"Hi, How to update billing email recipient list for monthly summary digests Appreciate your prompt attention to this matter.",Billing & Payments,Low,Web Portal,SMB
TKT-13089,Support request: What native database connectors are supported for the real-time analytics pipeline Our team has tried restarting but the issue persists.,Product Inquiries,Medium,Email,SMB
TKT-13090,Support request: How do I update my profile avatar picture and display name on the portal [Workspace: WS-311] Please look into this and advise on next steps as soon as possible.,Account Access,Low,Email,Enterprise
TKT-13091,"Dear Customer Care, Cannot update primary email address in profile settings page throws permission denied error Could you please verify this on your backend system?",Account Access,Medium,Email,SMB
TKT-13092,Support request: Will our annual subscription automatically renew at the end of this billing cycle We need resolution before our end-of-day sprint deadline.,Billing & Payments,Low,Email,SMB
TKT-13093,"Greetings, Where can I find sample Postman collections for testing v3 webhook endpoints",Technical Issues,Low,In-App Chat,Enterprise
TKT-13094,Issue report: How to change default payment method from corporate Amex to ACH direct debit We need resolution before our end-of-day sprint deadline.,Billing & Payments,Medium,Email,SMB
TKT-13095,Attention Support: Minor CSS alignment glitch on navigation bar when screen width is below 1200px [Workspace: WS-619],Technical Issues,Low,Web Portal,SMB
TKT-13096,"Hey team, Promotional discount code PROMO2024 was not applied during renewal checkout process Thanks for your assistance.",Billing & Payments,Medium,Web Portal,Enterprise
TKT-13097,Issue report: User cannot switch between multiple linked organization accounts from dropdown menu Thanks for your assistance.,Account Access,Medium,Web Portal,Enterprise
TKT-13098,Help needed: Minor CSS alignment glitch on navigation bar when screen width is below 1200px Please escalate if necessary.,Technical Issues,Low,Email,Enterprise
TKT-13099,"Hey team, Suspected account breach: unauthorized password reset email and unknown IP login detected Our team has tried restarting but the issue persists.",Account Access,High,In-App Chat,Free Tier
TKT-13100,How to generate new personal API access tokens from profile settings tab [Node: k8s-worker-567] We need resolution before our end-of-day sprint deadline.,Account Access,Low,Email,Free Tier
TKT-13101,"Hello support team, Cannot update primary email address in profile settings page throws permission denied error [Workspace: WS-193] Please escalate if necessary.",Account Access,Medium,Web Portal,SMB
TKT-13102,"Good morning, Okta single sign-on redirect loop preventing executive team from accessing platform Please look into this and advise on next steps as soon as possible.",Account Access,High,Web Portal,SMB
TKT-13103,"Hi, WebSocket connection randomly disconnects every 15 minutes on Firefox browser [Server Instance: US-East-349] Could you please verify this on your backend system?",Technical Issues,Medium,In-App Chat,SMB
TKT-13104,Regarding our account: Google Workspace OAuth login throws redirect uri mismatch error on new domain Please escalate if necessary.,Account Access,Medium,Web Portal,Enterprise
TKT-13105,"Hi, We are downsizing our team and wish to downgrade from Enterprise to Starter plan next month [Node: k8s-worker-174] This is directly impacting our daily business operations.",Cancellation & Refunds,Medium,Web Portal,SMB
TKT-13106,Help needed: Integration with Jira webhook failing with 401 unauthorized after token rotation Please look into this and advise on next steps as soon as possible.,Technical Issues,Medium,Web Portal,Enterprise
TKT-13107,"Good morning, Automated cron job failed to execute database backup backup disk volume full Please look into this and advise on next steps as soon as possible.",Technical Issues,High,Email,Free Tier
TKT-13108,"Greetings, Which international currencies and payment cards does your platform support [Client ID: #CLI-695] Awaiting your guidance on how to resolve this.",Billing & Payments,Low,Web Portal,SMB
TKT-13109,PDF report generation outputting blank pages for charts with dark mode themes Please look into this and advise on next steps as soon as possible.,Technical Issues,Medium,Web Portal,SMB
TKT-13110,Regarding our account: What native database connectors are supported for the real-time analytics pipeline [Node: k8s-worker-729],Product Inquiries,Medium,Email,Free Tier
TKT-13111,"Hello support team, Requesting payment receipt for the previous quarterly subscription cycle Could you please verify this on your backend system?",Billing & Payments,Medium,Email,SMB
TKT-13112,"Hey team, API response payload missing custom header metadata in staging environment Awaiting your guidance on how to resolve this.",Technical Issues,Medium,Web Portal,SMB
TKT-13113,"Hi, Is there an official public RSS feed for platform uptime and release changelogs Awaiting your guidance on how to resolve this.",Technical Issues,Low,Email,SMB
TKT-13114,"Hey team, How to generate new personal API access tokens from profile settings tab Could you please verify this on your backend system?",Account Access,Low,Web Portal,Enterprise
TKT-13115,Urgent assistance requested: Can one user account belong to multiple independent organizational workspaces Could you please verify this on your backend system?,Account Access,Low,Web Portal,Free Tier
TKT-13116,Support request: Monthly invoice receipt not being sent to our accounts payable finance email address [Server Instance: US-East-599] Awaiting your guidance on how to resolve this.,Billing & Payments,Medium,Web Portal,Enterprise
TKT-13117,Urgent assistance requested: Is there a free trial period available for testing the advanced analytics add-on module Thanks for your assistance.,Product Inquiries,Low,Web Portal,Free Tier
TKT-13118,"Dear Customer Care, Does the platform support automated CSV export via scheduled SFTP server connector Please look into this and advise on next steps as soon as possible.",Product Inquiries,Medium,Email,SMB
TKT-13119,"Hey team, Okta single sign-on redirect loop preventing executive team from accessing platform Please look into this and advise on next steps as soon as possible.",Account Access,High,Email,Enterprise
TKT-13120,Urgent assistance requested: Can you share recommended best practices for structuring multi-team workspaces,Product Inquiries,Low,Web Portal,SMB
TKT-13121,"Good morning, Requesting detailed itemized breakdown for usage-based API bandwidth overages last month Please look into this and advise on next steps as soon as possible.",Billing & Payments,Medium,Web Portal,SMB
TKT-13122,"Hey team, Fraudulent transactions detected on company card linked to this organization account [Account Ref: ACCT-583] Thanks for your assistance.",Billing & Payments,High,Web Portal,Enterprise
TKT-13123,Support request: Is there a free trial period available for testing the advanced analytics add-on module Could you please verify this on your backend system?,Product Inquiries,Low,Web Portal,SMB
TKT-13124,"Greetings, Integration with Jira webhook failing with 401 unauthorized after token rotation [Server Instance: US-East-296]",Technical Issues,Medium,Web Portal,SMB
TKT-13125,Regarding our account: Onboarding failed completely platform unusable cancel contract and refund all fees immediately Our team has tried restarting but the issue persists.,Cancellation & Refunds,High,Email,Enterprise
TKT-13126,Urgent assistance requested: Account erroneously suspended for non-payment despite valid wire transfer confirmation number Thanks for your assistance.,Billing & Payments,High,Web Portal,Enterprise
TKT-13127,Regarding our account: Currency conversion charge unexpectedly added to our USD billing statement [Workspace: WS-583] Could you please verify this on your backend system?,Billing & Payments,Medium,Web Portal,SMB
TKT-13128,Urgent assistance requested: Customer requesting partial refund for 10 unused seat licenses from previous quarter [Node: k8s-worker-462] Our team has tried restarting but the issue persists.,Cancellation & Refunds,Medium,Web Portal,Enterprise
TKT-13129,Issue report: Can we set up custom role-based access permissions for external contractor accounts Appreciate your prompt attention to this matter.,Product Inquiries,Medium,Web Portal,Enterprise
TKT-13130,"Greetings, Currency conversion charge unexpectedly added to our USD billing statement Let us know if you need any additional diagnostic logs or screenshots.",Billing & Payments,Medium,In-App Chat,Free Tier
TKT-13131,Regarding our account: Dashboard analytics graphs taking over 25 seconds to render on web portal [Environment: Production-462] Let us know if you need any additional diagnostic logs or screenshots.,Technical Issues,Medium,Web Portal,SMB
TKT-13132,Regarding our account: Is there native integration support for Snowflake data warehouse and dbt models Our team has tried restarting but the issue persists.,Product Inquiries,Medium,Web Portal,Enterprise
TKT-13133,"Hey team, Can we set up custom role-based access permissions for external contractor accounts This is directly impacting our daily business operations.",Product Inquiries,Medium,Web Portal,Enterprise
TKT-13134,"Good morning, Which international currencies and payment cards does your platform support",Billing & Payments,Low,Email,SMB
TKT-13135,Where is the setting to enable mandatory two factor authentication for all team members [Environment: Production-909] Appreciate your prompt attention to this matter.,Account Access,Low,Web Portal,Enterprise
TKT-13136,Urgent assistance requested: Invited team member receives invalid invitation token error when clicking registration link Thanks for your assistance.,Account Access,Medium,Email,Free Tier
TKT-13137,Regarding our account: Fraudulent transactions detected on company card linked to this organization account We need resolution before our end-of-day sprint deadline.,Billing & Payments,High,In-App Chat,SMB
TKT-13138,Invited team member receives invalid invitation token error when clicking registration link [Server Instance: US-East-264] Could you please verify this on your backend system?,Account Access,Medium,Email,Enterprise
TKT-13139,Issue report: Do you have a public product roadmap for upcoming Q4 feature releases Awaiting your guidance on how to resolve this.,Product Inquiries,Low,Email,SMB
TKT-13140,Help needed: Webhook delivery engine completely stalled queue depth exceeding 500000 events This is directly impacting our daily business operations.,Technical Issues,High,Web Portal,SMB
TKT-13141,Issue report: Can we pause our account for two months during our seasonal business hiatus [Account Ref: ACCT-700] Awaiting your guidance on how to resolve this.,Cancellation & Refunds,Low,Email,SMB
TKT-13142,"Hello support team, Requesting dark mode theme support for the desktop application client [Workspace: WS-382] Please look into this and advise on next steps as soon as possible.",Technical Issues,Low,Web Portal,Enterprise
TKT-13143,Help needed: How to update billing email recipient list for monthly summary digests [Server Instance: US-East-867] Could you please verify this on your backend system?,Billing & Payments,Low,In-App Chat,Enterprise
TKT-13144,Urgent assistance requested: We are downsizing our team and wish to downgrade from Enterprise to Starter plan next month Let us know if you need any additional diagnostic logs or screenshots.,Cancellation & Refunds,Medium,Web Portal,Free Tier
TKT-13145,"Dear Customer Care, Can we set up custom role-based access permissions for external contractor accounts [Server Instance: US-East-675] Please escalate if necessary.",Product Inquiries,Medium,Email,Free Tier
TKT-13146,Help needed: Is there a free trial period available for testing the advanced analytics add-on module [Account Ref: ACCT-881] We need resolution before our end-of-day sprint deadline.,Product Inquiries,Low,Email,Free Tier
TKT-13147,"Hi, Subscription auto-renewed without mandatory 30-day notice demanding immediate full refund and cancellation Thanks for your assistance.",Cancellation & Refunds,High,Email,SMB
TKT-13148,"Dear Customer Care, Need to update company billing address and official legal entity name on future receipts Please look into this and advise on next steps as soon as possible.",Billing & Payments,Medium,Web Portal,SMB
TKT-13149,Data residency question: can our customer database be hosted exclusively in Frankfurt EU region Appreciate your prompt attention to this matter.,Product Inquiries,High,Web Portal,Free Tier
TKT-13150,Issue report: Requesting payment receipt for the previous quarterly subscription cycle [Environment: Production-333] We need resolution before our end-of-day sprint deadline.,Billing & Payments,Medium,Web Portal,SMB
TKT-13151,Urgent assistance requested: How to change email notification preferences for weekly activity digests [Node: k8s-worker-365] Appreciate your prompt attention to this matter.,Account Access,Low,Web Portal,Free Tier
TKT-13152,"Greetings, Need to revoke workspace access for former employee and reassign ownership of dashboards [Node: k8s-worker-520] This is directly impacting our daily business operations.",Account Access,Medium,Email,SMB
TKT-13153,"Hello support team, Third party Zapier integration trigger not firing on new lead creation Thanks for your assistance.",Technical Issues,Medium,Web Portal,SMB
TKT-13154,Attention Support: Browser tab favicon disappears when navigating between analytics workspaces This is directly impacting our daily business operations.,Technical Issues,Low,Web Portal,SMB
TKT-13155,Regarding our account: Enterprise SAML SSO integration broken all company employees unable to sign in Thanks for your assistance.,Account Access,High,In-App Chat,Enterprise
TKT-13156,Support request: How to update billing email recipient list for monthly summary digests Please look into this and advise on next steps as soon as possible.,Billing & Payments,Low,Email,Enterprise
TKT-13157,"Hi, Will our annual subscription automatically renew at the end of this billing cycle Please look into this and advise on next steps as soon as possible.",Billing & Payments,Low,In-App Chat,Free Tier
TKT-13158,"Greetings, Will our annual subscription automatically renew at the end of this billing cycle Awaiting your guidance on how to resolve this.",Billing & Payments,Low,Web Portal,Enterprise
TKT-13159,Regarding our account: Urgent pre-sales technical requirement: does your SDK support Python 3.12 in high throughput production Please look into this and advise on next steps as soon as possible.,Product Inquiries,High,Web Portal,Enterprise
TKT-13160,"Dear Customer Care, Okta single sign-on redirect loop preventing executive team from accessing platform [Server Instance: US-East-763]",Account Access,High,Email,Free Tier
TKT-13161,Urgent assistance requested: How many concurrent API requests are permitted on the standard developer tier plan Awaiting your guidance on how to resolve this.,Product Inquiries,Medium,In-App Chat,SMB
TKT-13162,"Hello support team, SSL TLS certificate expired on production load balancer customers seeing security warning Let us know if you need any additional diagnostic logs or screenshots.",Technical Issues,High,Web Portal,SMB
TKT-13163,"Greetings, Dashboard analytics graphs taking over 25 seconds to render on web portal [Server Instance: US-East-430] Let us know if you need any additional diagnostic logs or screenshots.",Technical Issues,Medium,Web Portal,Free Tier
TKT-13164,"Dear Customer Care, What is the billing cycle date for recurring monthly addon licenses Could you please verify this on your backend system?",Billing & Payments,Low,In-App Chat,Enterprise
TKT-13165,"Hi, Stripe subscription failed automatic renewal due to 3D Secure verification loop Awaiting your guidance on how to resolve this.",Billing & Payments,High,In-App Chat,SMB
TKT-13166,Regarding our account: Severe memory leak in backend microservice causing Redis node failovers Please escalate if necessary.,Technical Issues,High,Web Portal,Free Tier
TKT-13167,How to generate new personal API access tokens from profile settings tab [Server Instance: US-East-311] Please escalate if necessary.,Account Access,Low,Web Portal,Enterprise
TKT-13168,"Dear Customer Care, Subscription auto-renewed without mandatory 30-day notice demanding immediate full refund and cancellation [Account Ref: ACCT-964] Please look into this and advise on next steps as soon as possible.",Cancellation & Refunds,High,In-App Chat,SMB
TKT-13169,Regarding our account: Dashboard analytics graphs taking over 25 seconds to render on web portal Our team has tried restarting but the issue persists.,Technical Issues,Medium,In-App Chat,Free Tier
TKT-13170,Urgent assistance requested: Critical PostgreSQL database connection pool exhausted all client requests failing with 500 Appreciate your prompt attention to this matter.,Technical Issues,High,Email,SMB
TKT-13171,"Good morning, Urgent pre-sales technical requirement: does your SDK support Python 3.12 in high throughput production [Workspace: WS-338] Could you please verify this on your backend system?",Product Inquiries,High,In-App Chat,SMB
TKT-13172,Regarding our account: Does the platform support automated CSV export via scheduled SFTP server connector [Environment: Production-226] Appreciate your prompt attention to this matter.,Product Inquiries,Medium,Web Portal,Free Tier
TKT-13173,Attention Support: Is it possible to customize the login screen with our corporate company logo This is directly impacting our daily business operations.,Account Access,Low,In-App Chat,SMB
TKT-13174,Okta single sign-on redirect loop preventing executive team from accessing platform We need resolution before our end-of-day sprint deadline.,Account Access,High,Web Portal,Enterprise
TKT-13175,Help needed: GraphQL mutation returns intermittent schema validation error on batch updates [Environment: Production-704] Let us know if you need any additional diagnostic logs or screenshots.,Technical Issues,Medium,Web Portal,SMB
TKT-13176,"Hi there, Payment gateway timeout during checkout funds deducted from bank but subscription marked unpaid Our team has tried restarting but the issue persists.",Billing & Payments,High,Web Portal,SMB
TKT-13177,Issue report: Google Workspace OAuth login throws redirect uri mismatch error on new domain [Server Instance: US-East-223] Thanks for your assistance.,Account Access,Medium,Email,Free Tier
TKT-13178,Issue report: Requesting payment receipt for the previous quarterly subscription cycle Please escalate if necessary.,Billing & Payments,Medium,In-App Chat,Free Tier
TKT-13179,Attention Support: Need a formal proforma invoice before finance department can release wire payment [Client ID: #CLI-918] We need resolution before our end-of-day sprint deadline.,Billing & Payments,Medium,Web Portal,SMB
TKT-13180,Urgent assistance requested: Please confirm that auto-renewal is disabled for our upcoming annual contract renewal [Client ID: #CLI-567] Awaiting your guidance on how to resolve this.,Cancellation & Refunds,Medium,In-App Chat,SMB
TKT-13181,"Hello support team, We are downsizing our team and wish to downgrade from Enterprise to Starter plan next month Let us know if you need any additional diagnostic logs or screenshots.",Cancellation & Refunds,Medium,Web Portal,SMB
TKT-13182,SSL TLS certificate expired on production load balancer customers seeing security warning Please look into this and advise on next steps as soon as possible.,Technical Issues,High,Email,Enterprise
TKT-13183,"Good morning, Spelling typo noticed in confirmation tooltip under advanced security settings Please look into this and advise on next steps as soon as possible.",Technical Issues,Low,Web Portal,SMB
TKT-13184,Attention Support: User cannot switch between multiple linked organization accounts from dropdown menu [Workspace: WS-847] Awaiting your guidance on how to resolve this.,Account Access,Medium,In-App Chat,SMB
TKT-13185,"Hello support team, How to update billing email recipient list for monthly summary digests Our team has tried restarting but the issue persists.",Billing & Payments,Low,Web Portal,SMB
TKT-13186,"Greetings, Please cancel our monthly recurring addon package before the next billing cycle renews [Server Instance: US-East-243] This is directly impacting our daily business operations.",Cancellation & Refunds,Medium,Email,SMB
TKT-13187,Help needed: Are there community webinars or office hours available for new platform users [Server Instance: US-East-987] This is directly impacting our daily business operations.,Product Inquiries,Low,Web Portal,Enterprise
TKT-13188,Urgent assistance requested: Can our enterprise pay via annual purchase order and bank check instead of credit card Please escalate if necessary.,Billing & Payments,Low,Web Portal,Enterprise
TKT-13189,Attention Support: Requesting formal price quote for adding 8 additional team seats next quarter [Account Ref: ACCT-255] Our team has tried restarting but the issue persists.,Billing & Payments,Low,Email,SMB
TKT-13190,Help needed: Production Kubernetes cluster pods crashing in CrashLoopBackOff with OOMKilled errors [Node: k8s-worker-482] We need resolution before our end-of-day sprint deadline.,Technical Issues,High,In-App Chat,Free Tier
TKT-13191,"Greetings, Security incident: multiple unauthorized API requests detected bypassing rate limiter [Client ID: #CLI-439] Appreciate your prompt attention to this matter.",Technical Issues,High,Web Portal,SMB
TKT-13192,Help needed: Dashboard analytics graphs taking over 25 seconds to render on web portal This is directly impacting our daily business operations.,Technical Issues,Medium,Web Portal,SMB
TKT-13193,Attention Support: Cannot update primary email address in profile settings page throws permission denied error This is directly impacting our daily business operations.,Account Access,Medium,Web Portal,Free Tier
TKT-13194,Issue report: Legal notice: disputed recurring charge with bank process immediate cancellation and refund [Client ID: #CLI-115] Thanks for your assistance.,Cancellation & Refunds,High,Web Portal,SMB
TKT-13195,"Good morning, Search query indexing delayed by 40 minutes in elasticsearch cluster Please look into this and advise on next steps as soon as possible.",Technical Issues,Medium,Email,SMB
TKT-13196,Onboarding failed completely platform unusable cancel contract and refund all fees immediately Thanks for your assistance.,Cancellation & Refunds,High,Email,Enterprise
TKT-13197,Regarding our account: API response payload missing custom header metadata in staging environment [Environment: Production-580],Technical Issues,Medium,Web Portal,Enterprise
TKT-13198,"Dear Customer Care, Mobile application crashes when toggling push notifications in user settings Appreciate your prompt attention to this matter.",Technical Issues,Medium,Email,Enterprise
TKT-13199,"Greetings, Enterprise SAML SSO integration broken all company employees unable to sign in",Account Access,High,Email,SMB
TKT-13200,Help needed: How to change email notification preferences for weekly activity digests [Server Instance: US-East-627] Please escalate if necessary.,Account Access,Low,In-App Chat,Enterprise
TKT-13201,Regarding our account: Service uptime breached SLA contract below 95 percent demanding contract cancellation and full penalty refund [Client ID: #CLI-861] Our team has tried restarting but the issue persists.,Cancellation & Refunds,High,In-App Chat,Enterprise
TKT-13202,Issue report: Payment gateway timeout during checkout funds deducted from bank but subscription marked unpaid [Account Ref: ACCT-207] Let us know if you need any additional diagnostic logs or screenshots.,Billing & Payments,High,Web Portal,SMB
TKT-13203,"Good morning, Please cancel our monthly recurring addon package before the next billing cycle renews [Node: k8s-worker-408] Could you please verify this on your backend system?",Cancellation & Refunds,Medium,Email,SMB
TKT-13204,Issue report: Data synchronization pipeline halted midway corrupted Kafka consumer offset Awaiting your guidance on how to resolve this.,Technical Issues,High,Web Portal,SMB
TKT-13205,"Hi, Critical zero-day vulnerability patch required immediately on customer ingress controller Please escalate if necessary.",Technical Issues,High,Web Portal,Enterprise
TKT-13206,Regarding our account: Subscription auto-renewed without mandatory 30-day notice demanding immediate full refund and cancellation [Workspace: WS-777] Our team has tried restarting but the issue persists.,Cancellation & Refunds,High,Email,SMB
TKT-13207,"Greetings, Suspected account breach: unauthorized password reset email and unknown IP login detected This is directly impacting our daily business operations.",Account Access,High,Web Portal,Enterprise
TKT-13208,Support request: Unauthorized upgrade charge applied to billing statement without admin approval This is directly impacting our daily business operations.,Billing & Payments,High,Email,SMB
TKT-13209,"Hello support team, Cannot update primary email address in profile settings page throws permission denied error Our team has tried restarting but the issue persists.",Account Access,Medium,Web Portal,Free Tier
TKT-13210,"Dear Customer Care, How to configure local development environment using Docker Compose file [Account Ref: ACCT-592] Let us know if you need any additional diagnostic logs or screenshots.",Technical Issues,Low,Email,SMB
TKT-13211,Requesting payment receipt for the previous quarterly subscription cycle [Account Ref: ACCT-515] Appreciate your prompt attention to this matter.,Billing & Payments,Medium,Web Portal,Enterprise
TKT-13212,"Good morning, Automated cron job failed to execute database backup backup disk volume full Awaiting your guidance on how to resolve this.",Technical Issues,High,Email,Free Tier
TKT-13213,Help needed: Can we customize the default font size in the rich text markdown editor Please look into this and advise on next steps as soon as possible.,Technical Issues,Low,In-App Chat,Free Tier
TKT-13214,Regarding our account: Is there native integration support for Snowflake data warehouse and dbt models Thanks for your assistance.,Product Inquiries,Medium,Web Portal,SMB
TKT-13215,"Dear Customer Care, Where is the setting to enable mandatory two factor authentication for all team members [Environment: Production-890] Could you please verify this on your backend system?",Account Access,Low,In-App Chat,SMB
TKT-13216,Support request: Bank merchant account blocked our checkout payments requesting emergency gateway switch Please look into this and advise on next steps as soon as possible.,Billing & Payments,High,Web Portal,SMB
TKT-13217,Regarding our account: Where is the setting to enable mandatory two factor authentication for all team members [Workspace: WS-536] Thanks for your assistance.,Account Access,Low,Email,Free Tier
TKT-13218,"Hello support team, How to generate new personal API access tokens from profile settings tab [Server Instance: US-East-568] Thanks for your assistance.",Account Access,Low,Web Portal,Free Tier
TKT-13219,Feature request: support custom hex color codes in dashboard theme settings [Environment: Production-666] Appreciate your prompt attention to this matter.,Technical Issues,Low,Web Portal,SMB
TKT-13220,Promotional discount code PROMO2024 was not applied during renewal checkout process [Account Ref: ACCT-299] Thanks for your assistance.,Billing & Payments,Medium,Email,SMB
TKT-13221,Requesting formal price quote for adding 8 additional team seats next quarter [Client ID: #CLI-303],Billing & Payments,Low,Email,Free Tier
TKT-13222,"Hi, Stripe subscription failed automatic renewal due to 3D Secure verification loop Please escalate if necessary.",Billing & Payments,High,Web Portal,SMB
TKT-13223,API response payload missing custom header metadata in staging environment Thanks for your assistance.,Technical Issues,Medium,Web Portal,SMB
TKT-13224,Urgent assistance requested: Does your enterprise SLA guarantee 99.99 percent uptime with financial penalty clauses [Account Ref: ACCT-270] Thanks for your assistance.,Product Inquiries,High,Email,Free Tier
TKT-13225,"Dear Customer Care, Search query indexing delayed by 40 minutes in elasticsearch cluster Please look into this and advise on next steps as soon as possible.",Technical Issues,Medium,In-App Chat,Free Tier
TKT-13226,"Good morning, Webhook delivery engine completely stalled queue depth exceeding 500000 events Our team has tried restarting but the issue persists.",Technical Issues,High,Web Portal,SMB
TKT-13227,Attention Support: How many concurrent API requests are permitted on the standard developer tier plan [Environment: Production-403] We need resolution before our end-of-day sprint deadline.,Product Inquiries,Medium,Web Portal,Enterprise
TKT-13228,"Hi, Invited team member receives invalid invitation token error when clicking registration link Let us know if you need any additional diagnostic logs or screenshots.",Account Access,Medium,Email,SMB
TKT-13229,"Hello support team, Mobile application crashes when toggling push notifications in user settings [Account Ref: ACCT-784] Please look into this and advise on next steps as soon as possible.",Technical Issues,Medium,Web Portal,SMB
TKT-13230,"Good morning, Security incident: multiple unauthorized API requests detected bypassing rate limiter Please escalate if necessary.",Technical Issues,High,Email,SMB
TKT-13231,"Hello support team, How do I update my profile avatar picture and display name on the portal [Environment: Production-942] Let us know if you need any additional diagnostic logs or screenshots.",Account Access,Low,Email,Free Tier
TKT-13232,Regarding our account: Feature request: support custom hex color codes in dashboard theme settings We need resolution before our end-of-day sprint deadline.,Technical Issues,Low,In-App Chat,Free Tier
TKT-13233,"Good morning, Integration with Jira webhook failing with 401 unauthorized after token rotation [Workspace: WS-243] Appreciate your prompt attention to this matter.",Technical Issues,Medium,Email,SMB
TKT-13234,"Hi there, Invited team member receives invalid invitation token error when clicking registration link Please escalate if necessary.",Account Access,Medium,Web Portal,Free Tier
TKT-13235,"Good morning, Urgent pre-sales technical requirement: does your SDK support Python 3.12 in high throughput production [Workspace: WS-878] Awaiting your guidance on how to resolve this.",Product Inquiries,High,Email,Enterprise
TKT-13236,"Hello support team, Where is the setting to enable mandatory two factor authentication for all team members [Workspace: WS-636]",Account Access,Low,In-App Chat,SMB
TKT-13237,Regarding our account: Payment gateway timeout during checkout funds deducted from bank but subscription marked unpaid,Billing & Payments,High,Email,Enterprise
TKT-13238,Support request: Suspected account breach: unauthorized password reset email and unknown IP login detected [Client ID: #CLI-654] Awaiting your guidance on how to resolve this.,Account Access,High,Web Portal,Enterprise
TKT-13239,"Greetings, What happens to our stored data and uploaded files after account closure [Node: k8s-worker-449] Awaiting your guidance on how to resolve this.",Cancellation & Refunds,Low,Web Portal,Enterprise
TKT-13240,"Hello support team, Critical: tax invoice missing mandatory VAT GST identification number audit deadline today Let us know if you need any additional diagnostic logs or screenshots.",Billing & Payments,High,Email,Free Tier
TKT-13241,"Hi there, Need to revoke workspace access for former employee and reassign ownership of dashboards",Account Access,Medium,Email,Free Tier
TKT-13242,"Dear Customer Care, Please confirm that auto-renewal is disabled for our upcoming annual contract renewal Awaiting your guidance on how to resolve this.",Cancellation & Refunds,Medium,Web Portal,SMB
TKT-13243,"Hi, Integration with Jira webhook failing with 401 unauthorized after token rotation [Node: k8s-worker-717] Please look into this and advise on next steps as soon as possible.",Technical Issues,Medium,Email,Enterprise
TKT-13244,API response payload missing custom header metadata in staging environment [Node: k8s-worker-606] Appreciate your prompt attention to this matter.,Technical Issues,Medium,In-App Chat,SMB
TKT-13245,Issue report: User cannot switch between multiple linked organization accounts from dropdown menu Let us know if you need any additional diagnostic logs or screenshots.,Account Access,Medium,Email,SMB
TKT-13246,"Hi there, Okta single sign-on redirect loop preventing executive team from accessing platform Could you please verify this on your backend system?",Account Access,High,Web Portal,Enterprise
TKT-13247,"Hey team, Can our enterprise pay via annual purchase order and bank check instead of credit card",Billing & Payments,Low,Web Portal,SMB
TKT-13248,Support request: What is the billing cycle date for recurring monthly addon licenses Could you please verify this on your backend system?,Billing & Payments,Low,Web Portal,SMB
TKT-13249,"Hello support team, What are the architectural differences between Business and Enterprise subscription plans Please look into this and advise on next steps as soon as possible.",Product Inquiries,Medium,Web Portal,SMB
TKT-13250,"Good morning, What is the maximum hard API rate limit per second before enterprise contract deployment tonight Please escalate if necessary.",Product Inquiries,High,Web Portal,SMB
TKT-13251,Attention Support: Google Workspace OAuth login throws redirect uri mismatch error on new domain [Node: k8s-worker-599],Account Access,Medium,Email,Enterprise
TKT-13252,"Greetings, Currency conversion charge unexpectedly added to our USD billing statement Thanks for your assistance.",Billing & Payments,Medium,In-App Chat,Enterprise
TKT-13253,Attention Support: Is there native integration support for Snowflake data warehouse and dbt models This is directly impacting our daily business operations.,Product Inquiries,Medium,Web Portal,SMB
TKT-13254,Browser tab favicon disappears when navigating between analytics workspaces,Technical Issues,Low,In-App Chat,Enterprise
TKT-13255,Urgent assistance requested: How to change default payment method from corporate Amex to ACH direct debit Please escalate if necessary.,Billing & Payments,Medium,Web Portal,SMB
TKT-13256,Attention Support: Browser tab favicon disappears when navigating between analytics workspaces Let us know if you need any additional diagnostic logs or screenshots.,Technical Issues,Low,Email,SMB
TKT-13257,"Greetings, GraphQL mutation returns intermittent schema validation error on batch updates [Environment: Production-932] Thanks for your assistance.",Technical Issues,Medium,Web Portal,SMB
TKT-13258,Issue report: What happens to our stored data and uploaded files after account closure Let us know if you need any additional diagnostic logs or screenshots.,Cancellation & Refunds,Low,Email,SMB
TKT-13259,"Good morning, Production Kubernetes cluster pods crashing in CrashLoopBackOff with OOMKilled errors [Node: k8s-worker-436] Please escalate if necessary.",Technical Issues,High,Email,SMB
TKT-13260,"Hey team, Promotional discount code PROMO2024 was not applied during renewal checkout process Let us know if you need any additional diagnostic logs or screenshots.",Billing & Payments,Medium,Email,Enterprise
TKT-13261,Help needed: Okta single sign-on redirect loop preventing executive team from accessing platform Could you please verify this on your backend system?,Account Access,High,Web Portal,SMB
TKT-13262,Urgent assistance requested: Is there an official public RSS feed for platform uptime and release changelogs [Client ID: #CLI-432] We need resolution before our end-of-day sprint deadline.,Technical Issues,Low,Web Portal,Enterprise
TKT-13263,Issue report: Invited team member receives invalid invitation token error when clicking registration link [Server Instance: US-East-314],Account Access,Medium,Web Portal,Enterprise
TKT-13264,Regarding our account: Please confirm that auto-renewal is disabled for our upcoming annual contract renewal Thanks for your assistance.,Cancellation & Refunds,Medium,Web Portal,SMB
TKT-13265,Regarding our account: PDF report generation outputting blank pages for charts with dark mode themes Appreciate your prompt attention to this matter.,Technical Issues,Medium,Email,Free Tier
TKT-13266,Urgent assistance requested: Severe memory leak in backend microservice causing Redis node failovers [Node: k8s-worker-192] Could you please verify this on your backend system?,Technical Issues,High,In-App Chat,SMB
TKT-13267,Urgent assistance requested: Requesting dark mode theme support for the desktop application client Please escalate if necessary.,Technical Issues,Low,In-App Chat,SMB
TKT-13268,Regarding our account: Service uptime breached SLA contract below 95 percent demanding contract cancellation and full penalty refund [Node: k8s-worker-597] Let us know if you need any additional diagnostic logs or screenshots.,Cancellation & Refunds,High,Email,SMB
TKT-13269,Urgent assistance requested: Do you have a public product roadmap for upcoming Q4 feature releases Awaiting your guidance on how to resolve this.,Product Inquiries,Low,Web Portal,SMB
TKT-13270,"Dear Customer Care, WebSocket connection randomly disconnects every 15 minutes on Firefox browser [Server Instance: US-East-695] Appreciate your prompt attention to this matter.",Technical Issues,Medium,Web Portal,Free Tier
TKT-13271,"Hi, Monthly invoice receipt not being sent to our accounts payable finance email address",Billing & Payments,Medium,Web Portal,Free Tier
TKT-13272,Attention Support: Requesting formal price quote for adding 8 additional team seats next quarter Please escalate if necessary.,Billing & Payments,Low,In-App Chat,SMB
TKT-13273,"Hi there, Which international currencies and payment cards does your platform support Please look into this and advise on next steps as soon as possible.",Billing & Payments,Low,In-App Chat,SMB
TKT-13274,Requesting dark mode theme support for the desktop application client [Workspace: WS-645] Could you please verify this on your backend system?,Technical Issues,Low,Web Portal,SMB
TKT-13275,Attention Support: Data residency question: can our customer database be hosted exclusively in Frankfurt EU region Our team has tried restarting but the issue persists.,Product Inquiries,High,Email,SMB
TKT-13276,Cancel subscription immediately and issue full refund of 2200 dollars as promised by sales rep within 24 hours Could you please verify this on your backend system?,Cancellation & Refunds,High,Web Portal,Free Tier
TKT-13277,Urgent assistance requested: Critical PostgreSQL database connection pool exhausted all client requests failing with 500 We need resolution before our end-of-day sprint deadline.,Technical Issues,High,In-App Chat,Enterprise
TKT-13278,"Good morning, Cancel subscription immediately and issue full refund of 2200 dollars as promised by sales rep within 24 hours [Workspace: WS-126] Thanks for your assistance.",Cancellation & Refunds,High,Web Portal,SMB
TKT-13279,"Good morning, Invited team member receives invalid invitation token error when clicking registration link [Server Instance: US-East-550] We need resolution before our end-of-day sprint deadline.",Account Access,Medium,Email,Free Tier
TKT-13280,"Dear Customer Care, Integration with Jira webhook failing with 401 unauthorized after token rotation [Client ID: #CLI-978] This is directly impacting our daily business operations.",Technical Issues,Medium,Web Portal,SMB
TKT-13281,Help needed: API response payload missing custom header metadata in staging environment Awaiting your guidance on how to resolve this.,Technical Issues,Medium,Web Portal,Enterprise
TKT-13282,"Greetings, Third party Zapier integration trigger not firing on new lead creation We need resolution before our end-of-day sprint deadline.",Technical Issues,Medium,Web Portal,Free Tier
TKT-13283,"Greetings, Two factor authentication SMS codes not arriving and recovery emergency codes failing Let us know if you need any additional diagnostic logs or screenshots.",Account Access,High,Email,Enterprise
TKT-13284,Issue report: Can you share recommended best practices for structuring multi-team workspaces Could you please verify this on your backend system?,Product Inquiries,Low,Email,SMB
TKT-13285,Regarding our account: Search query indexing delayed by 40 minutes in elasticsearch cluster Could you please verify this on your backend system?,Technical Issues,Medium,In-App Chat,Enterprise
TKT-13286,"Good morning, Search query indexing delayed by 40 minutes in elasticsearch cluster Appreciate your prompt attention to this matter.",Technical Issues,Medium,Email,SMB
TKT-13287,Issue report: Cancel subscription immediately and issue full refund of 2200 dollars as promised by sales rep within 24 hours [Node: k8s-worker-352] Our team has tried restarting but the issue persists.,Cancellation & Refunds,High,Web Portal,SMB
TKT-13288,"Greetings, Third party Zapier integration trigger not firing on new lead creation [Account Ref: ACCT-825] Our team has tried restarting but the issue persists.",Technical Issues,Medium,Web Portal,Enterprise
TKT-13289,"Hi, Where can I find sample Postman collections for testing v3 webhook endpoints [Account Ref: ACCT-333] Appreciate your prompt attention to this matter.",Technical Issues,Low,Email,SMB
TKT-13290,Issue report: Need a formal proforma invoice before finance department can release wire payment,Billing & Payments,Medium,Web Portal,Free Tier
TKT-13291,"Good morning, Does your platform have a public status page to monitor system uptime history [Client ID: #CLI-571] Awaiting your guidance on how to resolve this.",Product Inquiries,Low,Web Portal,SMB
TKT-13292,Help needed: Inquiry regarding non-profit and educational discount pricing eligibility Please escalate if necessary.,Billing & Payments,Low,Web Portal,Enterprise
TKT-13293,"Hello support team, Requesting detailed itemized breakdown for usage-based API bandwidth overages last month Thanks for your assistance.",Billing & Payments,Medium,Web Portal,Free Tier
TKT-13294,"Hello support team, How to generate new personal API access tokens from profile settings tab Appreciate your prompt attention to this matter.",Account Access,Low,Email,Enterprise
TKT-13295,"Dear Customer Care, Okta single sign-on redirect loop preventing executive team from accessing platform Please look into this and advise on next steps as soon as possible.",Account Access,High,In-App Chat,SMB
TKT-13296,Issue report: Promotional discount code PROMO2024 was not applied during renewal checkout process Could you please verify this on your backend system?,Billing & Payments,Medium,Web Portal,Enterprise
TKT-13297,Issue report: Where can I download past PDF invoices from the billing management console Please escalate if necessary.,Billing & Payments,Low,Email,SMB
TKT-13298,Attention Support: Requesting formal price quote for adding 8 additional team seats next quarter We need resolution before our end-of-day sprint deadline.,Billing & Payments,Low,Web Portal,Free Tier
TKT-13299,"Hi, Mobile application crashes when toggling push notifications in user settings [Server Instance: US-East-683]",Technical Issues,Medium,Email,SMB
TKT-13300,Attention Support: Does your enterprise SLA guarantee 99.99 percent uptime with financial penalty clauses Our team has tried restarting but the issue persists.,Product Inquiries,High,Web Portal,SMB
TKT-13301,Urgent assistance requested: Does your enterprise SLA guarantee 99.99 percent uptime with financial penalty clauses This is directly impacting our daily business operations.,Product Inquiries,High,Email,SMB
TKT-13302,Issue report: Minor CSS alignment glitch on navigation bar when screen width is below 1200px Appreciate your prompt attention to this matter.,Technical Issues,Low,Web Portal,SMB
TKT-13303,"Greetings, CSV data export times out when file contains more than 10000 rows Please look into this and advise on next steps as soon as possible.",Technical Issues,Medium,Email,SMB
TKT-13304,Issue report: Requesting detailed itemized breakdown for usage-based API bandwidth overages last month [Account Ref: ACCT-892] We need resolution before our end-of-day sprint deadline.,Billing & Payments,Medium,Web Portal,SMB
TKT-13305,How many days before the renewal date do we need to submit a formal cancellation request [Environment: Production-846] Our team has tried restarting but the issue persists.,Cancellation & Refunds,Low,Web Portal,Enterprise
TKT-13306,Urgent assistance requested: We are downsizing our team and wish to downgrade from Enterprise to Starter plan next month [Environment: Production-687] Please look into this and advise on next steps as soon as possible.,Cancellation & Refunds,Medium,Email,SMB
TKT-13307,Regarding our account: Currency conversion charge unexpectedly added to our USD billing statement Let us know if you need any additional diagnostic logs or screenshots.,Billing & Payments,Medium,In-App Chat,SMB
TKT-13308,"Dear Customer Care, Automated cron job failed to execute database backup backup disk volume full [Workspace: WS-463] Appreciate your prompt attention to this matter.",Technical Issues,High,Web Portal,SMB
TKT-13309,"Hi there, Onboarding failed completely platform unusable cancel contract and refund all fees immediately [Server Instance: US-East-332] Our team has tried restarting but the issue persists.",Cancellation & Refunds,High,Web Portal,Enterprise
TKT-13310,Support request: Search query indexing delayed by 40 minutes in elasticsearch cluster [Environment: Production-869],Technical Issues,Medium,In-App Chat,Free Tier
TKT-13311,"Hi, Promotional discount code PROMO2024 was not applied during renewal checkout process [Account Ref: ACCT-162] Could you please verify this on your backend system?",Billing & Payments,Medium,Email,Enterprise
TKT-13312,"Hello support team, Can we customize the default font size in the rich text markdown editor",Technical Issues,Low,Web Portal,Enterprise
TKT-13313,"Hello support team, Requesting detailed itemized breakdown for usage-based API bandwidth overages last month [Workspace: WS-493] Thanks for your assistance.",Billing & Payments,Medium,Web Portal,Enterprise
TKT-13314,"Hello support team, Monthly invoice receipt not being sent to our accounts payable finance email address Please escalate if necessary.",Billing & Payments,Medium,Web Portal,SMB
TKT-13315,"Hi there, Is it possible to customize the login screen with our corporate company logo [Account Ref: ACCT-610] Our team has tried restarting but the issue persists.",Account Access,Low,Web Portal,Enterprise
TKT-13316,"Hi, Requesting formal price quote for adding 8 additional team seats next quarter We need resolution before our end-of-day sprint deadline.",Billing & Payments,Low,Web Portal,SMB
TKT-13317,"Greetings, Need a formal proforma invoice before finance department can release wire payment Our team has tried restarting but the issue persists.",Billing & Payments,Medium,Email,SMB
TKT-13318,"Hello support team, Bank merchant account blocked our checkout payments requesting emergency gateway switch [Account Ref: ACCT-912] Please escalate if necessary.",Billing & Payments,High,In-App Chat,Free Tier
TKT-13319,Regarding our account: Critical PostgreSQL database connection pool exhausted all client requests failing with 500 Could you please verify this on your backend system?,Technical Issues,High,Web Portal,SMB
TKT-13320,Urgent assistance requested: How do I update my profile avatar picture and display name on the portal [Account Ref: ACCT-271],Account Access,Low,Email,SMB
TKT-13321,Help needed: Password reset email link never arrives in user inbox or spam junk folder We need resolution before our end-of-day sprint deadline.,Account Access,Medium,Email,SMB
TKT-13322,Urgent assistance requested: Google Workspace OAuth login throws redirect uri mismatch error on new domain Awaiting your guidance on how to resolve this.,Account Access,Medium,Email,SMB
TKT-13323,Google Workspace OAuth login throws redirect uri mismatch error on new domain Let us know if you need any additional diagnostic logs or screenshots.,Account Access,Medium,Email,SMB
TKT-13324,Support request: Promotional discount code PROMO2024 was not applied during renewal checkout process [Server Instance: US-East-474] Thanks for your assistance.,Billing & Payments,Medium,Web Portal,SMB
TKT-13325,"Good morning, Can one user account belong to multiple independent organizational workspaces [Environment: Production-142] Awaiting your guidance on how to resolve this.",Account Access,Low,Web Portal,SMB
TKT-13326,"Hello support team, Data synchronization pipeline halted midway corrupted Kafka consumer offset Awaiting your guidance on how to resolve this.",Technical Issues,High,Email,Enterprise
TKT-13327,Issue report: Session timeout is too aggressive disconnecting users after only 5 minutes of inactivity [Account Ref: ACCT-193] Please escalate if necessary.,Account Access,Medium,Web Portal,Free Tier
TKT-13328,"Hi, Need a formal proforma invoice before finance department can release wire payment Please escalate if necessary.",Billing & Payments,Medium,In-App Chat,Free Tier
TKT-13329,"Hi, Critical zero-day vulnerability patch required immediately on customer ingress controller Let us know if you need any additional diagnostic logs or screenshots.",Technical Issues,High,Web Portal,Enterprise
TKT-13330,"Good morning, We wish to switch from annual prepayment to monthly billing cycle at the end of term [Environment: Production-881] Could you please verify this on your backend system?",Cancellation & Refunds,Medium,Web Portal,Free Tier
TKT-13331,Attention Support: Can we pause our account for two months during our seasonal business hiatus Please look into this and advise on next steps as soon as possible.,Cancellation & Refunds,Low,Email,SMB
TKT-13332,"Hi there, What is the maximum hard API rate limit per second before enterprise contract deployment tonight Appreciate your prompt attention to this matter.",Product Inquiries,High,Email,Free Tier
TKT-13333,"Hey team, What is the billing cycle date for recurring monthly addon licenses Awaiting your guidance on how to resolve this.",Billing & Payments,Low,Web Portal,Enterprise
TKT-13334,Two factor authentication SMS codes not arriving and recovery emergency codes failing [Client ID: #CLI-414] This is directly impacting our daily business operations.,Account Access,High,In-App Chat,Enterprise
TKT-13335,Issue report: Webhook delivery engine completely stalled queue depth exceeding 500000 events Please escalate if necessary.,Technical Issues,High,In-App Chat,SMB
TKT-13336,Urgent assistance requested: Is there native integration support for Snowflake data warehouse and dbt models This is directly impacting our daily business operations.,Product Inquiries,Medium,Web Portal,Enterprise
TKT-13337,"Hey team, Password reset email link never arrives in user inbox or spam junk folder [Account Ref: ACCT-153] Let us know if you need any additional diagnostic logs or screenshots.",Account Access,Medium,In-App Chat,SMB
TKT-13338,Issue report: Unauthorized upgrade charge applied to billing statement without admin approval Thanks for your assistance.,Billing & Payments,High,Email,Enterprise
TKT-13339,"Hi, Primary REST API endpoint returning 503 Service Unavailable outage affecting all EU users Appreciate your prompt attention to this matter.",Technical Issues,High,Email,SMB
TKT-13340,"Good morning, Corporate credit card charged twice for annual enterprise plan total 4800 dollars reverse charge immediately Please look into this and advise on next steps as soon as possible.",Billing & Payments,High,Web Portal,SMB
TKT-13341,"Good morning, Primary REST API endpoint returning 503 Service Unavailable outage affecting all EU users [Server Instance: US-East-607] Appreciate your prompt attention to this matter.",Technical Issues,High,In-App Chat,Free Tier
TKT-13342,"Greetings, How many days before the renewal date do we need to submit a formal cancellation request",Cancellation & Refunds,Low,Web Portal,Enterprise
TKT-13343,Attention Support: Need to update company billing address and official legal entity name on future receipts We need resolution before our end-of-day sprint deadline.,Billing & Payments,Medium,In-App Chat,SMB
TKT-13344,"Hey team, Need immediate confirmation if enterprise tier complies with HIPAA SOC2 and GDPR requirements for contract signing This is directly impacting our daily business operations.",Product Inquiries,High,In-App Chat,Free Tier
TKT-13345,"Dear Customer Care, Is there an official public RSS feed for platform uptime and release changelogs Let us know if you need any additional diagnostic logs or screenshots.",Technical Issues,Low,Web Portal,Enterprise
TKT-13346,Need to revoke workspace access for former employee and reassign ownership of dashboards [Server Instance: US-East-713] Let us know if you need any additional diagnostic logs or screenshots.,Account Access,Medium,Web Portal,SMB
TKT-13347,"Greetings, Please cancel our monthly recurring addon package before the next billing cycle renews [Environment: Production-796]",Cancellation & Refunds,Medium,Email,Enterprise
TKT-13348,Issue report: API response payload missing custom header metadata in staging environment [Node: k8s-worker-854],Technical Issues,Medium,Web Portal,Enterprise
TKT-13349,Attention Support: Mobile application crashes when toggling push notifications in user settings This is directly impacting our daily business operations.,Technical Issues,Medium,Web Portal,Free Tier
TKT-13350,Attention Support: PDF report generation outputting blank pages for charts with dark mode themes Could you please verify this on your backend system?,Technical Issues,Medium,Web Portal,SMB
TKT-13351,How to configure local development environment using Docker Compose file [Client ID: #CLI-741] Awaiting your guidance on how to resolve this.,Technical Issues,Low,Email,SMB
TKT-13352,"Hello support team, PDF report generation outputting blank pages for charts with dark mode themes [Node: k8s-worker-328] Awaiting your guidance on how to resolve this.",Technical Issues,Medium,Email,Enterprise
TKT-13353,Support request: How do I update my profile avatar picture and display name on the portal [Environment: Production-168] Please look into this and advise on next steps as soon as possible.,Account Access,Low,Email,Free Tier
TKT-13354,"Hi, Where can I find video walkthrough tutorials for onboarding new engineering staff [Node: k8s-worker-362] Appreciate your prompt attention to this matter.",Product Inquiries,Low,Web Portal,SMB
TKT-13355,Issue report: Is there native integration support for Snowflake data warehouse and dbt models [Workspace: WS-391] Let us know if you need any additional diagnostic logs or screenshots.,Product Inquiries,Medium,In-App Chat,Enterprise
TKT-13356,"Hi there, Monthly invoice receipt not being sent to our accounts payable finance email address Please look into this and advise on next steps as soon as possible.",Billing & Payments,Medium,Web Portal,Enterprise
TKT-13357,"Hi there, Suspected account breach: unauthorized password reset email and unknown IP login detected Thanks for your assistance.",Account Access,High,Email,SMB
TKT-13358,"Dear Customer Care, Integration with Jira webhook failing with 401 unauthorized after token rotation Thanks for your assistance.",Technical Issues,Medium,Email,SMB
TKT-13359,Help needed: Can you share recommended best practices for structuring multi-team workspaces [Client ID: #CLI-953] Please look into this and advise on next steps as soon as possible.,Product Inquiries,Low,In-App Chat,SMB
TKT-13360,"Dear Customer Care, Can we pause our account for two months during our seasonal business hiatus Please look into this and advise on next steps as soon as possible.",Cancellation & Refunds,Low,In-App Chat,Enterprise
TKT-13361,Issue report: What is the maximum hard API rate limit per second before enterprise contract deployment tonight Our team has tried restarting but the issue persists.,Product Inquiries,High,Web Portal,Enterprise
TKT-13362,Support request: Corporate credit card charged twice for annual enterprise plan total 4800 dollars reverse charge immediately Thanks for your assistance.,Billing & Payments,High,Email,Enterprise
TKT-13363,Search query indexing delayed by 40 minutes in elasticsearch cluster Could you please verify this on your backend system?,Technical Issues,Medium,Email,Enterprise
TKT-13364,Help needed: Search query indexing delayed by 40 minutes in elasticsearch cluster We need resolution before our end-of-day sprint deadline.,Technical Issues,Medium,In-App Chat,SMB
TKT-13365,Attention Support: Password reset email link never arrives in user inbox or spam junk folder [Workspace: WS-617] Let us know if you need any additional diagnostic logs or screenshots.,Account Access,Medium,Web Portal,Enterprise
TKT-13366,"Good morning, CSV data export times out when file contains more than 10000 rows Our team has tried restarting but the issue persists.",Technical Issues,Medium,Web Portal,Enterprise
TKT-13367,Support request: Where is the setting to enable mandatory two factor authentication for all team members [Environment: Production-171] Awaiting your guidance on how to resolve this.,Account Access,Low,Web Portal,SMB
TKT-13368,"Greetings, How many days before the renewal date do we need to submit a formal cancellation request [Server Instance: US-East-246] Thanks for your assistance.",Cancellation & Refunds,Low,Web Portal,SMB
TKT-13369,Urgent assistance requested: Third party Zapier integration trigger not firing on new lead creation [Client ID: #CLI-519] This is directly impacting our daily business operations.,Technical Issues,Medium,Web Portal,Enterprise
TKT-13370,"Greetings, Corporate credit card charged twice for annual enterprise plan total 4800 dollars reverse charge immediately Our team has tried restarting but the issue persists.",Billing & Payments,High,Email,SMB
TKT-13371,Urgent assistance requested: Enterprise SAML SSO integration broken all company employees unable to sign in [Client ID: #CLI-800] This is directly impacting our daily business operations.,Account Access,High,Web Portal,SMB
TKT-13372,"Hello support team, Service uptime breached SLA contract below 95 percent demanding contract cancellation and full penalty refund [Client ID: #CLI-933] Let us know if you need any additional diagnostic logs or screenshots.",Cancellation & Refunds,High,Web Portal,Free Tier
TKT-13373,Regarding our account: Requesting dark mode theme support for the desktop application client [Server Instance: US-East-880] Please escalate if necessary.,Technical Issues,Low,Email,SMB
TKT-13374,"Greetings, Need to update company billing address and official legal entity name on future receipts [Node: k8s-worker-943] Thanks for your assistance.",Billing & Payments,Medium,Web Portal,Free Tier
TKT-13375,"Greetings, What native database connectors are supported for the real-time analytics pipeline",Product Inquiries,Medium,Email,Enterprise
TKT-13376,"Greetings, Session timeout is too aggressive disconnecting users after only 5 minutes of inactivity Let us know if you need any additional diagnostic logs or screenshots.",Account Access,Medium,Email,SMB
TKT-13377,Urgent assistance requested: Critical: tax invoice missing mandatory VAT GST identification number audit deadline today,Billing & Payments,High,Email,SMB
TKT-13378,Help needed: Can one user account belong to multiple independent organizational workspaces Thanks for your assistance.,Account Access,Low,Web Portal,SMB
TKT-13379,Issue report: Enterprise SAML SSO integration broken all company employees unable to sign in This is directly impacting our daily business operations.,Account Access,High,Web Portal,SMB
TKT-13380,"Dear Customer Care, Do you have a public product roadmap for upcoming Q4 feature releases This is directly impacting our daily business operations.",Product Inquiries,Low,Web Portal,Free Tier
TKT-13381,"Hi, Session timeout is too aggressive disconnecting users after only 5 minutes of inactivity We need resolution before our end-of-day sprint deadline.",Account Access,Medium,Email,Enterprise
TKT-13382,Service uptime breached SLA contract below 95 percent demanding contract cancellation and full penalty refund,Cancellation & Refunds,High,Web Portal,Free Tier
TKT-13383,Attention Support: How to change email notification preferences for weekly activity digests Let us know if you need any additional diagnostic logs or screenshots.,Account Access,Low,Email,SMB
TKT-13384,Urgent assistance requested: Data residency question: can our customer database be hosted exclusively in Frankfurt EU region,Product Inquiries,High,Email,Enterprise
TKT-13385,"Hi, How to generate new personal API access tokens from profile settings tab [Node: k8s-worker-295] We need resolution before our end-of-day sprint deadline.",Account Access,Low,Web Portal,SMB
TKT-13386,"Good morning, Where can I access the OpenAPI Swagger documentation and Postman collections",Product Inquiries,Low,In-App Chat,SMB
TKT-13387,Help needed: Data synchronization pipeline halted midway corrupted Kafka consumer offset Thanks for your assistance.,Technical Issues,High,Web Portal,Enterprise
TKT-13388,Urgent assistance requested: Primary administrator deleted by mistake restore account privileges and access immediately [Environment: Production-244],Account Access,High,Web Portal,Enterprise
TKT-13389,"Hi there, What native database connectors are supported for the real-time analytics pipeline Thanks for your assistance.",Product Inquiries,Medium,Web Portal,Free Tier
TKT-13390,Spelling typo noticed in confirmation tooltip under advanced security settings Please escalate if necessary.,Technical Issues,Low,Email,Enterprise
TKT-13391,"Good morning, Can one user account belong to multiple independent organizational workspaces Appreciate your prompt attention to this matter.",Account Access,Low,Web Portal,Free Tier
TKT-13392,"Dear Customer Care, SSL TLS certificate expired on production load balancer customers seeing security warning [Server Instance: US-East-495] Awaiting your guidance on how to resolve this.",Technical Issues,High,Web Portal,Free Tier
TKT-13393,Support request: API response payload missing custom header metadata in staging environment [Node: k8s-worker-796] Our team has tried restarting but the issue persists.,Technical Issues,Medium,Email,Free Tier
TKT-13394,Regarding our account: Where is the account cancellation button located inside the workspace settings panel Our team has tried restarting but the issue persists.,Cancellation & Refunds,Low,In-App Chat,SMB
TKT-13395,Regarding our account: Where is the account cancellation button located inside the workspace settings panel [Workspace: WS-579] We need resolution before our end-of-day sprint deadline.,Cancellation & Refunds,Low,Web Portal,SMB
TKT-13396,Cannot update primary email address in profile settings page throws permission denied error Our team has tried restarting but the issue persists.,Account Access,Medium,Web Portal,SMB
TKT-13397,Urgent assistance requested: Onboarding failed completely platform unusable cancel contract and refund all fees immediately Please escalate if necessary.,Cancellation & Refunds,High,Email,SMB
TKT-13398,"Hi, Where is the account cancellation button located inside the workspace settings panel",Cancellation & Refunds,Low,Email,SMB
TKT-13399,Regarding our account: CSV data export times out when file contains more than 10000 rows [Client ID: #CLI-982] Please look into this and advise on next steps as soon as possible.,Technical Issues,Medium,Email,Free Tier
TKT-13400,Urgent assistance requested: Need immediate confirmation if enterprise tier complies with HIPAA SOC2 and GDPR requirements for contract signing [Workspace: WS-307] Please look into this and advise on next steps as soon as possible.,Product Inquiries,High,Email,SMB
TKT-13401,"Good morning, Primary REST API endpoint returning 503 Service Unavailable outage affecting all EU users Could you please verify this on your backend system?",Technical Issues,High,Web Portal,Free Tier
TKT-13402,"Greetings, Search query indexing delayed by 40 minutes in elasticsearch cluster Appreciate your prompt attention to this matter.",Technical Issues,Medium,In-App Chat,SMB
TKT-13403,Help needed: GraphQL mutation returns intermittent schema validation error on batch updates Appreciate your prompt attention to this matter.,Technical Issues,Medium,Web Portal,Enterprise
TKT-13404,"Hey team, Mobile application crashes when toggling push notifications in user settings Please look into this and advise on next steps as soon as possible.",Technical Issues,Medium,Web Portal,SMB
TKT-13405,"Dear Customer Care, Does the platform support automated CSV export via scheduled SFTP server connector Our team has tried restarting but the issue persists.",Product Inquiries,Medium,In-App Chat,SMB
TKT-13406,"Dear Customer Care, What is the billing cycle date for recurring monthly addon licenses Thanks for your assistance.",Billing & Payments,Low,Web Portal,Enterprise
TKT-13407,Issue report: Invited team member receives invalid invitation token error when clicking registration link Could you please verify this on your backend system?,Account Access,Medium,Email,Free Tier
TKT-13408,"Hi there, How to change default payment method from corporate Amex to ACH direct debit",Billing & Payments,Medium,Email,Free Tier
TKT-13409,"Hi there, Can you share recommended best practices for structuring multi-team workspaces [Environment: Production-584] This is directly impacting our daily business operations.",Product Inquiries,Low,Web Portal,SMB
TKT-13410,Help needed: SSL TLS certificate expired on production load balancer customers seeing security warning Our team has tried restarting but the issue persists.,Technical Issues,High,In-App Chat,Enterprise
TKT-13411,Issue report: Legal notice: disputed recurring charge with bank process immediate cancellation and refund Appreciate your prompt attention to this matter.,Cancellation & Refunds,High,Email,Enterprise
TKT-13412,Help needed: Account erroneously suspended for non-payment despite valid wire transfer confirmation number This is directly impacting our daily business operations.,Billing & Payments,High,Email,SMB
TKT-13413,"Greetings, Okta single sign-on redirect loop preventing executive team from accessing platform Appreciate your prompt attention to this matter.",Account Access,High,Web Portal,Enterprise
TKT-13414,Urgent assistance requested: Will our annual subscription automatically renew at the end of this billing cycle [Account Ref: ACCT-407] Please look into this and advise on next steps as soon as possible.,Billing & Payments,Low,In-App Chat,Enterprise
TKT-13415,Attention Support: How to generate new personal API access tokens from profile settings tab [Node: k8s-worker-301] Our team has tried restarting but the issue persists.,Account Access,Low,Web Portal,SMB
TKT-13416,Urgent assistance requested: Okta single sign-on redirect loop preventing executive team from accessing platform Could you please verify this on your backend system?,Account Access,High,Web Portal,Enterprise
TKT-13417,Urgent assistance requested: Organization admin locked out completely root credentials MFA authenticator lost urgent access required Please escalate if necessary.,Account Access,High,Web Portal,SMB
TKT-13418,"Hello support team, Automated cron job failed to execute database backup backup disk volume full Please escalate if necessary.",Technical Issues,High,In-App Chat,Enterprise
TKT-13419,"Dear Customer Care, Invited team member receives invalid invitation token error when clicking registration link Appreciate your prompt attention to this matter.",Account Access,Medium,Email,SMB
TKT-13420,"Hi, How to configure local development environment using Docker Compose file Could you please verify this on your backend system?",Technical Issues,Low,Web Portal,Free Tier
TKT-13421,Help needed: Where can I download past PDF invoices from the billing management console Appreciate your prompt attention to this matter.,Billing & Payments,Low,Email,Free Tier
TKT-13422,Support request: Need to update company billing address and official legal entity name on future receipts We need resolution before our end-of-day sprint deadline.,Billing & Payments,Medium,Email,Free Tier
TKT-13423,Help needed: Customer requesting partial refund for 10 unused seat licenses from previous quarter [Workspace: WS-867] Let us know if you need any additional diagnostic logs or screenshots.,Cancellation & Refunds,Medium,Email,Enterprise
TKT-13424,Help needed: Okta single sign-on redirect loop preventing executive team from accessing platform [Account Ref: ACCT-132],Account Access,High,Web Portal,Free Tier
TKT-13425,WebSocket connection randomly disconnects every 15 minutes on Firefox browser [Account Ref: ACCT-119] Please escalate if necessary.,Technical Issues,Medium,Email,Enterprise
TKT-13426,Attention Support: Requesting dark mode theme support for the desktop application client This is directly impacting our daily business operations.,Technical Issues,Low,In-App Chat,Enterprise
TKT-13427,Issue report: Mobile application crashes when toggling push notifications in user settings [Account Ref: ACCT-974] Let us know if you need any additional diagnostic logs or screenshots.,Technical Issues,Medium,Email,Enterprise
TKT-13428,Attention Support: PDF report generation outputting blank pages for charts with dark mode themes [Workspace: WS-836] Appreciate your prompt attention to this matter.,Technical Issues,Medium,In-App Chat,SMB
TKT-13429,"Hi, Can our enterprise pay via annual purchase order and bank check instead of credit card We need resolution before our end-of-day sprint deadline.",Billing & Payments,Low,Email,SMB
TKT-13430,"Hi there, Where is the setting to enable mandatory two factor authentication for all team members Awaiting your guidance on how to resolve this.",Account Access,Low,Email,Free Tier
TKT-13431,Regarding our account: How do I update my profile avatar picture and display name on the portal,Account Access,Low,Web Portal,SMB
TKT-13432,"Hi, Can we set up custom role-based access permissions for external contractor accounts [Server Instance: US-East-925] Please look into this and advise on next steps as soon as possible.",Product Inquiries,Medium,Email,Enterprise
TKT-13433,"Good morning, Need immediate confirmation if enterprise tier complies with HIPAA SOC2 and GDPR requirements for contract signing [Client ID: #CLI-257] Please look into this and advise on next steps as soon as possible.",Product Inquiries,High,Email,SMB
TKT-13434,Regarding our account: API response payload missing custom header metadata in staging environment We need resolution before our end-of-day sprint deadline.,Technical Issues,Medium,Web Portal,SMB
TKT-13435,"Hello support team, Payment gateway timeout during checkout funds deducted from bank but subscription marked unpaid This is directly impacting our daily business operations.",Billing & Payments,High,In-App Chat,Enterprise
TKT-13436,Need to revoke workspace access for former employee and reassign ownership of dashboards [Account Ref: ACCT-741] Please escalate if necessary.,Account Access,Medium,Email,SMB
TKT-13437,Help needed: Is it possible to customize the login screen with our corporate company logo,Account Access,Low,Email,Enterprise
TKT-13438,Support request: User cannot switch between multiple linked organization accounts from dropdown menu Please look into this and advise on next steps as soon as possible.,Account Access,Medium,Web Portal,SMB
TKT-13439,Issue report: Need to update company billing address and official legal entity name on future receipts [Node: k8s-worker-183] Our team has tried restarting but the issue persists.,Billing & Payments,Medium,Email,SMB
TKT-13440,"Hi there, Account erroneously suspended for non-payment despite valid wire transfer confirmation number [Node: k8s-worker-338] Please look into this and advise on next steps as soon as possible.",Billing & Payments,High,Email,SMB
TKT-13441,"Hello support team, Which international currencies and payment cards does your platform support Please look into this and advise on next steps as soon as possible.",Billing & Payments,Low,Email,SMB
TKT-13442,Help needed: How to change default payment method from corporate Amex to ACH direct debit We need resolution before our end-of-day sprint deadline.,Billing & Payments,Medium,Email,Enterprise
TKT-13443,"Greetings, Automated cron job failed to execute database backup backup disk volume full Our team has tried restarting but the issue persists.",Technical Issues,High,Email,Free Tier
TKT-13444,"Dear Customer Care, Is there a free trial period available for testing the advanced analytics add-on module [Account Ref: ACCT-689] We need resolution before our end-of-day sprint deadline.",Product Inquiries,Low,In-App Chat,SMB
TKT-13445,Issue report: Urgent pre-sales technical requirement: does your SDK support Python 3.12 in high throughput production Please look into this and advise on next steps as soon as possible.,Product Inquiries,High,Web Portal,Enterprise
TKT-13446,"Good morning, Organization admin locked out completely root credentials MFA authenticator lost urgent access required Our team has tried restarting but the issue persists.",Account Access,High,Web Portal,SMB
TKT-13447,"Hey team, API response payload missing custom header metadata in staging environment Please escalate if necessary.",Technical Issues,Medium,Email,Enterprise
TKT-13448,"Hey team, How to generate new personal API access tokens from profile settings tab We need resolution before our end-of-day sprint deadline.",Account Access,Low,In-App Chat,Free Tier
TKT-13449,Issue report: Need a formal proforma invoice before finance department can release wire payment We need resolution before our end-of-day sprint deadline.,Billing & Payments,Medium,Web Portal,Enterprise
TKT-13450,"Hey team, Mobile application crashes when toggling push notifications in user settings [Client ID: #CLI-605] Our team has tried restarting but the issue persists.",Technical Issues,Medium,In-App Chat,SMB
TKT-13451,Issue report: Need to revoke workspace access for former employee and reassign ownership of dashboards This is directly impacting our daily business operations.,Account Access,Medium,Web Portal,Free Tier
TKT-13452,"Hi there, Currency conversion charge unexpectedly added to our USD billing statement",Billing & Payments,Medium,Web Portal,Enterprise
TKT-13453,"Hello support team, Inquiry regarding non-profit and educational discount pricing eligibility [Account Ref: ACCT-889]",Billing & Payments,Low,Web Portal,Enterprise
TKT-13454,Issue report: Is there an official public RSS feed for platform uptime and release changelogs,Technical Issues,Low,Email,SMB
TKT-13455,"Greetings, Will our annual subscription automatically renew at the end of this billing cycle Could you please verify this on your backend system?",Billing & Payments,Low,Email,Free Tier
TKT-13456,Help needed: Can we configure custom HTTP authorization headers on outgoing webhook payloads Appreciate your prompt attention to this matter.,Product Inquiries,Medium,Web Portal,Free Tier
TKT-13457,Urgent assistance requested: Onboarding failed completely platform unusable cancel contract and refund all fees immediately [Environment: Production-420] Awaiting your guidance on how to resolve this.,Cancellation & Refunds,High,Web Portal,Free Tier
TKT-13458,Issue report: Can we customize the default font size in the rich text markdown editor [Server Instance: US-East-143] We need resolution before our end-of-day sprint deadline.,Technical Issues,Low,Web Portal,Enterprise
TKT-13459,Attention Support: Data synchronization pipeline halted midway corrupted Kafka consumer offset Awaiting your guidance on how to resolve this.,Technical Issues,High,Web Portal,SMB
TKT-13460,Regarding our account: Where is the setting to enable mandatory two factor authentication for all team members Let us know if you need any additional diagnostic logs or screenshots.,Account Access,Low,Web Portal,SMB
TKT-13461,Help needed: Invited team member receives invalid invitation token error when clicking registration link [Environment: Production-529] Our team has tried restarting but the issue persists.,Account Access,Medium,Email,Enterprise
TKT-13462,Production Kubernetes cluster pods crashing in CrashLoopBackOff with OOMKilled errors Our team has tried restarting but the issue persists.,Technical Issues,High,Web Portal,SMB
TKT-13463,Requesting dark mode theme support for the desktop application client [Workspace: WS-114],Technical Issues,Low,In-App Chat,Free Tier
TKT-13464,"Greetings, Account erroneously suspended for non-payment despite valid wire transfer confirmation number [Client ID: #CLI-500] Our team has tried restarting but the issue persists.",Billing & Payments,High,Email,Free Tier
TKT-13465,"Dear Customer Care, What native database connectors are supported for the real-time analytics pipeline [Client ID: #CLI-609] Could you please verify this on your backend system?",Product Inquiries,Medium,Email,Enterprise
TKT-13466,"Dear Customer Care, Requesting dark mode theme support for the desktop application client Could you please verify this on your backend system?",Technical Issues,Low,Web Portal,Free Tier
TKT-13467,"Hey team, Can we customize the default font size in the rich text markdown editor [Account Ref: ACCT-841] We need resolution before our end-of-day sprint deadline.",Technical Issues,Low,Web Portal,Free Tier
TKT-13468,Attention Support: Can you share recommended best practices for structuring multi-team workspaces Let us know if you need any additional diagnostic logs or screenshots.,Product Inquiries,Low,Web Portal,Free Tier
TKT-13469,Help needed: Primary REST API endpoint returning 503 Service Unavailable outage affecting all EU users [Client ID: #CLI-168],Technical Issues,High,Web Portal,Free Tier
TKT-13470,Issue report: How to update billing email recipient list for monthly summary digests Awaiting your guidance on how to resolve this.,Billing & Payments,Low,Email,Enterprise
TKT-13471,"Good morning, Service uptime breached SLA contract below 95 percent demanding contract cancellation and full penalty refund Thanks for your assistance.",Cancellation & Refunds,High,In-App Chat,SMB
TKT-13472,Attention Support: How to change default payment method from corporate Amex to ACH direct debit [Workspace: WS-746] Awaiting your guidance on how to resolve this.,Billing & Payments,Medium,Web Portal,SMB
TKT-13473,Urgent assistance requested: Primary REST API endpoint returning 503 Service Unavailable outage affecting all EU users [Account Ref: ACCT-539],Technical Issues,High,Web Portal,SMB
TKT-13474,"Hi there, How many concurrent API requests are permitted on the standard developer tier plan [Workspace: WS-449] Please escalate if necessary.",Product Inquiries,Medium,In-App Chat,SMB
TKT-13475,"Hi there, Requesting payment receipt for the previous quarterly subscription cycle This is directly impacting our daily business operations.",Billing & Payments,Medium,Web Portal,Free Tier
TKT-13476,"Good morning, What native database connectors are supported for the real-time analytics pipeline We need resolution before our end-of-day sprint deadline.",Product Inquiries,Medium,Email,Enterprise
TKT-13477,Severe memory leak in backend microservice causing Redis node failovers Appreciate your prompt attention to this matter.,Technical Issues,High,Email,SMB
TKT-13478,Regarding our account: What is the maximum hard API rate limit per second before enterprise contract deployment tonight Could you please verify this on your backend system?,Product Inquiries,High,Email,SMB
TKT-13479,Regarding our account: API response payload missing custom header metadata in staging environment Appreciate your prompt attention to this matter.,Technical Issues,Medium,Web Portal,Enterprise
TKT-13480,Issue report: Severe memory leak in backend microservice causing Redis node failovers Please escalate if necessary.,Technical Issues,High,Web Portal,Enterprise
TKT-13481,Help needed: Integration with Jira webhook failing with 401 unauthorized after token rotation Please escalate if necessary.,Technical Issues,Medium,Email,SMB
TKT-13482,"Hi, Need immediate confirmation if enterprise tier complies with HIPAA SOC2 and GDPR requirements for contract signing Awaiting your guidance on how to resolve this.",Product Inquiries,High,Web Portal,Enterprise
TKT-13483,"Hey team, Session timeout is too aggressive disconnecting users after only 5 minutes of inactivity Please look into this and advise on next steps as soon as possible.",Account Access,Medium,In-App Chat,Free Tier
TKT-13484,Regarding our account: How to change default payment method from corporate Amex to ACH direct debit Could you please verify this on your backend system?,Billing & Payments,Medium,Web Portal,Enterprise
TKT-13485,Data synchronization pipeline halted midway corrupted Kafka consumer offset This is directly impacting our daily business operations.,Technical Issues,High,Web Portal,Enterprise
TKT-13486,Support request: Which international currencies and payment cards does your platform support [Account Ref: ACCT-594] This is directly impacting our daily business operations.,Billing & Payments,Low,Email,Free Tier
TKT-13487,Urgent assistance requested: Bank merchant account blocked our checkout payments requesting emergency gateway switch Please escalate if necessary.,Billing & Payments,High,Web Portal,Free Tier
TKT-13488,Service uptime breached SLA contract below 95 percent demanding contract cancellation and full penalty refund [Account Ref: ACCT-719],Cancellation & Refunds,High,Web Portal,SMB
TKT-13489,"Hey team, CSV data export times out when file contains more than 10000 rows This is directly impacting our daily business operations.",Technical Issues,Medium,Web Portal,SMB
TKT-13490,"Hi, Integration with Jira webhook failing with 401 unauthorized after token rotation [Environment: Production-533] Thanks for your assistance.",Technical Issues,Medium,Web Portal,SMB
TKT-13491,We wish to switch from annual prepayment to monthly billing cycle at the end of term [Server Instance: US-East-247] This is directly impacting our daily business operations.,Cancellation & Refunds,Medium,In-App Chat,Free Tier
TKT-13492,"Hello support team, If we cancel our subscription do we retain read-only access to historical dashboard data This is directly impacting our daily business operations.",Cancellation & Refunds,Low,Email,Free Tier
TKT-13493,"Hi there, PDF report generation outputting blank pages for charts with dark mode themes Appreciate your prompt attention to this matter.",Technical Issues,Medium,In-App Chat,SMB
TKT-13494,Help needed: How many days before the renewal date do we need to submit a formal cancellation request,Cancellation & Refunds,Low,In-App Chat,SMB
TKT-13495,"Greetings, Does the platform support automated CSV export via scheduled SFTP server connector Awaiting your guidance on how to resolve this.",Product Inquiries,Medium,In-App Chat,Free Tier
TKT-13496,"Hey team, What are the architectural differences between Business and Enterprise subscription plans [Node: k8s-worker-721] Awaiting your guidance on how to resolve this.",Product Inquiries,Medium,Web Portal,Enterprise
TKT-13497,"Hey team, How do we export all our workspace data and audit logs before terminating our company account Our team has tried restarting but the issue persists.",Cancellation & Refunds,Medium,Web Portal,Enterprise
TKT-13498,"Hello support team, Do you have a public product roadmap for upcoming Q4 feature releases [Workspace: WS-665] Please look into this and advise on next steps as soon as possible.",Product Inquiries,Low,Email,SMB
TKT-13499,Urgent assistance requested: Requesting payment receipt for the previous quarterly subscription cycle [Node: k8s-worker-484] Our team has tried restarting but the issue persists.,Billing & Payments,Medium,Web Portal,Free Tier
TKT-13500,Attention Support: Need a formal proforma invoice before finance department can release wire payment [Client ID: #CLI-759] Our team has tried restarting but the issue persists.,Billing & Payments,Medium,In-App Chat,Enterprise
